-- MySQL dump 10.13  Distrib 5.7.17, for macos10.12 (x86_64)
--
-- Host: localhost    Database: Peregrine_Falcon
-- ------------------------------------------------------
-- Server version	5.7.17

/*!40101 SET @OLD_CHARACTER_SET_CLIENT=@@CHARACTER_SET_CLIENT */;
/*!40101 SET @OLD_CHARACTER_SET_RESULTS=@@CHARACTER_SET_RESULTS */;
/*!40101 SET @OLD_COLLATION_CONNECTION=@@COLLATION_CONNECTION */;
/*!40101 SET NAMES utf8 */;
/*!40103 SET @OLD_TIME_ZONE=@@TIME_ZONE */;
/*!40103 SET TIME_ZONE='+00:00' */;
/*!40014 SET @OLD_UNIQUE_CHECKS=@@UNIQUE_CHECKS, UNIQUE_CHECKS=0 */;
/*!40014 SET @OLD_FOREIGN_KEY_CHECKS=@@FOREIGN_KEY_CHECKS, FOREIGN_KEY_CHECKS=0 */;
/*!40101 SET @OLD_SQL_MODE=@@SQL_MODE, SQL_MODE='NO_AUTO_VALUE_ON_ZERO' */;
/*!40111 SET @OLD_SQL_NOTES=@@SQL_NOTES, SQL_NOTES=0 */;

--
-- Table structure for table `auth_group`
--

DROP TABLE IF EXISTS `auth_group`;
/*!40101 SET @saved_cs_client     = @@character_set_client */;
/*!40101 SET character_set_client = utf8 */;
CREATE TABLE `auth_group` (
  `id` int(11) NOT NULL AUTO_INCREMENT,
  `name` varchar(150) NOT NULL,
  PRIMARY KEY (`id`),
  UNIQUE KEY `name` (`name`)
) ENGINE=InnoDB AUTO_INCREMENT=4 DEFAULT CHARSET=latin1;
/*!40101 SET character_set_client = @saved_cs_client */;

--
-- Dumping data for table `auth_group`
--

LOCK TABLES `auth_group` WRITE;
/*!40000 ALTER TABLE `auth_group` DISABLE KEYS */;
INSERT INTO `auth_group` VALUES (1,'admin'),(2,'airline'),(3,'customer');
/*!40000 ALTER TABLE `auth_group` ENABLE KEYS */;
UNLOCK TABLES;

--
-- Table structure for table `auth_group_permissions`
--

DROP TABLE IF EXISTS `auth_group_permissions`;
/*!40101 SET @saved_cs_client     = @@character_set_client */;
/*!40101 SET character_set_client = utf8 */;
CREATE TABLE `auth_group_permissions` (
  `id` bigint(20) NOT NULL AUTO_INCREMENT,
  `group_id` int(11) NOT NULL,
  `permission_id` int(11) NOT NULL,
  PRIMARY KEY (`id`),
  UNIQUE KEY `auth_group_permissions_group_id_permission_id_0cd325b0_uniq` (`group_id`,`permission_id`),
  KEY `auth_group_permissio_permission_id_84c5c92e_fk_auth_perm` (`permission_id`),
  CONSTRAINT `auth_group_permissio_permission_id_84c5c92e_fk_auth_perm` FOREIGN KEY (`permission_id`) REFERENCES `auth_permission` (`id`),
  CONSTRAINT `auth_group_permissions_group_id_b120cbf9_fk_auth_group_id` FOREIGN KEY (`group_id`) REFERENCES `auth_group` (`id`)
) ENGINE=InnoDB AUTO_INCREMENT=57 DEFAULT CHARSET=latin1;
/*!40101 SET character_set_client = @saved_cs_client */;

--
-- Dumping data for table `auth_group_permissions`
--

LOCK TABLES `auth_group_permissions` WRITE;
/*!40000 ALTER TABLE `auth_group_permissions` DISABLE KEYS */;
INSERT INTO `auth_group_permissions` VALUES (1,1,1),(2,1,2),(3,1,3),(4,1,4),(5,1,5),(6,1,6),(7,1,7),(8,1,8),(9,1,9),(10,1,10),(11,1,11),(12,1,12),(13,1,13),(14,1,14),(15,1,15),(16,1,16),(17,1,17),(18,1,18),(19,1,19),(20,1,20),(21,1,21),(22,1,22),(23,1,23),(24,1,24),(25,1,25),(26,1,26),(27,1,27),(28,1,28),(29,1,29),(30,1,30),(31,1,31),(32,1,32),(33,1,33),(34,1,35),(35,1,36),(36,1,40),(37,1,44),(38,1,45),(39,1,46),(40,1,47),(41,1,48),(47,2,26),(48,2,28),(42,2,32),(43,2,37),(44,2,38),(45,2,39),(46,2,40),(56,3,28),(49,3,34),(50,3,36),(51,3,40),(52,3,41),(53,3,42),(54,3,43),(55,3,44);
/*!40000 ALTER TABLE `auth_group_permissions` ENABLE KEYS */;
UNLOCK TABLES;

--
-- Table structure for table `auth_permission`
--

DROP TABLE IF EXISTS `auth_permission`;
/*!40101 SET @saved_cs_client     = @@character_set_client */;
/*!40101 SET character_set_client = utf8 */;
CREATE TABLE `auth_permission` (
  `id` int(11) NOT NULL AUTO_INCREMENT,
  `name` varchar(255) NOT NULL,
  `content_type_id` int(11) NOT NULL,
  `codename` varchar(100) NOT NULL,
  PRIMARY KEY (`id`),
  UNIQUE KEY `auth_permission_content_type_id_codename_01ab375a_uniq` (`content_type_id`,`codename`),
  CONSTRAINT `auth_permission_content_type_id_2f476e4b_fk_django_co` FOREIGN KEY (`content_type_id`) REFERENCES `django_content_type` (`id`)
) ENGINE=InnoDB AUTO_INCREMENT=69 DEFAULT CHARSET=latin1;
/*!40101 SET character_set_client = @saved_cs_client */;

--
-- Dumping data for table `auth_permission`
--

LOCK TABLES `auth_permission` WRITE;
/*!40000 ALTER TABLE `auth_permission` DISABLE KEYS */;
INSERT INTO `auth_permission` VALUES (1,'Can add log entry',1,'add_logentry'),(2,'Can change log entry',1,'change_logentry'),(3,'Can delete log entry',1,'delete_logentry'),(4,'Can view log entry',1,'view_logentry'),(5,'Can add permission',2,'add_permission'),(6,'Can change permission',2,'change_permission'),(7,'Can delete permission',2,'delete_permission'),(8,'Can view permission',2,'view_permission'),(9,'Can add group',3,'add_group'),(10,'Can change group',3,'change_group'),(11,'Can delete group',3,'delete_group'),(12,'Can view group',3,'view_group'),(13,'Can add user',4,'add_user'),(14,'Can change user',4,'change_user'),(15,'Can delete user',4,'delete_user'),(16,'Can view user',4,'view_user'),(17,'Can add content type',5,'add_contenttype'),(18,'Can change content type',5,'change_contenttype'),(19,'Can delete content type',5,'delete_contenttype'),(20,'Can view content type',5,'view_contenttype'),(21,'Can add session',6,'add_session'),(22,'Can change session',6,'change_session'),(23,'Can delete session',6,'delete_session'),(24,'Can view session',6,'view_session'),(25,'Can add airline company',7,'add_airlinecompany'),(26,'Can change airline company',7,'change_airlinecompany'),(27,'Can delete airline company',7,'delete_airlinecompany'),(28,'Can view airline company',7,'view_airlinecompany'),(29,'Can add country',8,'add_country'),(30,'Can change country',8,'change_country'),(31,'Can delete country',8,'delete_country'),(32,'Can view country',8,'view_country'),(33,'Can add customer',9,'add_customer'),(34,'Can change customer',9,'change_customer'),(35,'Can delete customer',9,'delete_customer'),(36,'Can view customer',9,'view_customer'),(37,'Can add flight',10,'add_flight'),(38,'Can change flight',10,'change_flight'),(39,'Can delete flight',10,'delete_flight'),(40,'Can view flight',10,'view_flight'),(41,'Can add ticket',11,'add_ticket'),(42,'Can change ticket',11,'change_ticket'),(43,'Can delete ticket',11,'delete_ticket'),(44,'Can view ticket',11,'view_ticket'),(45,'Can add administrator',12,'add_administrator'),(46,'Can change administrator',12,'change_administrator'),(47,'Can delete administrator',12,'delete_administrator'),(48,'Can view administrator',12,'view_administrator'),(49,'Can add auth token',13,'add_authtoken'),(50,'Can change auth token',13,'change_authtoken'),(51,'Can delete auth token',13,'delete_authtoken'),(52,'Can view auth token',13,'view_authtoken'),(53,'Can add Token',14,'add_token'),(54,'Can change Token',14,'change_token'),(55,'Can delete Token',14,'delete_token'),(56,'Can view Token',14,'view_token'),(57,'Can add token',15,'add_tokenproxy'),(58,'Can change token',15,'change_tokenproxy'),(59,'Can delete token',15,'delete_tokenproxy'),(60,'Can view token',15,'view_tokenproxy'),(61,'Can add blacklisted token',16,'add_blacklistedtoken'),(62,'Can change blacklisted token',16,'change_blacklistedtoken'),(63,'Can delete blacklisted token',16,'delete_blacklistedtoken'),(64,'Can view blacklisted token',16,'view_blacklistedtoken'),(65,'Can add outstanding token',17,'add_outstandingtoken'),(66,'Can change outstanding token',17,'change_outstandingtoken'),(67,'Can delete outstanding token',17,'delete_outstandingtoken'),(68,'Can view outstanding token',17,'view_outstandingtoken');
/*!40000 ALTER TABLE `auth_permission` ENABLE KEYS */;
UNLOCK TABLES;

--
-- Table structure for table `auth_user`
--

DROP TABLE IF EXISTS `auth_user`;
/*!40101 SET @saved_cs_client     = @@character_set_client */;
/*!40101 SET character_set_client = utf8 */;
CREATE TABLE `auth_user` (
  `id` int(11) NOT NULL AUTO_INCREMENT,
  `password` varchar(128) NOT NULL,
  `last_login` datetime(6) DEFAULT NULL,
  `is_superuser` tinyint(1) NOT NULL,
  `username` varchar(150) NOT NULL,
  `first_name` varchar(150) NOT NULL,
  `last_name` varchar(150) NOT NULL,
  `email` varchar(254) NOT NULL,
  `is_staff` tinyint(1) NOT NULL,
  `is_active` tinyint(1) NOT NULL,
  `date_joined` datetime(6) NOT NULL,
  PRIMARY KEY (`id`),
  UNIQUE KEY `username` (`username`)
) ENGINE=InnoDB AUTO_INCREMENT=354 DEFAULT CHARSET=latin1;
/*!40101 SET character_set_client = @saved_cs_client */;

--
-- Dumping data for table `auth_user`
--

LOCK TABLES `auth_user` WRITE;
/*!40000 ALTER TABLE `auth_user` DISABLE KEYS */;
INSERT INTO `auth_user` VALUES (1,'pbkdf2_sha256$390000$IkZlHasAxLz63Xf9Uj0NHs$ltOtnobq1/RKIBsrQtUyp1W9zN7rq6wYJsR/f5SYpEI=','2023-04-29 10:13:51.284219',1,'RawiMousa','','','rawi.mousa@gmail.com',1,1,'2023-02-24 12:46:29.000000'),(68,'pbkdf2_sha256$390000$sr8sncElmt8hKuArZsEKrk$D653oV7wAlaFILQgeya52A0RkXHGhxAaf166zgO6Agw=','2023-04-28 16:07:56.945910',0,'wizzair1989','','','wizzair@gmail.com',0,1,'2023-02-28 17:06:03.000000'),(74,'pbkdf2_sha256$390000$Nlo9jhYBGtuk1oGQDK0GBY$qMPXbjt8j9aox5K/XT4g1imB/b47vuqX2ISRkbTazgw=','2023-04-20 17:41:47.737010',0,'BritishAirways','','','BritishAirways@gmail.com',0,1,'2023-03-08 06:54:44.809213'),(77,'pbkdf2_sha256$390000$lcWYzSR6O25yXoEPZP7Ypz$xmRZr2e/Nj4wvgMdSBFsErcc/OavGC8/BFgDWcja2Yc=','2023-03-08 10:41:20.355428',1,'Sally','','','sally@gmail.com',1,1,'2023-03-08 08:20:06.061437'),(78,'pbkdf2_sha256$390000$HTtYOdcZdjIvjesusQjVYN$CrNvyNGkZo/avaGu3XGnGtEUQQ3UubbTsQzp2Cdhtvo=','2023-04-24 17:47:59.406521',0,'lufthansa1989','','','lufthansa@gmail.com',0,1,'2023-03-08 10:24:42.073474'),(99,'pbkdf2_sha256$390000$CHp6jsmDL60wKvMYdWrgGk$rzfZ9rOKv2ML81vqQE9ZuKvlBsbL79OB429cBU5vTDs=',NULL,0,'johnnyb','','','john.baker@example.com',0,1,'2023-03-19 16:40:40.307012'),(101,'pbkdf2_sha256$390000$iLJILLBES7TsQmXxs17Yql$NT0wymRwU0d77/CXVDVyrdyVp5Rfs4b0qEhQkcSwjOg=',NULL,0,'emily88','','','emily.baker@example.com',0,1,'2023-03-19 16:46:27.800617'),(102,'pbkdf2_sha256$390000$JgmReJncoTzONUxjpKuSWh$QJpk/bnGJ7t13/9FN2QgoP0MunBqpwylyQMfk4RtWSk=',NULL,0,'michael74','','','michael.simpson@example.com',0,1,'2023-03-19 16:47:05.392110'),(125,'pbkdf2_sha256$390000$PIm1qOh7e5iLufkjPltOXT$ByG2DE0Oyj/eVxWl5PaBXgJ19RdfQL4G0LJikegjs5M=',NULL,0,'janeh234456','','','jane.harris@example.com',0,1,'2023-03-21 09:48:48.537593'),(142,'pbkdf2_sha256$390000$4jfYiVESv9klndxhW0n0g2$GyvAJSuTre4A4HPK6ID9OLctI6d7b1B0HBGQBdb9Y5c=','2023-04-20 17:41:31.061721',0,'airfrance1933','','','airfrance@gmail.com',0,1,'2023-03-22 16:39:26.874784'),(143,'pbkdf2_sha256$390000$StrT2rln8HoLY18yxAMzGs$9dmDQllnmjZaVipAtXKClgxcgX429tdkvXDGWgOlnBM=','2023-04-25 09:33:02.191753',0,'qatarairways1989','','','qatarairways@gmail.com',0,1,'2023-03-22 16:47:53.011180'),(144,'pbkdf2_sha256$390000$5uCLuXUrWpIu8VcrAD7JmX$t0JSsBhm0JYzibsVFYKHEbV2piH2hvtHp5Oltnqatfg=','2023-04-25 09:29:29.684619',0,'japanairlines1989','','','japanairlines@gmail.com',0,1,'2023-03-22 17:01:13.849222'),(153,'pbkdf2_sha256$390000$pRYcuO6Fm9zIxg2xAjNDEa$kwsO53POoQ+RLqYGLnY8sPdnyk4hfiX9TPP+bY7aA/Q=','2023-04-25 09:26:17.675773',0,'emirates1989','','','EmiratesAirlines@emirates.com',0,1,'2023-03-26 17:29:28.441191'),(160,'pbkdf2_sha256$390000$1Bi4p9UVOxaXZsAwqGK542$ZuYkReqqZoiMb4TE/ECDI/Yd3a6N8Z5Xf8pgtjVC2Is=','2023-04-25 09:40:56.756197',0,'turkishairlines1989','','','info@turkishairlines.com',0,1,'2023-03-26 17:49:10.069769'),(161,'pbkdf2_sha256$390000$BVoOT1h7mhClydC130gvAw$V4zIMLrq8c1XV/Ye1qfQH8syJ2j8FrxxvyN8hBlI25Q=','2023-04-25 09:44:02.656037',0,'anairways1989','','','info@ana.co.jp',0,1,'2023-03-26 17:53:07.827700'),(167,'pbkdf2_sha256$390000$z3Bl2wVXZEPZgc59uH03mu$bWIfLejMWsbkFPT+THgOUY7PUgsouZX1ROaByz+tbvs=','2023-04-25 09:36:07.628720',0,'swissairlines1989','','','swissairlines@gmail.com',0,1,'2023-03-27 09:04:27.391224'),(175,'pbkdf2_sha256$390000$aSYRCA6XWVfdz6NBn2hU9Q$3ZwuFBA5KyXu1CQBOIiLFqt5BiQNdx9rB3X7GZpmwR8=','2023-04-24 17:31:27.794750',0,'julie123','','','julie123@example.com',0,1,'2023-03-29 10:19:10.803624'),(176,'pbkdf2_sha256$390000$mjlCWM3EOBv78k82UzGk3E$0EhZnXCdUq7AAxU1voK4i27NjyTDPbCbsBdwCnlM22o=',NULL,0,'yasir123','','','yasirqasim@example.com',0,1,'2023-03-30 11:31:15.065295'),(178,'pbkdf2_sha256$390000$nlzdeQ24gZEb3Rd8Qs8WZo$etZ5y3jTYAHMPTnecT4CTwS8245zCZesttRgEAEoUWs=',NULL,0,'Roger123','','','roger@gmail.com',0,1,'2023-03-31 18:38:23.738989'),(179,'pbkdf2_sha256$390000$njGyxno8wqD3tsf9B8Rrdg$DxGf0x/J4S5FXJ7I7LsGIiP1qUSveWWM79BtY4H87qg=',NULL,0,'Kenny234','','','kenny@gmail.com',0,1,'2023-03-31 18:48:31.425950'),(180,'pbkdf2_sha256$390000$uFoIazqdvNK4qmAHmlHMe0$ZRJTHa/sEf4UPTBKykLtKeBhxFwdYz0O1W4WfAez42w=','2023-04-28 18:30:54.186577',0,'lorenzo123','','','lorenzo@gmail.com',0,1,'2023-04-09 17:51:53.472376'),(181,'pbkdf2_sha256$390000$9bUKrRsylJ5CvYFdhxuVpO$PbL3IxQebANAGrrF6oefCevhI25b2AygWO7BWHvDdUc=','2023-04-11 10:12:20.617243',0,'marwan123','','','marwan@gmail.com',0,1,'2023-04-11 10:11:32.446504'),(182,'pbkdf2_sha256$390000$n0M7WJV8CvfsWF1s2kmJGB$AM8TGPx9qhiATOoTpXXYtyvbnPkLRHmdvbtx75plknQ=',NULL,0,'venny123','','','venny@gmail.com',0,1,'2023-04-11 10:27:52.308841'),(183,'pbkdf2_sha256$390000$vkiVm0YTnQjo8Y5J8N3wHr$doi1XqVD2XThpdGkzQUIIPvggHi/LGEm2FObzR0VqII=',NULL,0,'bonnie123','','','bonnie@gmail.com',0,1,'2023-04-11 10:30:52.723486'),(184,'pbkdf2_sha256$390000$AbVw4I8B5nl9yAuqYuSZ9L$ylNHkf2zXWzFJp0lOuvzDmWVMFA4caKw1RftmlNmT5w=',NULL,0,'lucas123','','','lucas@gmail.com',0,1,'2023-04-11 10:39:59.456461'),(185,'pbkdf2_sha256$390000$xdKFs9BknKvIzKfW7yfGYw$HDY1eAYY114uWy2gqxhSDRBhqMBHpN/5R4Sw4ZNEj9Y=',NULL,0,'rodney123','','','rodney@gmail.com',0,1,'2023-04-11 10:43:46.414329'),(186,'pbkdf2_sha256$390000$mrLvkg4bVvv5bEcEZq9N2f$o2iwZtyV0Fs3+A62iszSeuAuVOm+nsRZ1UU8xeSitvs=',NULL,0,'layla123','','','layla@gmail.com',0,1,'2023-04-11 10:57:16.723623'),(188,'pbkdf2_sha256$390000$b8VeI4rYlSEwmlLqwD6zgw$ctsetiDyNhYcMIBb9Pfrgv+FbZ0vqf0cpJ/B/bgQaq8=',NULL,0,'junior123','','','junior@gmail.com',0,1,'2023-04-11 11:30:55.237302'),(189,'pbkdf2_sha256$390000$hFMsUr6imm5KPlhCnYRDZG$6HShZtPTVPReJN7F8PXsJexwEAOUz59iK/TsGaM1KMQ=',NULL,0,'warren123','','','warren@gmail.com',0,1,'2023-04-11 11:32:22.429261'),(190,'pbkdf2_sha256$390000$POr36XtjKMAhSH468uBtIv$Se1K93/1T1Nfh1GtypazVESjcHoyXVp09EsFazS9tLc=',NULL,0,'leslie123','','','leslie@gmail.com',0,1,'2023-04-11 11:34:40.549492'),(191,'pbkdf2_sha256$390000$eZOzStxGu6Li6Pskl2VYfL$0GKiiOQu+IZnKun3TKu/Tz5tONMlXO8RJoFW4YxF+m8=',NULL,0,'bobby123','','','bobby@gmail.com',0,1,'2023-04-11 11:42:18.164510'),(192,'pbkdf2_sha256$390000$3rz1u9ShpT0w8cBfF0XwQJ$qH0w9/B5zkp6ulNKjVqopVBWF5svggxppiZ+lxaloTQ=',NULL,0,'william123','','','william@gmail.com',0,1,'2023-04-11 11:52:38.590458'),(193,'pbkdf2_sha256$390000$uVgE0vyZgy7cnngDox5hbZ$fh++JPyzkGjfXAzDVF00rlyOg/FsHDx22NvLLYEdB48=',NULL,0,'maggie123','','','maggie@gmail.com',0,1,'2023-04-11 11:55:41.109580'),(195,'pbkdf2_sha256$390000$AKISIyOyPI4ZLWdV0B02vn$oTkQeBdE8/39qh6bX3NTABH/jYGTaC67FUJXjEYEv8A=','2023-04-11 12:03:33.641318',0,'morin123','','','morin@gmail.com',0,1,'2023-04-11 12:03:14.834496'),(196,'pbkdf2_sha256$390000$Ib2A6tp7ludwTgBATJw74V$GPOPbvszONoEGP0ePMPv7i0fLDnbrzQgsIKdt5I7Rh8=',NULL,0,'joefrazer123','','','joe@gmail.com',0,1,'2023-04-11 12:18:32.183460'),(197,'pbkdf2_sha256$390000$EZFRCG3LlFEa7SAiibeoHc$JHGxr/BxKHU4/e6+w3zp+R7DdOEY45vqBzLGblP0QDk=',NULL,0,'billyjoel123','','','billy@gmail.com',0,1,'2023-04-11 12:20:18.167322'),(198,'pbkdf2_sha256$390000$1Vg8sPsMWOPEYr9iT82JIi$q0M/PXrABmFWQaUM9M+wvoFeuQRGmafuTmYCavtaBG0=',NULL,0,'jamie123','','','jamie@gmail.com',0,1,'2023-04-11 12:38:18.330679'),(199,'pbkdf2_sha256$390000$8UWdaye0IZccoRGq5cxuWF$fs+4BFUAnkCilxzcPzVGGDwPVmua2J3JbBJdMVTug94=','2023-04-11 12:41:44.118490',0,'johnny123','','','johnny@gmail.com',0,1,'2023-04-11 12:41:10.656954'),(200,'pbkdf2_sha256$390000$4jZmZbOTFngTBfII5oSjQH$P6ZUKbD4Hu3+wJe77yzeTcEJ+DLYt+rgUIvLbgQN3bk=',NULL,0,'draymond123','','','draymond@gmail.com',0,1,'2023-04-11 12:42:55.101126'),(201,'pbkdf2_sha256$390000$6JqFQyhFflAjSpldicJixh$uHah+wA4ekp0Z3hpvaEeRn7KWFg6zDoMAUGzfLk+8nE=',NULL,0,'magen123','','','magen@gmail.com',0,1,'2023-04-11 12:50:19.838170'),(202,'pbkdf2_sha256$390000$Uwb0R9T5IbriRwlb2vIP35$IHECMEFEF9V7eivw0mfKmFHOamANdBPanMlvh4FfsBA=',NULL,0,'lewis123','','','lewis@gmail.com',0,1,'2023-04-11 13:04:31.435583'),(204,'pbkdf2_sha256$390000$jx2SKhyFUvhjV86mPFao5z$B4m1OVGxVPUcYkVN4KBY/g5UY3SG+pOokV0kZ0qswEA=',NULL,0,'elias123','','','elias@gmail.com',0,1,'2023-04-11 13:21:42.431360'),(205,'pbkdf2_sha256$390000$gfdF229QZtdYPNNhfYG8h9$kDsNOVFmB3b/Fr9LokG2CrL3/ztHI9UCNl6Ge4nsang=',NULL,0,'morris123','','','morris@gmail.com',0,1,'2023-04-11 13:22:47.290782'),(206,'pbkdf2_sha256$390000$kLdUeJHTVgHX808GQVgr64$rC+iVbFFSAz6m/gcCfNn5OSiG9W6VMgAhaW7rjfjFrA=',NULL,0,'rene1234','','','rene@gmail.com',0,1,'2023-04-11 13:24:10.448986'),(207,'pbkdf2_sha256$390000$JIflQa2ES87fpAhPufEGh5$yfO0+a6ps0OZaq+TrXILRxX4adWY3v97WJddgLFFgnM=',NULL,0,'brighton123','','','brighton@gmail.com',0,1,'2023-04-11 13:35:20.290689'),(208,'pbkdf2_sha256$390000$mz0kNJ7WlTrKCqXhG4Obor$wyGBSzjWGTqbc7ey0WAK2y/MCmucMmlfGFRARqla/d8=',NULL,0,'zain1234','','','zain@gmail.com',0,1,'2023-04-11 13:36:32.920188'),(209,'pbkdf2_sha256$390000$g3oRqWUMemV1X7LCrIvEak$GihTkUUGEU0yMmnK6Sd6M2t5e/pkBXamyUE19t0ol0g=',NULL,0,'marie123','','','marie@gmail.com',0,1,'2023-04-11 13:43:47.660019'),(211,'pbkdf2_sha256$390000$eslQJAkJle6IDJ8gKwexYP$S2nisBTpBLwYfQhxQquh6WVxbk0xGOc83qhJ4V7xxFw=',NULL,0,'rizik123','','','rizik@gmail.com',0,1,'2023-04-11 13:46:46.969605'),(212,'pbkdf2_sha256$390000$7UL1gGEoJil8Pel82sL2j2$haNhu2tZbkRw5BClHET8rgzgMJB9rVll3bcoFXiq2KM=',NULL,0,'harry1234','','','harry@gmail.com',0,1,'2023-04-11 13:48:03.202829'),(213,'pbkdf2_sha256$390000$JWKtLj7HUhZavAdpkNsO94$sSH1F0U6mO/g+dJoDbBc5R2/Zab67YDb7Q/qyyFaK+A=',NULL,0,'muhammed123','','','muhammed@gmail.com',0,1,'2023-04-11 13:52:00.309508'),(215,'pbkdf2_sha256$390000$euLflZdWvp13RplQNlER1G$rR7ECqVyGplr1gPEZwbbzizsfZGzCNLL4/u8wS5Hmxc=',NULL,0,'romeo1234','','','romeo@gmail.com',0,1,'2023-04-11 13:59:53.479472'),(216,'pbkdf2_sha256$390000$afb4G9836bqmLP55DCra2Q$vRkL0TzRMPhnp71hzLtlcAzMR8rozyto9FrhnI3bxRc=',NULL,0,'romero1234','','','romero@gmail.com',0,1,'2023-04-11 14:00:52.242524'),(217,'pbkdf2_sha256$390000$q9F6Az2lct47xxuKRumqjX$GkLN0dTo1k8ToNNIT6nmn6xid1SuBKaTPkg7zwqt5EI=',NULL,0,'barbara1234','','','barbara@gmail.com',0,1,'2023-04-11 14:01:49.505562'),(218,'pbkdf2_sha256$390000$iISTBegTgyeV5YAuyROIOB$7T2MoMtUALkwdvaDoCoP8jjfYEus+On3jOJq6CHjWoM=',NULL,0,'salama123','','','salama@gmail.com',0,1,'2023-04-11 14:03:03.109141'),(219,'pbkdf2_sha256$390000$CT6OaD7fbwDLVAcoA0Kxfb$wHVaW+uEBL5CdvZtz3qs51rGpJdE7+PKCwJI4YdMct8=',NULL,0,'saeed1234','','','saeed@gmail.com',0,1,'2023-04-11 14:04:11.707215'),(220,'pbkdf2_sha256$390000$ryR1dtgbKUkAbVqot98e08$peQ4/hq1n925rMg6Su36dIccH8Rt7eb3wcHNEhPjxm0=',NULL,0,'rojeh1234','','','rojeh@gmail.com',0,1,'2023-04-11 14:07:40.937483'),(221,'pbkdf2_sha256$390000$KWAaXkVWwmSajDAshWoTt1$DbMgZ/zd+uJc0vtsegxaEM1O+kiPd15uZ2KBUZEjqds=',NULL,0,'younes123','','','younes@gmail.com',0,1,'2023-04-11 14:10:54.139362'),(222,'pbkdf2_sha256$390000$YaFmC0XOJdGxiU9I9edQtp$EUHxXt7WBDEeL8F/S7dU2XvSnnroUREUXwqB11P4x8o=',NULL,0,'rowan1234','','','rowan@gmail.com',0,1,'2023-04-11 14:14:30.818005'),(224,'pbkdf2_sha256$390000$bZO72qBFWg3znicVJGYboV$QU+APaT5j5ZrJyTv9Lt7umpDayl658G8F3NPZ0ElvPI=',NULL,0,'ahmad123','','','ahmad@gmail.com',0,1,'2023-04-11 14:17:04.272214'),(225,'pbkdf2_sha256$390000$0FPFOovFQTqVnHrP4OGRvp$jki2KIlKjw/VF2ipOVG3mITL7RxyDo2DIE/y3Tz6uEg=',NULL,0,'porter123','','','porter@gmail.com',0,1,'2023-04-11 14:19:17.113359'),(227,'pbkdf2_sha256$390000$z0Cytd18p7f2T3uOuVIWmv$XuBaPm3Pw6KPfVXj3ValMDo0j/mqZWmM4wq+XhnO1Ek=',NULL,0,'melinda123','','','melinda@gmail.com',0,1,'2023-04-11 14:30:56.395443'),(228,'pbkdf2_sha256$390000$zVthde3BU1OPWGLmjxMzA3$44G2HHuzO0PV245sQ4EX8KvAOEyKkkQcOUYxWftzQHQ=',NULL,0,'rawad1234','','','rawad@gmail.com',0,1,'2023-04-11 14:49:20.403053'),(229,'pbkdf2_sha256$390000$d48gSxCAIt9pBTG4ISN8SB$2P83hpOcHR/GStmZCV/7UPf5e+L4j4yaJMS5bCsXyAc=',NULL,0,'billburr123','','','billbur@gmail.com',0,1,'2023-04-11 14:50:15.436040'),(230,'pbkdf2_sha256$390000$Uz0v3kltjyBYFWd8ufqjQ3$dG8bdK6q8lVHbpATfOOr/oXXIZL5wbfAh0sS9J7bTQE=',NULL,0,'randy1234','','','randy@gmail.com',0,1,'2023-04-11 14:51:45.384614'),(231,'pbkdf2_sha256$390000$LiHD9aQSa7WoL7XYTTrkXZ$ymNyOBoObaGLWZoV0X4bxEtKFd1RrZktNAxYBg6v/Dc=',NULL,0,'eric12345','','','eric@gmail.com',0,1,'2023-04-11 14:56:13.406984'),(232,'pbkdf2_sha256$390000$UkwjOSnd5JaGFmdNozHjEc$ibZwqXWz3NNNbxoDVEnlZtUShH07nktyEMVJQjjsq/Y=',NULL,0,'butters1234','','','butters@gmail.com',0,1,'2023-04-11 15:00:15.877399'),(233,'pbkdf2_sha256$390000$YgSQOysLZRs0iIbcJmRjX9$1RNU519ExC9G55PH567LSPa8KE4tYHVEUzeFFHN+fIQ=',NULL,0,'wendy1234','','','wendy@gmail.com',0,1,'2023-04-11 15:04:56.692029'),(234,'pbkdf2_sha256$390000$uVumQHSjtKd3n8UTAHKL8r$X5uxQhH19pKxO4G5qn/vae8sbM6vUwxtv4tvCrnDC98=',NULL,0,'leonardo123','','','leonardo@gmail.com',0,1,'2023-04-11 15:24:01.751857'),(236,'pbkdf2_sha256$390000$O5bsIAqPGXJhtKQIb7I7Ip$Deaar3jUp+PjF4//x7rw3Cw3SPijUyl+BEs1ntLD/IQ=',NULL,0,'benny123','','','benny@gmail.com',0,1,'2023-04-11 15:39:52.320485'),(237,'pbkdf2_sha256$390000$Q4nApo8ZWWPlXg4gXrmpJf$/Qsa1hAHwECsNbto4XQPJ0LvBBcqS+DmlgbmzKb0v6c=',NULL,0,'alexis123','','','alexis@gmail.com',0,1,'2023-04-11 15:56:22.390991'),(238,'pbkdf2_sha256$390000$EqI02Libm3PEAnqzgkcHsX$XhMChzdEnN9V+3latoMXauygiZqoG/jYQQCigAob2+w=',NULL,0,'franco123','','','franco@gmail.com',0,1,'2023-04-11 15:57:41.476995'),(239,'pbkdf2_sha256$390000$w5XBYu9Y3eQELNOrxf4sXK$P1fpZ+r3LHllRLVwrZ5fReDBwW5QlnSBCdA2cfrc95E=',NULL,0,'johnson123','','','johnson@gmail.com',0,1,'2023-04-11 16:49:18.426048'),(240,'pbkdf2_sha256$390000$5JFJ45PzPfhfbXBTpMunfg$i5mfy3QiIz2hZcOAXDGX94JdHHtfFwtdfSZp4vtSe6A=',NULL,0,'michael123','','','michael@gmail.com',0,1,'2023-04-11 17:04:34.625152'),(241,'pbkdf2_sha256$390000$OK1Hgp77hAfxlUIOIs3wfx$XeE5JyujNZi1WCvWt+H6R6Z/dZaZJuRJjng/Dtgtn5w=',NULL,0,'marion123','','','marion@gmail.com',0,1,'2023-04-11 17:12:18.674366'),(242,'pbkdf2_sha256$390000$oXGW4QnuZS8dPO1Gpn3A1h$1VHf10xZzEYX1UUfgYF/arm1EOhkBxUD+MRtAF2yVTE=',NULL,0,'lukacage123','','','lukacage@gmail.com',0,1,'2023-04-11 18:05:45.702278'),(244,'pbkdf2_sha256$390000$1LwYhDE0BNwDNvDbNBhgGP$AAl5Oyy6FI0tRlRDVIFCA5VhgsuTDn7K3KHzHy5btIU=',NULL,0,'brian1234','','','brian@gmail.com',0,1,'2023-04-11 18:23:00.869004'),(245,'pbkdf2_sha256$390000$DIAX1DaGFheA7T1zELicBN$fmNf2x/8Vf/ztju6GGBYVmYIyFKwXBoYJpZ5jNrJyjw=',NULL,0,'bjroson123','','','bjorson@gmail.com',0,1,'2023-04-11 18:26:55.457898'),(246,'pbkdf2_sha256$390000$TC8FysaDeSxlqQGHdYEJu0$pDmMz7wUUUFdrti745aLnan8EN6dllIoFG/CrHiIXdU=',NULL,0,'joseph123','','','joseph@gmail.com',0,1,'2023-04-12 05:31:58.641848'),(247,'pbkdf2_sha256$390000$jb1WfzX4qeJGfNyMqBVX2R$BAkuYqTkBn9ZxI4oW2gVBPHazfDkjxbpy+XXqf8G4cM=',NULL,0,'mario123','','','mario@gmail.com',0,1,'2023-04-12 05:35:42.227564'),(248,'pbkdf2_sha256$390000$RkIEhHE4TJjdphcNDqijKe$LkS9CxgX5JYNS8dIhXEHa840w2U9OfEs4iJuOgjmaOY=',NULL,0,'marion1234','','','marion@gmail.com',0,1,'2023-04-12 05:40:46.062287'),(249,'pbkdf2_sha256$390000$mCkjdbmsbyy57gxEo4GHdb$hHDg7gPIPxqGFI8OykgINHwTWkb2siPlZPajp16u3ts=',NULL,0,'bradley123','','','bradley@gmail.com',0,1,'2023-04-12 05:42:03.042979'),(250,'pbkdf2_sha256$390000$WHkCR7UrvrpF1nBTP1nsDN$bxl92cT6wv9YEMToHX/qZnuXfDIz9wU+gnT1ujXdFDg=',NULL,0,'geoffrey12345','','','geoffrey@gmail.com',0,1,'2023-04-12 05:56:07.917846'),(252,'pbkdf2_sha256$390000$YGwaqty6cyb3Qj4tGiym96$qf1tCVvRXqxx0+BZebxvB8QzhzFv4EFg54u9H7fcpjo=',NULL,0,'ferran123','','','ferran@gmail.com',0,1,'2023-04-12 05:59:50.011281'),(254,'pbkdf2_sha256$390000$aQnD13DkhRIDq1L4IiWNLK$YNzw5AjFGtBV0Mvqccj88mjKSGzQxMNdsNxk3/t1m68=',NULL,0,'renato123','','','renato@gmail.com',0,1,'2023-04-12 06:06:06.618302'),(255,'pbkdf2_sha256$390000$zwKfI6oxfFETP5hkoYqSIr$ozeagU2zM0JU1kD8Pje5MpUcULbxEtzn8hCFuUpN0sc=',NULL,0,'renato1234','','','renato1234@gmail.com',0,1,'2023-04-12 06:10:19.632671'),(257,'pbkdf2_sha256$390000$y5eJOz6lD8FtSsSCR4fJXd$xYkzdAD020SPTTIbz7o7NjVJ2EYcKi+Yp1MHCJ2QaSw=',NULL,0,'wallace123','','','wallace@gmail.com',0,1,'2023-04-12 06:26:44.231644'),(258,'pbkdf2_sha256$390000$ITuMsuq9TBcPAyXywKnfgt$U9aNVcj1aLMNWMHecbizvsxq5jVHZucg6wcWzWpe9Z4=',NULL,0,'alina123','','','alina@gmail.com',0,1,'2023-04-12 06:32:09.231008'),(260,'pbkdf2_sha256$390000$GNsJyJb62CRgtz2KQkjHDG$ZuTN/QSP+EFpl01ZEIjYjOtmgob5tiaG6U285UhmwRI=',NULL,0,'nisreen123','','','nisreen@gmail.com',0,1,'2023-04-12 06:55:09.750988'),(261,'pbkdf2_sha256$390000$7UnPAUMUINs0VU7I7xj7TU$El9/71W3EmXp2ZTIClPHsp1zHqz4LZay1ZaWIthdiak=',NULL,0,'raymond123','','','raymond@gmail.com',0,1,'2023-04-12 07:26:24.200914'),(263,'pbkdf2_sha256$390000$TTBYV1Fb66DK0gvcP96cPq$3NTOenPL75F1IE5WHxqY7EmjhaWpYV4/nV5en8SIUNc=',NULL,0,'polina1234','','','polina@gmail.com',0,1,'2023-04-12 07:42:34.157230'),(267,'pbkdf2_sha256$390000$SdOYJMsb9tehuHrg7gTODb$mB5EA8Qh1glzBAUUOzvwxCQFJi/caRrQ207OEuF1U8g=',NULL,0,'silvia1234567','','','silvia@gmail.com',0,1,'2023-04-12 08:02:54.240052'),(271,'pbkdf2_sha256$390000$pYSDtECImOCslYuK6tw52F$WhM1VVcuUWk//BTJebKolK4teU1wnZMG/2YwFGaCrFs=','2023-04-28 18:31:20.714235',0,'jeff12345','','','jeff@gmail.com',0,1,'2023-04-12 08:07:37.400179'),(277,'pbkdf2_sha256$390000$PcnaBVo1hczPTO8CA6r9te$CEPt+z+qN/mrSXPaZe/MzK1w5zG8TPsVQ+L6PoyajB4=',NULL,0,'falafel123','','','falafel@gmail.com',0,1,'2023-04-12 08:18:03.183073'),(282,'pbkdf2_sha256$390000$2MFeF4LOsvRQKBuMxxfK7T$F+3JqTtwwFGzvPk5NdJL64/7M+MswunOxE2uMOXQNH4=',NULL,0,'jerome123','','','jerome@gmail.com',0,1,'2023-04-12 08:45:00.190647'),(289,'pbkdf2_sha256$390000$HspiwGpV460AJcKfYfanhh$UE8uOPMcS0oX5DqlwImwEccYg1J2zARX4U4esXlPB/E=',NULL,0,'william1234','','','william@gmail.com',0,1,'2023-04-12 09:01:11.821564'),(291,'pbkdf2_sha256$390000$6NedMPW9skCc8rXraXJqmf$LsJuKUerseGN5tLLHmIfO88Lh3A7UjofOZxgk+QTbqI=',NULL,0,'jane1234','','','jane@gmail.com',0,1,'2023-04-12 09:13:14.516523'),(317,'pbkdf2_sha256$390000$Bvr8sGIU1jT6f2Z6t9Ytds$lArSTfRtgwnLh+JsdGoAd7ROKd3CQS/IZJLYeFbVtrw=',NULL,0,'martin123','','','martin@gmail.com',0,1,'2023-04-12 10:14:59.487293'),(318,'pbkdf2_sha256$390000$CbFuXwgFM0fqaSvcL2oVyS$emAfu0ARXFckYQa1ZCZbR2Q8CNh4A9Am2o3Q1nXRzWw=',NULL,0,'martin1234','','','martin@gmail.com',0,1,'2023-04-12 10:20:22.086058'),(321,'pbkdf2_sha256$390000$cNX3ZajynBexqqf0oEBzBN$5SYn2g9W/bSNkc45fuZNTMPtiWcNWh77F7frOb4sGK4=',NULL,0,'rashid123','','','rashid@gmail.com',0,1,'2023-04-12 10:41:13.126514'),(322,'pbkdf2_sha256$390000$7LW6EGt4olv2RYyOyWKy0G$oGjO34KJqxYh3G5aBXIiS7weegbd9/Xi7LBq3FfSICI=','2023-04-28 18:22:38.125364',0,'maxim123','','','maxim@gmail.com',0,1,'2023-04-12 11:07:04.166131'),(331,'pbkdf2_sha256$390000$IGSSsdwwltjezstjfod7Dt$h08S/SctJjtEz21Ncq91J3LHLFJOvmWbaheGe6ONbkc=','2023-04-25 08:53:47.806265',0,'singapore1989','','','singaporeairlines@gmail.com',0,1,'2023-04-23 11:43:58.810555'),(338,'pbkdf2_sha256$390000$PL9pfCugesAAANonuIAlfn$olV3beqeC2LuXzNyB5bZA0YtnAOIH3mfNAmMRvUBll4=','2023-04-25 09:16:29.477792',0,'bangkok1989','','','bangkokairways@gmail.com',0,1,'2023-04-24 08:48:01.711002'),(339,'pbkdf2_sha256$390000$YXMHs9nvdNEPy9YoBfAkNp$Vgb4ANGGhhXIGxH4qR2N8Sh/lVw2eXAviaCfcIU+E/U=','2023-04-25 09:04:09.820584',0,'austrian1989','','','austrianairlines@gmail.com',0,1,'2023-04-24 08:49:16.487131'),(340,'pbkdf2_sha256$390000$BVcrqIHOHiuyAAArJdyqaW$AuBC93G7zZiQKVnPbrHkWgimZFhO7VB6WnBF/E3ln94=','2023-04-25 09:22:55.573231',0,'thaiairways1989','','','thaiairways@gmail.com',0,1,'2023-04-24 08:52:05.226204'),(341,'pbkdf2_sha256$390000$8UpngwXGIT0UrphROI6X2V$F0cNgwWJrYQZARTSqhenlse9sfeEEMmE1PSxtBHvoYc=','2023-04-25 08:57:07.271611',0,'jetblue1989','','','jetblue@gmail.com',0,1,'2023-04-24 09:14:13.420069'),(342,'pbkdf2_sha256$390000$2FeWQTZfgpO6fh0BkbBv4z$PH9BuSDvyb0UluU3cwLwX/NxdIREeGW8i5pbfK8Q5AM=','2023-04-28 16:52:17.820338',0,'aircanada1989','','','aircanada@gmail.com',0,1,'2023-04-24 09:15:01.083583'),(343,'pbkdf2_sha256$390000$kEu8KW6MV8AQ2VHNrpv2HB$CJFxDuZhqRDOOXklGDA4MKdVBoMvA5CDnGLbBrKcWmE=','2023-04-25 09:01:27.085555',0,'aegan1989','','','aegan@gmail.com',0,1,'2023-04-24 09:16:10.024830'),(344,'pbkdf2_sha256$390000$GWbaM6sBec8fQpJdDVMQ2z$9XZbHdl0SSGlsGm3MOMA8ftwgLE3bw4vZF3iRgB07pk=','2023-04-25 09:13:37.139454',0,'ethiopian1989','','','ethiopianairlines@gmail.com',0,1,'2023-04-24 09:17:02.881351'),(345,'pbkdf2_sha256$390000$dUoRLdbOv0tyXri2c7hsVi$l9XVSpHmBJ2EjrKVKEiNRojaWnspemUwinvOC2BiIGI=',NULL,0,'vietnam1989','','','vietnamairlines@gmail.com',0,1,'2023-04-24 09:18:32.076109'),(348,'pbkdf2_sha256$390000$jsT3rjQDfvIfotuNTeQ7U1$Wqw8Xf4YiSE/sFX1mfZk/kgVGTU++rsgdpLE96EncPk=',NULL,0,'rawiadmin2','','','rawi@gmail.com',1,1,'2023-04-24 13:21:13.973310'),(349,'pbkdf2_sha256$390000$IGGjEE7Q3jZeZHCfV3f6YX$M0+paDQF712BPqqONQg/YRuNpyB8ADLgNtxfvdn3FZ8=',NULL,0,'yousef123','','','yousef@gmail.com',1,1,'2023-04-24 13:23:37.865609'),(352,'pbkdf2_sha256$390000$XJDi9LPGbTu0ftJAEQJHVT$FnEIepDIzcEMLVKgxI1yIzXE/6+blBkparV/oRfNDIM=',NULL,0,'danny123','','','danny@gmail.com',1,1,'2023-04-25 09:49:03.712692'),(353,'pbkdf2_sha256$390000$sBum0lI4l6VHjDxlpPI78T$4oYyZSfly/0obd0S8dJybGAT/TJVV9CiiirtzGy5Duo=',NULL,0,'luciel123','','','luciel@gmail.com',0,1,'2023-04-29 08:14:57.526712');
/*!40000 ALTER TABLE `auth_user` ENABLE KEYS */;
UNLOCK TABLES;

--
-- Table structure for table `auth_user_groups`
--

DROP TABLE IF EXISTS `auth_user_groups`;
/*!40101 SET @saved_cs_client     = @@character_set_client */;
/*!40101 SET character_set_client = utf8 */;
CREATE TABLE `auth_user_groups` (
  `id` bigint(20) NOT NULL AUTO_INCREMENT,
  `user_id` int(11) NOT NULL,
  `group_id` int(11) NOT NULL,
  PRIMARY KEY (`id`),
  UNIQUE KEY `auth_user_groups_user_id_group_id_94350c0c_uniq` (`user_id`,`group_id`),
  KEY `auth_user_groups_group_id_97559544_fk_auth_group_id` (`group_id`),
  CONSTRAINT `auth_user_groups_group_id_97559544_fk_auth_group_id` FOREIGN KEY (`group_id`) REFERENCES `auth_group` (`id`),
  CONSTRAINT `auth_user_groups_user_id_6a12ed8b_fk_auth_user_id` FOREIGN KEY (`user_id`) REFERENCES `auth_user` (`id`)
) ENGINE=InnoDB AUTO_INCREMENT=305 DEFAULT CHARSET=latin1;
/*!40101 SET character_set_client = @saved_cs_client */;

--
-- Dumping data for table `auth_user_groups`
--

LOCK TABLES `auth_user_groups` WRITE;
/*!40000 ALTER TABLE `auth_user_groups` DISABLE KEYS */;
INSERT INTO `auth_user_groups` VALUES (1,1,1),(38,68,2),(44,74,2),(47,77,1),(48,78,2),(63,99,3),(65,101,3),(66,102,3),(89,125,3),(99,142,2),(100,143,2),(101,144,2),(107,153,2),(114,160,2),(115,161,2),(121,167,2),(126,175,3),(127,176,3),(129,178,3),(130,179,3),(131,180,3),(132,181,3),(133,182,3),(134,183,3),(135,184,3),(136,185,3),(137,186,3),(139,188,3),(140,189,3),(141,190,3),(142,191,3),(143,192,3),(144,193,3),(146,195,3),(147,196,3),(148,197,3),(149,198,3),(150,199,3),(151,200,3),(152,201,3),(153,202,3),(155,204,3),(156,205,3),(157,206,3),(158,207,3),(159,208,3),(160,209,3),(162,211,3),(163,212,3),(164,213,3),(166,215,3),(167,216,3),(168,217,3),(169,218,3),(170,219,3),(171,220,3),(172,221,3),(173,222,3),(175,224,3),(176,225,3),(178,227,3),(179,228,3),(180,229,3),(181,230,3),(182,231,3),(183,232,3),(184,233,3),(185,234,3),(187,236,3),(188,237,3),(189,238,3),(190,239,3),(191,240,3),(192,241,3),(193,242,3),(195,244,3),(196,245,3),(197,246,3),(198,247,3),(199,248,3),(200,249,3),(201,250,3),(203,252,3),(205,254,3),(206,255,3),(208,257,3),(209,258,3),(211,260,3),(212,261,3),(214,263,3),(218,267,3),(222,271,3),(228,277,3),(233,282,3),(240,289,3),(242,291,3),(268,317,3),(269,318,3),(272,321,3),(273,322,3),(282,331,2),(289,338,2),(290,339,2),(291,340,2),(292,341,2),(293,342,2),(294,343,2),(295,344,2),(296,345,2),(299,348,1),(300,349,1),(303,352,1),(304,353,3);
/*!40000 ALTER TABLE `auth_user_groups` ENABLE KEYS */;
UNLOCK TABLES;

--
-- Table structure for table `auth_user_user_permissions`
--

DROP TABLE IF EXISTS `auth_user_user_permissions`;
/*!40101 SET @saved_cs_client     = @@character_set_client */;
/*!40101 SET character_set_client = utf8 */;
CREATE TABLE `auth_user_user_permissions` (
  `id` bigint(20) NOT NULL AUTO_INCREMENT,
  `user_id` int(11) NOT NULL,
  `permission_id` int(11) NOT NULL,
  PRIMARY KEY (`id`),
  UNIQUE KEY `auth_user_user_permissions_user_id_permission_id_14a6b632_uniq` (`user_id`,`permission_id`),
  KEY `auth_user_user_permi_permission_id_1fbb5f2c_fk_auth_perm` (`permission_id`),
  CONSTRAINT `auth_user_user_permi_permission_id_1fbb5f2c_fk_auth_perm` FOREIGN KEY (`permission_id`) REFERENCES `auth_permission` (`id`),
  CONSTRAINT `auth_user_user_permissions_user_id_a95ead1b_fk_auth_user_id` FOREIGN KEY (`user_id`) REFERENCES `auth_user` (`id`)
) ENGINE=InnoDB AUTO_INCREMENT=7 DEFAULT CHARSET=latin1;
/*!40101 SET character_set_client = @saved_cs_client */;

--
-- Dumping data for table `auth_user_user_permissions`
--

LOCK TABLES `auth_user_user_permissions` WRITE;
/*!40000 ALTER TABLE `auth_user_user_permissions` DISABLE KEYS */;
INSERT INTO `auth_user_user_permissions` VALUES (6,68,28),(1,68,32),(2,68,37),(3,68,38),(4,68,39),(5,68,40);
/*!40000 ALTER TABLE `auth_user_user_permissions` ENABLE KEYS */;
UNLOCK TABLES;

--
-- Table structure for table `authtoken_token`
--

DROP TABLE IF EXISTS `authtoken_token`;
/*!40101 SET @saved_cs_client     = @@character_set_client */;
/*!40101 SET character_set_client = utf8 */;
CREATE TABLE `authtoken_token` (
  `key` varchar(40) NOT NULL,
  `created` datetime(6) NOT NULL,
  `user_id` int(11) NOT NULL,
  PRIMARY KEY (`key`),
  UNIQUE KEY `user_id` (`user_id`),
  CONSTRAINT `authtoken_token_user_id_35299eff_fk_auth_user_id` FOREIGN KEY (`user_id`) REFERENCES `auth_user` (`id`)
) ENGINE=InnoDB DEFAULT CHARSET=latin1;
/*!40101 SET character_set_client = @saved_cs_client */;

--
-- Dumping data for table `authtoken_token`
--

LOCK TABLES `authtoken_token` WRITE;
/*!40000 ALTER TABLE `authtoken_token` DISABLE KEYS */;
/*!40000 ALTER TABLE `authtoken_token` ENABLE KEYS */;
UNLOCK TABLES;

--
-- Table structure for table `django_admin_log`
--

DROP TABLE IF EXISTS `django_admin_log`;
/*!40101 SET @saved_cs_client     = @@character_set_client */;
/*!40101 SET character_set_client = utf8 */;
CREATE TABLE `django_admin_log` (
  `id` int(11) NOT NULL AUTO_INCREMENT,
  `action_time` datetime(6) NOT NULL,
  `object_id` longtext,
  `object_repr` varchar(200) NOT NULL,
  `action_flag` smallint(5) unsigned NOT NULL,
  `change_message` longtext NOT NULL,
  `content_type_id` int(11) DEFAULT NULL,
  `user_id` int(11) NOT NULL,
  PRIMARY KEY (`id`),
  KEY `django_admin_log_content_type_id_c4bce8eb_fk_django_co` (`content_type_id`),
  KEY `django_admin_log_user_id_c564eba6_fk_auth_user_id` (`user_id`),
  CONSTRAINT `django_admin_log_content_type_id_c4bce8eb_fk_django_co` FOREIGN KEY (`content_type_id`) REFERENCES `django_content_type` (`id`),
  CONSTRAINT `django_admin_log_user_id_c564eba6_fk_auth_user_id` FOREIGN KEY (`user_id`) REFERENCES `auth_user` (`id`)
) ENGINE=InnoDB AUTO_INCREMENT=96 DEFAULT CHARSET=latin1;
/*!40101 SET character_set_client = @saved_cs_client */;

--
-- Dumping data for table `django_admin_log`
--

LOCK TABLES `django_admin_log` WRITE;
/*!40000 ALTER TABLE `django_admin_log` DISABLE KEYS */;
INSERT INTO `django_admin_log` VALUES (1,'2023-02-24 12:50:21.498041','1','admin',1,'[{\"added\": {}}]',3,1),(2,'2023-02-24 12:53:51.041098','2','airline',1,'[{\"added\": {}}]',3,1),(3,'2023-02-24 12:55:30.729521','3','customer',1,'[{\"added\": {}}]',3,1),(4,'2023-02-24 12:56:15.887516','1','RawiMousa',2,'[{\"changed\": {\"fields\": [\"Groups\"]}}]',4,1),(5,'2023-02-24 15:58:10.389219','2','pololpopl',3,'',4,1),(6,'2023-02-24 15:58:10.392536','3','pqowieopqwir',3,'',4,1),(7,'2023-02-24 15:58:10.393777','4','pqowieopqwirtryrtue',3,'',4,1),(8,'2023-02-24 16:03:51.082216','5','pqowieopqwirtryrtue',3,'',4,1),(9,'2023-02-24 17:09:36.720928','6','pqowieopqwirtryrtue',3,'',4,1),(10,'2023-02-24 17:10:36.827083','7','pqowieopqwirtryrtue',3,'',4,1),(11,'2023-02-24 17:16:30.465341','8','pqowieopqwirtryrtue',3,'',4,1),(12,'2023-02-24 17:27:53.354658','9','pololpoplewrtwert',3,'',4,1),(13,'2023-02-24 17:31:14.012782','10','pololpoplewrtwert',3,'',4,1),(14,'2023-02-24 17:40:03.374403','11','pololpoplewrtwert',3,'',4,1),(15,'2023-02-24 17:46:00.573163','12','pololpoplewrtwert',3,'',4,1),(16,'2023-02-24 17:48:41.270591','13','pololpoplewrtwert',3,'',4,1),(17,'2023-02-24 17:49:42.783568','14','pololpoplewrtwert',3,'',4,1),(18,'2023-02-24 17:52:04.201046','15','pololpoplewrtwert',3,'',4,1),(19,'2023-02-24 17:53:40.199757','16','pololpoplewrtwert',3,'',4,1),(20,'2023-02-24 17:54:36.274134','17','pololpoplewrtwert12',3,'',4,1),(21,'2023-02-24 18:14:13.910189','18','pololpoplewrtwert12',3,'',4,1),(22,'2023-02-24 18:15:34.451309','19','pololpoplewrtwert12',3,'',4,1),(23,'2023-02-24 18:16:07.416869','20','pololpoplewrtwert12',3,'',4,1),(24,'2023-02-24 18:18:37.829365','21','pololpoplewrtwert12',3,'',4,1),(25,'2023-02-24 18:19:37.337966','22','pololpoplewrtwert12',3,'',4,1),(26,'2023-02-24 18:22:50.005466','23','pololpoplewrtwert12',3,'',4,1),(27,'2023-02-24 18:33:58.291726','24','wbwtwbtwbwbwbw1111122222',3,'',4,1),(28,'2023-02-24 18:35:41.144159','25','wbwtwbtwbwbwbw1111122222',3,'',4,1),(29,'2023-02-24 18:53:00.577148','26','wbwtwbtwbwbwbw1111122222',3,'',4,1),(30,'2023-02-24 19:10:49.368509','27','wbwtwbtwbwbwbw1111122222',3,'',4,1),(31,'2023-02-24 19:13:36.647408','29','wbwtwbtwbwbwbw1111122222',3,'',4,1),(32,'2023-02-24 19:14:48.851364','30','wbwtwbtwbwbwbw1111122222',3,'',4,1),(33,'2023-02-24 19:15:56.870999','31','wbwtwbtwbwbwbw1111122222',3,'',4,1),(34,'2023-02-24 19:17:55.712461','32','wbwtwbtwbwbwbw1111122222',3,'',4,1),(35,'2023-02-25 07:05:16.215236','33','wbwtwbtwbwbwbw1111122222',3,'',4,1),(36,'2023-02-25 07:14:23.072713','34','wbwtwbtwbwbwbw1111122222',3,'',4,1),(37,'2023-02-25 07:32:59.775414','36','wbwtwbtwbwbwbw1111122222',3,'',4,1),(38,'2023-02-25 07:37:12.622019','37','wbwtwbtwbwbwbw1111122222',3,'',4,1),(39,'2023-02-25 07:41:15.160728','38','wbwtwbtwbwbwbw1111122222',3,'',4,1),(40,'2023-02-25 07:43:14.493021','39','wbwtwbtwbwbwbw1111122222',3,'',4,1),(41,'2023-02-25 07:47:21.310021','40','wbwtwbtwbwbwbw1111122222',3,'',4,1),(42,'2023-02-25 07:48:57.476360','41','wbwtwbtwbwbwbw1111122222',3,'',4,1),(43,'2023-02-25 07:50:19.226461','42','wbwtwbtwbwbwbw1111122222',3,'',4,1),(44,'2023-02-25 07:55:57.704864','43','wbwtwbtwbwbwbw1111122222',3,'',4,1),(45,'2023-02-25 07:56:26.314245','44','wbwtwbtwbwbwbw1111122222',3,'',4,1),(46,'2023-02-25 07:57:42.607735','45','wbwtwbtwbwbwbw1111122222',3,'',4,1),(47,'2023-02-25 07:59:17.177881','46','wbwtwbtwbwbwbw1111122222',3,'',4,1),(48,'2023-02-25 08:00:48.959407','47','wbwtwbtwbwbwbw1111122222',3,'',4,1),(49,'2023-02-25 08:02:03.093524','48','wbwtwbtwbwbwbw1111122222',3,'',4,1),(50,'2023-02-25 08:17:16.872435','49','wbwtwbtwbwbwbw1111122222',3,'',4,1),(51,'2023-02-25 08:20:20.970423','50','wbwtwbtwbwbwbw1111122222',3,'',4,1),(52,'2023-02-25 08:21:00.250532','51','wbwtwbtwbwbwbw1111122222',3,'',4,1),(53,'2023-02-25 08:22:52.345599','52','wbwtwbtwbwbwbw1111122222',3,'',4,1),(54,'2023-02-25 08:24:30.189493','53','wbwtwbtwbwbwbw1111122222',3,'',4,1),(55,'2023-02-25 08:54:39.451463','1','Customer object (1)',3,'',9,1),(56,'2023-02-25 08:54:45.006403','54','wbwtwbtwbwbwbw1111122222',3,'',4,1),(57,'2023-02-25 08:58:03.643238','55','wbwtwbtwbwbwbw1111122222',3,'',4,1),(58,'2023-02-25 08:59:38.900400','2','Customer object (2)',3,'',9,1),(59,'2023-02-25 08:59:47.957142','56','wbwtwbtwbwbwbw1111122222',3,'',4,1),(60,'2023-02-25 09:01:07.645567','57','new_username',3,'',4,1),(61,'2023-02-25 09:21:07.631882','58','new_username',3,'',4,1),(62,'2023-02-25 09:23:23.560194','59','new_username',3,'',4,1),(63,'2023-02-25 09:36:00.757562','60','new_username',3,'',4,1),(64,'2023-02-25 09:49:31.934449','61','new_username',3,'',4,1),(65,'2023-02-25 09:50:53.452637','62','new_username',3,'',4,1),(66,'2023-02-25 10:52:09.085763','63','new_username',3,'',4,1),(67,'2023-02-25 11:10:08.376060','64','weporiweptipweoitpwoe234',3,'',4,1),(68,'2023-02-25 11:11:49.612255','65','weporiweptipweoitpwoe234',3,'',4,1),(69,'2023-02-25 11:45:28.973436','1','Administrator object (1)',1,'[{\"added\": {}}]',12,1),(70,'2023-02-28 16:26:39.100194','66','weporiweptipweoitpwoe234',3,'',4,1),(71,'2023-02-28 17:06:03.281479','68','WizzAir',1,'[{\"added\": {}}]',4,1),(72,'2023-02-28 17:08:23.180655','68','WizzAir',2,'[{\"changed\": {\"fields\": [\"Groups\", \"User permissions\"]}}]',4,1),(73,'2023-02-28 17:09:11.359335','1','AirlineCompany object (1)',1,'[{\"added\": {}}]',7,1),(74,'2023-03-01 10:06:51.914279','68','WizzAir',2,'[{\"changed\": {\"fields\": [\"Email address\"]}}]',4,1),(75,'2023-03-04 20:54:19.964662','3','Flight object (3)',2,'[]',10,1),(76,'2023-03-07 18:20:26.029330','70','e',3,'',4,1),(77,'2023-03-08 06:44:46.060981','71','zebja7sh',3,'',4,1),(78,'2023-03-08 06:44:53.511129','72','EasyJet',3,'',4,1),(79,'2023-03-08 08:19:13.352980','76','Admin2',2,'[{\"changed\": {\"fields\": [\"Staff status\", \"Superuser status\"]}}]',4,1),(80,'2023-03-08 12:06:31.680593','80','TryUser',3,'',4,1),(81,'2023-03-08 16:32:17.225074','67','RawiCustomer1',3,'',4,1),(82,'2023-03-12 19:12:45.513984','84','ertertertete234',3,'',4,1),(83,'2023-03-14 10:37:36.640437','15','Flight object (15)',1,'[{\"added\": {}}]',10,1),(84,'2023-03-18 10:46:37.552450','92','new_customer',3,'',4,1),(85,'2023-03-22 13:56:13.315389','141','airfrance1933',3,'',4,1),(86,'2023-03-23 10:32:56.452526','140','Mitch1234',3,'',4,1),(87,'2023-03-26 17:35:23.284951','154','turkishairlines123',3,'',4,1),(88,'2023-03-26 17:37:54.114702','155','turkishairlines123',3,'',4,1),(89,'2023-03-26 17:41:21.808898','156','turkishairlines123',3,'',4,1),(90,'2023-03-26 17:42:21.172155','157','turkishairlines123',3,'',4,1),(91,'2023-03-26 17:47:01.453111','158','turkishairlines123',3,'',4,1),(92,'2023-03-26 17:47:52.017172','159','turkishairlines123',3,'',4,1),(93,'2023-03-27 08:54:39.475614','164','swissairlines2002',3,'',4,1),(94,'2023-04-20 17:35:00.541765','151','danny123',3,'',4,1),(95,'2023-04-20 17:37:37.883850','81','mikemendes',3,'',4,1);
/*!40000 ALTER TABLE `django_admin_log` ENABLE KEYS */;
UNLOCK TABLES;

--
-- Table structure for table `django_content_type`
--

DROP TABLE IF EXISTS `django_content_type`;
/*!40101 SET @saved_cs_client     = @@character_set_client */;
/*!40101 SET character_set_client = utf8 */;
CREATE TABLE `django_content_type` (
  `id` int(11) NOT NULL AUTO_INCREMENT,
  `app_label` varchar(100) NOT NULL,
  `model` varchar(100) NOT NULL,
  PRIMARY KEY (`id`),
  UNIQUE KEY `django_content_type_app_label_model_76bd3d3b_uniq` (`app_label`,`model`)
) ENGINE=InnoDB AUTO_INCREMENT=18 DEFAULT CHARSET=latin1;
/*!40101 SET character_set_client = @saved_cs_client */;

--
-- Dumping data for table `django_content_type`
--

LOCK TABLES `django_content_type` WRITE;
/*!40000 ALTER TABLE `django_content_type` DISABLE KEYS */;
INSERT INTO `django_content_type` VALUES (1,'admin','logentry'),(3,'auth','group'),(2,'auth','permission'),(4,'auth','user'),(14,'authtoken','token'),(15,'authtoken','tokenproxy'),(5,'contenttypes','contenttype'),(12,'peregrine_app','administrator'),(7,'peregrine_app','airlinecompany'),(13,'peregrine_app','authtoken'),(8,'peregrine_app','country'),(9,'peregrine_app','customer'),(10,'peregrine_app','flight'),(11,'peregrine_app','ticket'),(6,'sessions','session'),(16,'token_blacklist','blacklistedtoken'),(17,'token_blacklist','outstandingtoken');
/*!40000 ALTER TABLE `django_content_type` ENABLE KEYS */;
UNLOCK TABLES;

--
-- Table structure for table `django_migrations`
--

DROP TABLE IF EXISTS `django_migrations`;
/*!40101 SET @saved_cs_client     = @@character_set_client */;
/*!40101 SET character_set_client = utf8 */;
CREATE TABLE `django_migrations` (
  `id` bigint(20) NOT NULL AUTO_INCREMENT,
  `app` varchar(255) NOT NULL,
  `name` varchar(255) NOT NULL,
  `applied` datetime(6) NOT NULL,
  PRIMARY KEY (`id`)
) ENGINE=InnoDB AUTO_INCREMENT=34 DEFAULT CHARSET=latin1;
/*!40101 SET character_set_client = @saved_cs_client */;

--
-- Dumping data for table `django_migrations`
--

LOCK TABLES `django_migrations` WRITE;
/*!40000 ALTER TABLE `django_migrations` DISABLE KEYS */;
INSERT INTO `django_migrations` VALUES (1,'contenttypes','0001_initial','2023-02-24 12:34:42.291038'),(2,'auth','0001_initial','2023-02-24 12:34:42.449766'),(3,'admin','0001_initial','2023-02-24 12:34:42.488292'),(4,'admin','0002_logentry_remove_auto_add','2023-02-24 12:34:42.495268'),(5,'admin','0003_logentry_add_action_flag_choices','2023-02-24 12:34:42.504533'),(6,'contenttypes','0002_remove_content_type_name','2023-02-24 12:34:42.544584'),(7,'auth','0002_alter_permission_name_max_length','2023-02-24 12:34:42.558011'),(8,'auth','0003_alter_user_email_max_length','2023-02-24 12:34:42.571757'),(9,'auth','0004_alter_user_username_opts','2023-02-24 12:34:42.579132'),(10,'auth','0005_alter_user_last_login_null','2023-02-24 12:34:42.603611'),(11,'auth','0006_require_contenttypes_0002','2023-02-24 12:34:42.606125'),(12,'auth','0007_alter_validators_add_error_messages','2023-02-24 12:34:42.614141'),(13,'auth','0008_alter_user_username_max_length','2023-02-24 12:34:42.631222'),(14,'auth','0009_alter_user_last_name_max_length','2023-02-24 12:34:42.646157'),(15,'auth','0010_alter_group_name_max_length','2023-02-24 12:34:42.662818'),(16,'auth','0011_update_proxy_permissions','2023-02-24 12:34:42.676391'),(17,'auth','0012_alter_user_first_name_max_length','2023-02-24 12:34:42.690355'),(18,'peregrine_app','0001_initial','2023-02-24 12:34:42.906814'),(19,'sessions','0001_initial','2023-02-24 12:34:42.927226'),(20,'authtoken','0001_initial','2023-03-10 09:47:53.067174'),(21,'authtoken','0002_auto_20160226_1747','2023-03-10 09:47:53.105436'),(22,'authtoken','0003_tokenproxy','2023-03-10 09:47:53.108455'),(23,'token_blacklist','0001_initial','2023-04-06 10:01:22.857325'),(24,'token_blacklist','0002_outstandingtoken_jti_hex','2023-04-06 10:01:22.884836'),(25,'token_blacklist','0003_auto_20171017_2007','2023-04-06 10:01:22.900580'),(26,'token_blacklist','0004_auto_20171017_2013','2023-04-06 10:01:22.931029'),(27,'token_blacklist','0005_remove_outstandingtoken_jti','2023-04-06 10:01:22.955256'),(28,'token_blacklist','0006_auto_20171017_2113','2023-04-06 10:01:22.974029'),(29,'token_blacklist','0007_auto_20171017_2214','2023-04-06 10:01:23.134015'),(30,'token_blacklist','0008_migrate_to_bigautofield','2023-04-06 10:01:23.220709'),(31,'token_blacklist','0010_fix_migrate_to_bigautofield','2023-04-06 10:01:23.237516'),(32,'token_blacklist','0011_linearizes_history','2023-04-06 10:01:23.239358'),(33,'token_blacklist','0012_alter_outstandingtoken_user','2023-04-06 10:01:23.252827');
/*!40000 ALTER TABLE `django_migrations` ENABLE KEYS */;
UNLOCK TABLES;

--
-- Table structure for table `django_session`
--

DROP TABLE IF EXISTS `django_session`;
/*!40101 SET @saved_cs_client     = @@character_set_client */;
/*!40101 SET character_set_client = utf8 */;
CREATE TABLE `django_session` (
  `session_key` varchar(40) NOT NULL,
  `session_data` longtext NOT NULL,
  `expire_date` datetime(6) NOT NULL,
  PRIMARY KEY (`session_key`),
  KEY `django_session_expire_date_a5c62663` (`expire_date`)
) ENGINE=InnoDB DEFAULT CHARSET=latin1;
/*!40101 SET character_set_client = @saved_cs_client */;

--
-- Dumping data for table `django_session`
--

LOCK TABLES `django_session` WRITE;
/*!40000 ALTER TABLE `django_session` DISABLE KEYS */;
INSERT INTO `django_session` VALUES ('01u9wedmob6st8gjwlt85pqbh5ck502s','.eJxVjDsOwjAQBe_iGlm2418o6XMGa9e74ACypTipEHeHSCmgfTPzXiLBtpa0dV7STOIsfBSn3xEhP7juhO5Qb03mVtdlRrkr8qBdTo34eTncv4MCvXxrJOVHh1cwRvmINjDyQIZD9I7BsKNgA-ocgMniiKBAa7Yaguc8oBPvDydlOO4:1pqdxv:BqM8cVDXiS4dtXNlo86E1WGfpnmMJdPwRBTVzeTOvB0','2023-05-07 17:57:35.757869'),('02usk602bjq9rjryt6116iop6t2rtc6b','.eJxVjEsOgzAMRO-SdRURIwfTZfc9A7Jj09BWQeKzQr17QWLR7kbz3szmOl6X3K2zTd2g7uoCBnf5bYXTy8qB9MnlMfo0lmUaxB-KP-ns76Pa-3a6fweZ57yvG0altg5QkXHEBpPFSnuQiEi0BwCpIRGoCjJJACWIvTG2EtXEfb4jYjie:1pl46O:IgJPYON-urtlXTSouWYHdGj05ZGHfpbTWO-Nkz2BuSs','2023-04-22 08:39:16.332840'),('03kctcyekfynrfqxmvi270z6lchrd2wj','.eJxVjMEOgjAQRP-lZ9N0KWxbj975hma3bAU1JaFwMv67kHDQOb55M28VaVvHuFVZ4jSoqwJ1-WVM6SnlKIYHlfus01zWZWJ9KPpsq-7nQV630_07GKmO-5rMHgsWMSA6Dx3ZxuUMJpuwU4_QeQL2gtKhC7kxJGyzA-aW2yTq8wWZyjbY:1pks6n:jlj6UT6dNnuSX5FkS9HEzvi4q1P2Lvt9wiXtqzOb6cA','2023-04-21 19:50:53.747958'),('03kni8mshnqw0fx398dea7iotfq0ldhc','.eJxVjDsOwyAQBe9CHSHzNaRM7zMgdheCkwgkY1dR7h5bcpG0b2bem4W4rSVsPS1hJnZlSkp2-V0h4jPVA9Ej1nvj2Oq6zMAPhZ-086lRet1O9--gxF72Wgw-G_IEFgjBmywpaQCE0WTKfiCL6LQTVqHV0Yw7FlmQ0p6c8yKzzxdh3TlA:1pnYY2:_mZvhJhrs5m257IVLeHj_G5RChHVP91jI_S24EW931Q','2023-04-29 05:34:06.244261'),('03marc8s23iqdtbowcn6xdszboeq8qii','.eJxVjDsOwyAQBe9CHSHzNaRM7zMgdheCkwgkY1dR7h5bcpG0b2bem4W4rSVsPS1hJnZlSkp2-V0h4jPVA9Ej1nvj2Oq6zMAPhZ-086lRet1O9--gxF72Wgw-G_IEFgjBmywpaQCE0WTKfiCL6LQTVqHV0Yw7FlmQ0p6c8yKzzxdh3TlA:1ps0E2:rQII5e5fx35UA_f_4MSVAWJptwn-_lqBHT1YSL-VYNM','2023-05-11 11:55:50.709743'),('076qbvsr6rq0xpcbw25pgv4nalzbzk3s','.eJxVjMEOgjAQRP-lZ9N0KWxbj975hma3bAU1JaFwMv67kHDQOb55M28VaVvHuFVZ4jSoqwJ1-WVM6SnlKIYHlfus01zWZWJ9KPpsq-7nQV630_07GKmO-5rMHgsWMSA6Dx3ZxuUMJpuwU4_QeQL2gtKhC7kxJGyzA-aW2yTq8wWZyjbY:1pkMaw:dWZg2fhwgCbMayEjGRmziKDayC8shwuhYqvC9Q7UuRQ','2023-04-20 10:11:54.942110'),('08stsy8fzmah42rlcdvblp6zd9cweq6v','.eJxVjEEOgjAQRe_StWk6pTNQl-49A5l2poIaSCisjHdXEha6_e-9_zI9b-vQb1WXfhRzNtA5c_pdE-eHTjuSO0-32eZ5Wpcx2V2xB632Oos-L4f7dzBwHb61i149CgmgSizghR2JcyEAdiUyEGTXFkJiJdTYaIFUGqQmtaFkNu8PH4U4Nw:1pnMMd:JIeyS-VwQ2cSNPlR1YgPXWuJeDSgPfxJtnsnfBtyFNE','2023-04-28 16:33:31.625826'),('0979eq0qkwyk8kihdnavj4hbxhd4fshk','.eJxVjEEOwiAQRe_C2hAKOIBL9z0DGYapVA0kpV0Z765NutDtf-_9l4i4rSVunZc4Z3ERRmtx-l0T0oPrjvId661JanVd5iR3RR60y7Flfl4P9--gYC_fOmXFOGVj0ZN2QUNwnsOgzAAe6WwCeKV0ADbBIdsMAGQnz6TAgVEk3h8gDTeR:1pma6l:sJ4jHsqYFzq7cY9VCE6ejUN0OlgUGETFv-wW128uVto','2023-04-26 13:01:55.416428'),('0ca5rahytahbnbxsrwc003r4nn6o28s1','.eJxVjMEOgjAQRP-lZ9N0KWxbj975hma3bAU1JaFwMv67kHDQOb55M28VaVvHuFVZ4jSoqwJ1-WVM6SnlKIYHlfus01zWZWJ9KPpsq-7nQV630_07GKmO-5rMHgsWMSA6Dx3ZxuUMJpuwU4_QeQL2gtKhC7kxJGyzA-aW2yTq8wWZyjbY:1pkR0T:sbXb3aEtau-veQI2-6RfKnJEyJPJreax3Zlz7w-cOIw','2023-04-20 14:54:33.557256'),('0cajhw43yh659sn08pg8x8u31nfdum23','.eJxVjDsOwjAQBe_iGlkYf1hT0nMGa3ftxQHkSHFSIe5OIqWAdmbee6uEy1zT0suUhqwuKoA6_EJCfpa2mfzAdh81j22eBtJbonfb9W3M5XXd27-Dir2uawDPINEgRiM-ROtNLs5aZ1YQgekE4i3iWZgloFBG55COEUJxHkl9vgwTOKw:1pkq92:b-s2F15Z2ziPAlmDuw6ZF8N5nufoDYkDzuuJIETxY-0','2023-04-21 17:45:04.394679'),('0cw0nohvryk4hueu8ixrpj98x93htyuo','.eJxVjDsOwyAQBe9CHSHzNaRM7zMgdheCkwgkY1dR7h5bcpG0b2bem4W4rSVsPS1hJnZlSkp2-V0h4jPVA9Ej1nvj2Oq6zMAPhZ-086lRet1O9--gxF72Wgw-G_IEFgjBmywpaQCE0WTKfiCL6LQTVqHV0Yw7FlmQ0p6c8yKzzxdh3TlA:1pngJE:DvxzrX8jkkbNghu3SA3vXOqSFhjvNjdEOEo2HVfL4y0','2023-04-29 13:51:20.679090'),('0e9ux4jos5uv1vo0ci7b7t2uf0fqutty','e30:1pfhPr:59M4d9r_q9-vBUI9Zc_hb4Q7ZTIEGW0caDYPWdAvUik','2023-04-07 13:25:11.941513'),('0ez0q4wny46ubhtcqi1saa47wj2hidth','.eJxVjMEOgjAQRP-lZ9N0KWxbj975hma3bAU1JaFwMv67kHDQOb55M28VaVvHuFVZ4jSoqwJ1-WVM6SnlKIYHlfus01zWZWJ9KPpsq-7nQV630_07GKmO-5rMHgsWMSA6Dx3ZxuUMJpuwU4_QeQL2gtKhC7kxJGyzA-aW2yTq8wWZyjbY:1psfiW:nfgviqQls6I-M81QZHepOkiNrMXmvAWG-1HjjlRwX80','2023-05-13 08:14:04.562207'),('0fowwdk0u39ihdnzctg3s2jk5yyojdpk','.eJxVjEEOgjAQRe_StWlombHFpXvOQKYzg6CmTSisjHdXEha6_e-9_zIDbes0bFWXYRZzMa335vS7JuKH5h3JnfKtWC55XeZkd8UetNq-iD6vh_t3MFGdvjVDTKoBx6ZpvbToBBBdxE7PEIA4BM-AHMVB5yjoOEYVpiTMERvP5v0BJB04nw:1pnJtF:2rbeHeMrWTHhMMrowWa7QE1FUtvJ4enMDC6R-_FjjCk','2023-04-28 13:55:01.245574'),('0fw5of0vnkkrxikc7htn0pyr6hpnalg4','.eJxVjDsOwjAQBe_iGlm2418o6XMGa9e74ACypTipEHeHSCmgfTPzXiLBtpa0dV7STOIsfBSn3xEhP7juhO5Qb03mVtdlRrkr8qBdTo34eTncv4MCvXxrJOVHh1cwRvmINjDyQIZD9I7BsKNgA-ocgMniiKBAa7Yaguc8oBPvDydlOO4:1ppRMb:31Y7EmIlSJL6AtoV1af2EhTQMjCH5OYrnSW6cHOgJvs','2023-05-04 10:18:05.604350'),('0m129335ta9fl4m4muz9jqgnkgwnd5vx','.eJxVjMEOgjAQRP-lZ9N0KWxbj975hma3bAU1JaFwMv67kHDQOb55M28VaVvHuFVZ4jSoqwJ1-WVM6SnlKIYHlfus01zWZWJ9KPpsq-7nQV630_07GKmO-5rMHgsWMSA6Dx3ZxuUMJpuwU4_QeQL2gtKhC7kxJGyzA-aW2yTq8wWZyjbY:1pqWuS:wrzGb2ePBC7hGNamxz38TEJaZk7v0xSLbhk_99xibq4','2023-05-07 10:25:32.438694'),('0m5ojphj9hwuib1x3oupbcu7x33xfjmw','.eJxVjMEOgjAQRP-lZ9N0KWxbj975hma3bAU1JaFwMv67kHDQOb55M28VaVvHuFVZ4jSoqwJ1-WVM6SnlKIYHlfus01zWZWJ9KPpsq-7nQV630_07GKmO-5rMHgsWMSA6Dx3ZxuUMJpuwU4_QeQL2gtKhC7kxJGyzA-aW2yTq8wWZyjbY:1pk6Ev:6tPg0TE0MfJjd9mEFRUcXGEoeiGaePGE90gG-RlCNp0','2023-04-19 16:44:05.058184'),('0orx4t70ctqwc2lf3fhxo5oem0fir63a','.eJxVjEEOwiAQRe_C2hAKOIBL9z0DGYapVA0kpV0Z765NutDtf-_9l4i4rSVunZc4Z3ERRmtx-l0T0oPrjvId661JanVd5iR3RR60y7Flfl4P9--gYC_fOmXFOGVj0ZN2QUNwnsOgzAAe6WwCeKV0ADbBIdsMAGQnz6TAgVEk3h8gDTeR:1pmdI1:xDha7PeUcnGSDvmzV2vyYIAA1VI7xMl0iYZEFf76-yU','2023-04-26 16:25:45.302788'),('0p502kpfqsdqp4v0tcrxdmrclq645ibz','.eJxVjDsOwjAQRO_iGln-sFlDSZ8zWBuvFwdQLMVJhbg7iZQCypn3Zt4q0rqUuLY8x5HVVaFXp99yoPTM0074QdO96lSnZR4HvSv6oE33lfPrdrh_B4Va2dbOEogluQQWw4iQyNluQMuct2i8Z0gdGHQGg1AQgLOY7FBAAgKqzxcSADft:1ppS9X:nTFRhgDwY9tKYpF6R9HXOsfMdFnu8X47pFQFayd-rI8','2023-05-04 11:08:39.751859'),('0qwo4seypg4a3ejd2k5jwjwdfb6z26t5','.eJxVjEEOwiAUBe_C2pD-AgVcuvcM5MMDWzU0Ke3KeHdt0oVu38y8lwi8rWPYWl7CBHEWSpE4_a6R0yPXHeHO9TbLNNd1maLcFXnQJq8z8vNyuH8HI7fxW5MvZBGH2BcFJOfJmV7ZzMlT8TA9EItmEPwAqzskbTyBuHNkWbF4fwBE8zjI:1pqYJf:hOgIO6UZ4yzM5uZ2GS-B3mfx_axNGzxd_AkvYKu9abg','2023-05-07 11:55:39.489525'),('0ulz8ynw2nm5xaj6acpmio2g4ce3a5nv','.eJxVjDsOwyAQBe9CHSHzNaRM7zMgdheCkwgkY1dR7h5bcpG0b2bem4W4rSVsPS1hJnZlSkp2-V0h4jPVA9Ej1nvj2Oq6zMAPhZ-086lRet1O9--gxF72Wgw-G_IEFgjBmywpaQCE0WTKfiCL6LQTVqHV0Yw7FlmQ0p6c8yKzzxdh3TlA:1pncKw:9tSvBNkRKyYW-WuzzvaofVRMdkUwmJ-Re_tpDlJwbNQ','2023-04-29 09:36:50.911396'),('0xutyjd9rbn21nzueq904blj7h35zvha','.eJxVjEEOwiAQRe_C2hAKOIBL9z0DGYapVA0kpV0Z765NutDtf-_9l4i4rSVunZc4Z3ERRmtx-l0T0oPrjvId661JanVd5iR3RR60y7Flfl4P9--gYC_fOmXFOGVj0ZN2QUNwnsOgzAAe6WwCeKV0ADbBIdsMAGQnz6TAgVEk3h8gDTeR:1pnFMn:2aC9_n47M21YYVV7lZehS16zmYDLJXjmT6LZgN8GXZo','2023-04-28 09:05:13.149067'),('0yp9eefdrrruqcn47ed0huzpq3lfbcxw','.eJxVjMEOgjAQRP-lZ9N0KWxbj975hma3bAU1JaFwMv67kHDQOb55M28VaVvHuFVZ4jSoqwJ1-WVM6SnlKIYHlfus01zWZWJ9KPpsq-7nQV630_07GKmO-5rMHgsWMSA6Dx3ZxuUMJpuwU4_QeQL2gtKhC7kxJGyzA-aW2yTq8wWZyjbY:1patz2:2kjgvyKhAfHwZXgE1zSH01lapLGBVJpU7kv_i7jLcVI','2023-03-25 07:49:40.715556'),('0zbet0biwvm1b8729gnx1xf5kpscj4r3','.eJxVjEEOgjAQRe_StWk6pTNQl-49A5l2poIaSCisjHdXEha6_e-9_zI9b-vQb1WXfhRzNtA5c_pdE-eHTjuSO0-32eZ5Wpcx2V2xB632Oos-L4f7dzBwHb61i149CgmgSizghR2JcyEAdiUyEGTXFkJiJdTYaIFUGqQmtaFkNu8PH4U4Nw:1pnMsR:DaJVthavpR2l1SUUGl7fbpLEXvLLt7MYdGnf2uHAfUc','2023-04-28 17:06:23.964016'),('0zwdob2x02xvy25gp61576uohyi491so','.eJxVjEEOgjAQRe_StWk6pTNQl-49A5l2poIaSCisjHdXEha6_e-9_zI9b-vQb1WXfhRzNtA5c_pdE-eHTjuSO0-32eZ5Wpcx2V2xB632Oos-L4f7dzBwHb61i149CgmgSizghR2JcyEAdiUyEGTXFkJiJdTYaIFUGqQmtaFkNu8PH4U4Nw:1pnNVn:w0zxwPgtayNa__66AfR_CEBJFXCldeGai4dt1YPCxYM','2023-04-28 17:47:03.780969'),('123v3sdzd0egh22gcwsm2dmmapjcdru5','.eJxVjDsOwyAQBe9CHSHzNaRM7zMgdheCkwgkY1dR7h5bcpG0b2bem4W4rSVsPS1hJnZlSkp2-V0h4jPVA9Ej1nvj2Oq6zMAPhZ-086lRet1O9--gxF72Wgw-G_IEFgjBmywpaQCE0WTKfiCL6LQTVqHV0Yw7FlmQ0p6c8yKzzxdh3TlA:1pnMJE:-mSqircwHtBW1h1if-o6kAHS6-qEd6HglAJCG4I1qUs','2023-04-28 16:30:00.060317'),('14kw82hcrsstwnbwkd5omopl3m6p76ko','.eJxVjEEOwiAQRe_C2hAKOIBL9z0DGYapVA0kpV0Z765NutDtf-_9l4i4rSVunZc4Z3ERRmtx-l0T0oPrjvId661JanVd5iR3RR60y7Flfl4P9--gYC_fOmXFOGVj0ZN2QUNwnsOgzAAe6WwCeKV0ADbBIdsMAGQnz6TAgVEk3h8gDTeR:1pnFSN:9jKJwYJwzg1chLz16FegxEbUf-sGKbn_fxYHuY7FL_k','2023-04-28 09:10:59.264954'),('18qupzy0ia0di5bt3ve2ijatd9348wsr','.eJxVjMEOgjAQRP-lZ9N0KWxbj975hma3bAU1JaFwMv67kHDQOb55M28VaVvHuFVZ4jSoqwJ1-WVM6SnlKIYHlfus01zWZWJ9KPpsq-7nQV630_07GKmO-5rMHgsWMSA6Dx3ZxuUMJpuwU4_QeQL2gtKhC7kxJGyzA-aW2yTq8wWZyjbY:1pqY3Y:Xt7iFpDNAYy3ozFtir4OKt7oOlvr3JqDe83-V_fb-_w','2023-05-07 11:39:00.832057'),('19o1f323h0f4ef4kv121oz18pe2rrqqf','.eJxVjMEOgjAQRP-lZ9N0KWxbj975hma3bAU1JaFwMv67kHDQOb55M28VaVvHuFVZ4jSoqwJ1-WVM6SnlKIYHlfus01zWZWJ9KPpsq-7nQV630_07GKmO-5rMHgsWMSA6Dx3ZxuUMJpuwU4_QeQL2gtKhC7kxJGyzA-aW2yTq8wWZyjbY:1pkjzj:WOTgIfpZvDS3M5TkemddxeDiS5JJdE7d2ezHjmb71n4','2023-04-21 11:11:03.640003'),('1an7rs8r8a9w7hv5w0ui0o8ugaj3stpk','.eJxVjEEOwiAQRe_C2hAKOIBL9z0DGYapVA0kpV0Z765NutDtf-_9l4i4rSVunZc4Z3ERRmtx-l0T0oPrjvId661JanVd5iR3RR60y7Flfl4P9--gYC_fOmXFOGVj0ZN2QUNwnsOgzAAe6WwCeKV0ADbBIdsMAGQnz6TAgVEk3h8gDTeR:1pmb26:S3RiOj8iHJxGmMxS6s3Obe3uOB3aqUiM5w3Rs8ksZdM','2023-04-26 14:01:10.445838'),('1anbbxjzhnc4ztg1h27vjkuku0a5if4l','.eJxVjMsKwyAQAP_Fc5E1u4r22Hu_QVZXa9qSQB6n0H8vQg7tdWaYQ0Xetxb3tSxxFHVVOFh1-aWJ86tMXcmTp8es8zxty5h0T_RpV32fpbxvZ_s3aLy2PmZKkDwBJApOIDgDAQt48hYcURYk9FQxB6yVUMBkGchYysWwH9TnC_phNwc:1pojJV:GbKGLxmwTU3nhCDt6wctaoRDfk7oUPhPpyLERzPR-O4','2023-05-02 11:15:57.046482'),('1ed15lt3tlgpbmh2ms2yvd45fy6a0qs2','.eJxVjEEOgjAQRe_StWlombHFpXvOQKYzg6CmTSisjHdXEha6_e-9_zIDbes0bFWXYRZzMa335vS7JuKH5h3JnfKtWC55XeZkd8UetNq-iD6vh_t3MFGdvjVDTKoBx6ZpvbToBBBdxE7PEIA4BM-AHMVB5yjoOEYVpiTMERvP5v0BJB04nw:1pnJru:1DwEXBOTP0R_i4g65uVX-Fx9CfTe1g1uRJzjLyKiYiU','2023-04-28 13:53:38.512211'),('1exnjfpl9r6iccldxlwulhn3h5z7dn1a','.eJxVjMEOgjAQRP-lZ9N0KWxbj975hma3bAU1JaFwMv67kHDQOb55M28VaVvHuFVZ4jSoqwJ1-WVM6SnlKIYHlfus01zWZWJ9KPpsq-7nQV630_07GKmO-5rMHgsWMSA6Dx3ZxuUMJpuwU4_QeQL2gtKhC7kxJGyzA-aW2yTq8wWZyjbY:1pkRIP:IRx6LUEpib_y8JK7YX6Qnf1ao-Lcqpnur0Dy6zA8Adg','2023-04-20 15:13:05.852128'),('1f9v58umo58vjvd1agqwetdq6ta6fx0b','.eJxVjMEOgjAQRP-lZ9N0KWxbj975hma3bAU1JaFwMv67kHDQOb55M28VaVvHuFVZ4jSoqwJ1-WVM6SnlKIYHlfus01zWZWJ9KPpsq-7nQV630_07GKmO-5rMHgsWMSA6Dx3ZxuUMJpuwU4_QeQL2gtKhC7kxJGyzA-aW2yTq8wWZyjbY:1psc86:giGcJPKKAPqab3pW8tEpMTQKFQkasFBu2WbNAsTTrqw','2023-05-13 04:24:14.228743'),('1inpwnc9e06eg6e5ohj4qav532mxwbvk','.eJxVjEsOgzAMRO-SdRURIwfTZfc9A7Jj09BWQeKzQr17QWLR7kbz3szmOl6X3K2zTd2g7uoCBnf5bYXTy8qB9MnlMfo0lmUaxB-KP-ns76Pa-3a6fweZ57yvG0altg5QkXHEBpPFSnuQiEi0BwCpIRGoCjJJACWIvTG2EtXEfb4jYjie:1pl4fa:u3xfphn79BJ2lfBLzvRukZAPtT0owclCFWKC51qv3vE','2023-04-22 09:15:38.331310'),('1j440ky263qcy0prmivy1misu609m9wg','.eJxVjDsOwyAQBe9CHSHzNaRM7zMgdheCkwgkY1dR7h5bcpG0b2bem4W4rSVsPS1hJnZlSkp2-V0h4jPVA9Ej1nvj2Oq6zMAPhZ-086lRet1O9--gxF72Wgw-G_IEFgjBmywpaQCE0WTKfiCL6LQTVqHV0Yw7FlmQ0p6c8yKzzxdh3TlA:1poPQH:g3uZz54beKQk2xzmImo9agJA0p3HyNnPG3jG_pscRSY','2023-05-01 14:01:37.947838'),('1j85a37hrdqimyr8s4l2y805obvdb1qy','.eJxVjMEOgjAQRP-lZ9N0KWxbj975hma3bAU1JaFwMv67kHDQOb55M28VaVvHuFVZ4jSoqwJ1-WVM6SnlKIYHlfus01zWZWJ9KPpsq-7nQV630_07GKmO-5rMHgsWMSA6Dx3ZxuUMJpuwU4_QeQL2gtKhC7kxJGyzA-aW2yTq8wWZyjbY:1pqt7x:fUTcRSTVq-yavz4NBGD90k1wmQLfFQoxyVAr2jSPtBU','2023-05-08 10:08:57.826736'),('1k61fola3kqwv0ozxe2szu4v1xpito91','.eJxVjEEOwiAQRe_C2hBoZQZcuu8ZyAwMtmpKUtqV8e7apAvd_vfef6lI2zrGrckSp6wuCr06_Y5M6SHzTvKd5lvVqc7rMrHeFX3Qpoea5Xk93L-Dkdr4reVMACR93wGCz8iBIQARJkQLRkIyTME4a8UWX5xxzpXkAxUB7hjV-wMIdTgj:1pooZr:w6jXYdV3wz7iPwPG31va1Q8qzZ47bwO9Azw14Qlpu5Y','2023-05-02 16:53:11.437759'),('1kk1e3td0kq4208r9q9qh03lhep7g0j3','.eJxVjDsOwyAQBe9CHSHzNaRM7zMgdheCkwgkY1dR7h5bcpG0b2bem4W4rSVsPS1hJnZlSkp2-V0h4jPVA9Ej1nvj2Oq6zMAPhZ-086lRet1O9--gxF72Wgw-G_IEFgjBmywpaQCE0WTKfiCL6LQTVqHV0Yw7FlmQ0p6c8yKzzxdh3TlA:1pnKZD:2xoYjQtJ2uy_JIh06jYVr7tWa8X-zhk7nEfHJY9paio','2023-04-28 14:38:23.397608'),('1l2d1f8aiemmspsw0qsc3qcbd67ky1sm','e30:1pfiYc:UtjRlrHGLtPk00gzOSwxTL27w4JNmEByIpl8kDo4d7k','2023-04-07 14:38:18.453535'),('1lrr6ttscpkdizov3ydmhfsjpepm13g6','.eJxVjMEOgjAQRP-lZ9N0KWxbj975hma3bAU1JaFwMv67kHDQOb55M28VaVvHuFVZ4jSoqwJ1-WVM6SnlKIYHlfus01zWZWJ9KPpsq-7nQV630_07GKmO-5rMHgsWMSA6Dx3ZxuUMJpuwU4_QeQL2gtKhC7kxJGyzA-aW2yTq8wWZyjbY:1pkr1s:-fdELNfrZvO4nQYt5EYHvvP7_Ks37YzCjhlm4KMI4wo','2023-04-21 18:41:44.873622'),('1n0k1cpdux3te7d13jtt0xwz4efg120k','.eJxVjDsOwyAQBe9CHSHzNaRM7zMgdheCkwgkY1dR7h5bcpG0b2bem4W4rSVsPS1hJnZlSkp2-V0h4jPVA9Ej1nvj2Oq6zMAPhZ-086lRet1O9--gxF72Wgw-G_IEFgjBmywpaQCE0WTKfiCL6LQTVqHV0Yw7FlmQ0p6c8yKzzxdh3TlA:1pnP43:GvhgewxqpsRsuQbjzCAH3BE45ylr3IsCydIrlbrg8Yk','2023-04-28 19:26:31.413627'),('1rp2tkxp4juvxo9mwr9rdk6hklo67glf','.eJxVjDsOwjAQBe_iGlkYf1hT0nMGa3ftxQHkSHFSIe5OIqWAdmbee6uEy1zT0suUhqwuKoA6_EJCfpa2mfzAdh81j22eBtJbonfb9W3M5XXd27-Dir2uawDPINEgRiM-ROtNLs5aZ1YQgekE4i3iWZgloFBG55COEUJxHkl9vgwTOKw:1pkpin:gipuXNPWn43gn42HXkkMgrvNN76QaKXckPan72CwAUc','2023-04-21 17:17:57.737754'),('1t3cpa3d45sslqt84h2lwj15yvcbog3p','.eJxVjDsOwyAQBe9CHSHzNaRM7zMgdheCkwgkY1dR7h5bcpG0b2bem4W4rSVsPS1hJnZlSkp2-V0h4jPVA9Ej1nvj2Oq6zMAPhZ-086lRet1O9--gxF72Wgw-G_IEFgjBmywpaQCE0WTKfiCL6LQTVqHV0Yw7FlmQ0p6c8yKzzxdh3TlA:1pqubi:927k_N4HFiUS11uBBnihnrO2HEbpuA7Td0Ng058Nfyk','2023-05-08 11:43:46.307495'),('1uvlcouyio7sagxwivvdq1su4wila1lm','.eJxVjDsOwyAQBe9CHSHzNaRM7zMgdheCkwgkY1dR7h5bcpG0b2bem4W4rSVsPS1hJnZlSkp2-V0h4jPVA9Ej1nvj2Oq6zMAPhZ-086lRet1O9--gxF72Wgw-G_IEFgjBmywpaQCE0WTKfiCL6LQTVqHV0Yw7FlmQ0p6c8yKzzxdh3TlA:1poPzz:GPWiLH8TFMFZsQ39WBfTFSAQ57BT0dhoV74EtRMCm1M','2023-05-01 14:38:31.523381'),('1vhjjv9ltsjdfe40o62z7brxnw3lx09p','.eJxVjMEOgjAQRP-lZ9N0KWxbj975hma3bAU1JaFwMv67kHDQOb55M28VaVvHuFVZ4jSoqwJ1-WVM6SnlKIYHlfus01zWZWJ9KPpsq-7nQV630_07GKmO-5rMHgsWMSA6Dx3ZxuUMJpuwU4_QeQL2gtKhC7kxJGyzA-aW2yTq8wWZyjbY:1pl2FS:afOA-W_qhvKw2eZuaCPT1OLEXCeaFxJATx4abbL8CzU','2023-04-22 06:40:30.387620'),('1wwztdvd25rpbfttfu1pwpsgbixmwqan','.eJxVjMEOgjAQRP-lZ9N0KWxbj975hma3bAU1JaFwMv67kHDQOb55M28VaVvHuFVZ4jSoqwJ1-WVM6SnlKIYHlfus01zWZWJ9KPpsq-7nQV630_07GKmO-5rMHgsWMSA6Dx3ZxuUMJpuwU4_QeQL2gtKhC7kxJGyzA-aW2yTq8wWZyjbY:1pkpBS:f2dgYUtN3_l7aKT7wb2ckWjIjZMHcqIxLs-HtI25pw0','2023-04-21 16:43:30.568654'),('1yb0fxrca5ngdx5ojgyo60zpvrt7em4y','.eJxVjDsOwjAQBe_iGlm2418o6XMGa9e74ACypTipEHeHSCmgfTPzXiLBtpa0dV7STOIsfBSn3xEhP7juhO5Qb03mVtdlRrkr8qBdTo34eTncv4MCvXxrJOVHh1cwRvmINjDyQIZD9I7BsKNgA-ocgMniiKBAa7Yaguc8oBPvDydlOO4:1ppp0z:GS20yuulJwNtZM5BmByr0jphaFYpBxSd4qndLhYbHg0','2023-05-05 11:33:21.919028'),('1zobtimkenx2p1lba2bqjh9qj98gk8wu','.eJxVjMEOgjAQRP-lZ9N0KWxbj975hma3bAU1JaFwMv67kHDQOb55M28VaVvHuFVZ4jSoqwJ1-WVM6SnlKIYHlfus01zWZWJ9KPpsq-7nQV630_07GKmO-5rMHgsWMSA6Dx3ZxuUMJpuwU4_QeQL2gtKhC7kxJGyzA-aW2yTq8wWZyjbY:1pqvyw:grDPuOGbw2c_bsZ-goSMWk4sI325tdF8kVJrmeWVY6M','2023-05-08 13:11:50.439971'),('21e23n5j4ixcu0s56n9pmpj2q6ms35bn','.eJxVjDsOwjAQBe_iGlm2418o6XMGa9e74ACypTipEHeHSCmgfTPzXiLBtpa0dV7STOIsfBSn3xEhP7juhO5Qb03mVtdlRrkr8qBdTo34eTncv4MCvXxrJOVHh1cwRvmINjDyQIZD9I7BsKNgA-ocgMniiKBAa7Yaguc8oBPvDydlOO4:1poUcg:YXWNCBIuYTFpSvsi37Y3k6sA7DNlxK0Cp7-7e_ExRyc','2023-05-01 19:34:46.414282'),('23uf1u7qtolsl97wcwebykkpazn1wni7','.eJxVjMEOgjAQRP-lZ9N0KWxbj975hma3bAU1JaFwMv67kHDQOb55M28VaVvHuFVZ4jSoqwJ1-WVM6SnlKIYHlfus01zWZWJ9KPpsq-7nQV630_07GKmO-5rMHgsWMSA6Dx3ZxuUMJpuwU4_QeQL2gtKhC7kxJGyzA-aW2yTq8wWZyjbY:1pqYoR:Q0WaLFuK24T7XWIchWi3PU1uE4vQK0FOJJYbvtMZMKg','2023-05-07 12:27:27.825892'),('2alx2skafbrwrxupluo5bcejvjh91lze','.eJxVjMEOgjAQRP-lZ9N0KWxbj975hma3bAU1JaFwMv67kHDQOb55M28VaVvHuFVZ4jSoqwJ1-WVM6SnlKIYHlfus01zWZWJ9KPpsq-7nQV630_07GKmO-5rMHgsWMSA6Dx3ZxuUMJpuwU4_QeQL2gtKhC7kxJGyzA-aW2yTq8wWZyjbY:1pqYK2:AxDHCStNSUXeTIOzQZndKZb0ltrlA_bVor56DIbTllQ','2023-05-07 11:56:02.067735'),('2chmjl4vktyouu4nv4t1au2fo5s58tk4','.eJxVjMEOgjAQRP-lZ9N0KWxbj975hma3bAU1JaFwMv67kHDQOb55M28VaVvHuFVZ4jSoqwJ1-WVM6SnlKIYHlfus01zWZWJ9KPpsq-7nQV630_07GKmO-5rMHgsWMSA6Dx3ZxuUMJpuwU4_QeQL2gtKhC7kxJGyzA-aW2yTq8wWZyjbY:1pkRAp:cPkRr8USaJFeOwR7Agpx709j9V0rtcC7gnRpOA2bp_s','2023-04-20 15:05:15.315269'),('2chu4uvy9r44p6aay2ozsh7a61mlt5wl','.eJxVjDsOwyAQBe9CHSHzNaRM7zMgdheCkwgkY1dR7h5bcpG0b2bem4W4rSVsPS1hJnZlSkp2-V0h4jPVA9Ej1nvj2Oq6zMAPhZ-086lRet1O9--gxF72Wgw-G_IEFgjBmywpaQCE0WTKfiCL6LQTVqHV0Yw7FlmQ0p6c8yKzzxdh3TlA:1po4tz:IgREsZFUBEzmdV0AQoUXdFoWiMM3uBr3YKo75BSqNxo','2023-04-30 16:06:55.941882'),('2fl7qzx6g76u06zq6bg6bsehbaurrtxw','.eJxVjMEOgjAQRP-lZ9N0KWxbj975hma3bAU1JaFwMv67kHDQOb55M28VaVvHuFVZ4jSoqwJ1-WVM6SnlKIYHlfus01zWZWJ9KPpsq-7nQV630_07GKmO-5rMHgsWMSA6Dx3ZxuUMJpuwU4_QeQL2gtKhC7kxJGyzA-aW2yTq8wWZyjbY:1pkjwx:FQQ7Dn2HPAGDZXYZcFQtbYQqV1yJ8Kl1v4yjSMYmLlY','2023-04-21 11:08:11.700589'),('2grplkmhbxhearvuj8o1sm33orjhgb52','.eJxVjMEOgjAQRP-lZ9N0KWxbj975hma3bAU1JaFwMv67kHDQOb55M28VaVvHuFVZ4jSoqwJ1-WVM6SnlKIYHlfus01zWZWJ9KPpsq-7nQV630_07GKmO-5rMHgsWMSA6Dx3ZxuUMJpuwU4_QeQL2gtKhC7kxJGyzA-aW2yTq8wWZyjbY:1pkjxX:HLXpdCMYTl12lmTYwRYv98nYQO7Sk8kQIWFLFmySZ9g','2023-04-21 11:08:47.203170'),('2h14xy1hjokfo7fmsfef4posqs0wrt86','.eJxVjEEOwiAQRe_C2hAKOIBL9z0DGYapVA0kpV0Z765NutDtf-_9l4i4rSVunZc4Z3ERRmtx-l0T0oPrjvId661JanVd5iR3RR60y7Flfl4P9--gYC_fOmXFOGVj0ZN2QUNwnsOgzAAe6WwCeKV0ADbBIdsMAGQnz6TAgVEk3h8gDTeR:1pnI04:1A9jF67mwyfoafk8lS_MnyOnOXJnyXkXnwzhkgMcFeU','2023-04-28 11:53:56.213409'),('2h73ob0q65mlu3ps2h0rb1tiu6t3cj46','.eJxVjMEOgjAQRP-lZ9N0KWxbj975hma3bAU1JaFwMv67kHDQOb55M28VaVvHuFVZ4jSoqwJ1-WVM6SnlKIYHlfus01zWZWJ9KPpsq-7nQV630_07GKmO-5rMHgsWMSA6Dx3ZxuUMJpuwU4_QeQL2gtKhC7kxJGyzA-aW2yTq8wWZyjbY:1pkL67:ubD9uOedV-M-KLECXHziWtiIPONKm4j7TRRrknTzaH8','2023-04-20 08:35:59.126598'),('2hrpolwvlq0pc9lk7n2yupg4nnu7hifs','.eJxVjMEOgjAQRP-lZ9N0KWxbj975hma3bAU1JaFwMv67kHDQOb55M28VaVvHuFVZ4jSoqwJ1-WVM6SnlKIYHlfus01zWZWJ9KPpsq-7nQV630_07GKmO-5rMHgsWMSA6Dx3ZxuUMJpuwU4_QeQL2gtKhC7kxJGyzA-aW2yTq8wWZyjbY:1pkjXd:p3hD8KNNJyp8HeNTNozNhLaU_YgEn9zwghCJN8E2lfc','2023-04-21 10:42:01.288972'),('2iuhvd2wwvvcqii2057j62ngq7naghro','.eJxVjDsOwjAQBe_iGlm2418o6XMGa9e74ACypTipEHeHSCmgfTPzXiLBtpa0dV7STOIsfBSn3xEhP7juhO5Qb03mVtdlRrkr8qBdTo34eTncv4MCvXxrJOVHh1cwRvmINjDyQIZD9I7BsKNgA-ocgMniiKBAa7Yaguc8oBPvDydlOO4:1ppRYk:SLa8yLNJmpHATr-9cwna2Ln5bgX1od_dlYCEBtTrwlE','2023-05-04 10:30:38.718869'),('2jd2yo701tdnppcsfkbgtqc7jwpxa75g','.eJxVjDsOwjAQBe_iGllrr3-hpOcM0Tq7IQFkS3FSIe4OkVJA-2bmvVRP2zr1W5Oln1mdlXFWnX7XTMNDyo74TuVW9VDLusxZ74o-aNPXyvK8HO7fwURt-tbJDBGwQyHxAYKh6K0zNhmkKGAxeU5sM3rMYh1Dl0kCwJjCiDxGVO8P_k83aw:1ppYHj:3a18zgeOyrmzqwxq3MicsJs9a_M7LZbMMLA73oUhM0s','2023-05-04 17:41:31.064902'),('2ltsziureu50wg7a5jogvi3z3k26bh1c','.eJxVjMEOgjAQRP-lZ9N0KWxbj975hma3bAU1JaFwMv67kHDQOb55M28VaVvHuFVZ4jSoqwJ1-WVM6SnlKIYHlfus01zWZWJ9KPpsq-7nQV630_07GKmO-5rMHgsWMSA6Dx3ZxuUMJpuwU4_QeQL2gtKhC7kxJGyzA-aW2yTq8wWZyjbY:1pkoro:_xsEXTxEPKYA3rqMjN3DNX4GvWOPwpy2ZZM3f62k6_o','2023-04-21 16:23:12.107571'),('2nz5kyoq1n2o4l2oatl5t6yjdnbm5yyu','.eJxVjMEOgjAQRP-lZ9N0KWxbj975hma3bAU1JaFwMv67kHDQOb55M28VaVvHuFVZ4jSoqwJ1-WVM6SnlKIYHlfus01zWZWJ9KPpsq-7nQV630_07GKmO-5rMHgsWMSA6Dx3ZxuUMJpuwU4_QeQL2gtKhC7kxJGyzA-aW2yTq8wWZyjbY:1pkhN6:z87SOKLKGBz3Fah5LDhfzroz5gYifYUShRdqjGNP0iA','2023-04-21 08:23:00.185667'),('2r0quprdps0wq3d3vss7l1mfnszle4b1','.eJxVjDsOwyAQBe9CHSHzNaRM7zMgdheCkwgkY1dR7h5bcpG0b2bem4W4rSVsPS1hJnZlSkp2-V0h4jPVA9Ej1nvj2Oq6zMAPhZ-086lRet1O9--gxF72Wgw-G_IEFgjBmywpaQCE0WTKfiCL6LQTVqHV0Yw7FlmQ0p6c8yKzzxdh3TlA:1pnXnr:W7A39K910GGgN1s7syFEl8tClGqNSEtVsdGv1Ani_64','2023-04-29 04:46:23.507058'),('2xi39waycj5llvsw2ayo9z7zazj4yi1u','.eJxVjDsOwyAQBe9CHSHzNaRM7zMgdheCkwgkY1dR7h5bcpG0b2bem4W4rSVsPS1hJnZlSkp2-V0h4jPVA9Ej1nvj2Oq6zMAPhZ-086lRet1O9--gxF72Wgw-G_IEFgjBmywpaQCE0WTKfiCL6LQTVqHV0Yw7FlmQ0p6c8yKzzxdh3TlA:1pnMG1:Jz2aYuZvKbDAOV1YBQRctOzNF3Ser6J1dtScZwlefxg','2023-04-28 16:26:41.763914'),('2ysg8cbjiwupv593fjjtv72wj0jtel5b','.eJxVjMEOgjAQRP-lZ9N0KWxbj975hma3bAU1JaFwMv67kHDQOb55M28VaVvHuFVZ4jSoqwJ1-WVM6SnlKIYHlfus01zWZWJ9KPpsq-7nQV630_07GKmO-5rMHgsWMSA6Dx3ZxuUMJpuwU4_QeQL2gtKhC7kxJGyzA-aW2yTq8wWZyjbY:1pkO9w:WwSoPsEk-mFANt2uXgyq4eeuWHONYrsGxr1tzOvK_lI','2023-04-20 11:52:08.298397'),('2zq9hzl8qmw9l5n6aa8zf8b1ix8tm7tp','.eJxVjDsOwyAQBe9CHSHzNaRM7zMgdheCkwgkY1dR7h5bcpG0b2bem4W4rSVsPS1hJnZlSkp2-V0h4jPVA9Ej1nvj2Oq6zMAPhZ-086lRet1O9--gxF72Wgw-G_IEFgjBmywpaQCE0WTKfiCL6LQTVqHV0Yw7FlmQ0p6c8yKzzxdh3TlA:1pnKT4:MdMRlrSFcb_ReOYlxu0hzchPtE8lMg-26X5gS07bEUU','2023-04-28 14:32:02.131331'),('32eobc1k2ckby86thbusjlafzgp0u3p8','.eJxVjDsOwjAQBe_iGlle_5eSPmewbK-DA8iR4qRC3J1ESgHtzLz3ZiFuaw1bL0uYiF2Z0-zyC1PMz9IOQ4_Y7jPPc1uXKfEj4aftfJipvG5n-3dQY6_7WlqvvcqjBeOFcTIDgROAkryyGlDv3OCYKJMAhYAuovamKGeTzCjZ5wvCGDZD:1poolN:h-rCPgGrfPVY4N0f9NJnvuhdzFZW91uq1hFYxxUdsB0','2023-05-02 17:05:05.171771'),('335ev9gri1t6d46t5hwpzv99s6hgu0k4','.eJxVjMEOgjAQRP-lZ9N0KWxbj975hma3bAU1JaFwMv67kHDQOb55M28VaVvHuFVZ4jSoqwJ1-WVM6SnlKIYHlfus01zWZWJ9KPpsq-7nQV630_07GKmO-5rMHgsWMSA6Dx3ZxuUMJpuwU4_QeQL2gtKhC7kxJGyzA-aW2yTq8wWZyjbY:1psdgC:l_GZuwZA60q218JoYfQ45vFGyfdSr9OjfF_m4Y_zR4o','2023-05-13 06:03:32.033494'),('3cp74nrfdipy759apgwy48cmh625nwsk','.eJxVjDsOwyAQBe9CHSHzNaRM7zMgdheCkwgkY1dR7h5bcpG0b2bem4W4rSVsPS1hJnZlSkp2-V0h4jPVA9Ej1nvj2Oq6zMAPhZ-086lRet1O9--gxF72Wgw-G_IEFgjBmywpaQCE0WTKfiCL6LQTVqHV0Yw7FlmQ0p6c8yKzzxdh3TlA:1pnKjm:CuW5ITm4ocriDnNXu_JT0hqVyS4VAiDZytsR3w1D_v4','2023-04-28 14:49:18.148858'),('3dm3d3duc4gridgbce344gtmk53lx3o5','.eJxVjMEOgjAQRP-lZ9N0KWxbj975hma3bAU1JaFwMv67kHDQOb55M28VaVvHuFVZ4jSoqwJ1-WVM6SnlKIYHlfus01zWZWJ9KPpsq-7nQV630_07GKmO-5rMHgsWMSA6Dx3ZxuUMJpuwU4_QeQL2gtKhC7kxJGyzA-aW2yTq8wWZyjbY:1pknvt:rMZ8E68p5QhTITO9W8UEb2vo-qvdMBkSxI1s-m4q8I0','2023-04-21 15:23:21.211937'),('3dorkw1n96d2pv4x7xu3vpk01k6uw9zo','.eJxVjMEOgjAQRP-lZ9N0KWxbj975hma3bAU1JaFwMv67kHDQOb55M28VaVvHuFVZ4jSoqwJ1-WVM6SnlKIYHlfus01zWZWJ9KPpsq-7nQV630_07GKmO-5rMHgsWMSA6Dx3ZxuUMJpuwU4_QeQL2gtKhC7kxJGyzA-aW2yTq8wWZyjbY:1ps1C5:2yGph2yMFCpT-6aMkvq4WiBUYWaLIO00VUy0D1FmBbU','2023-05-11 12:57:53.235476'),('3gnmp1tczolij207wk5rccmnotld8zno','.eJxVjDsOwjAQBe_iGlm2418o6XMGa9e74ACypTipEHeHSCmgfTPzXiLBtpa0dV7STOIsfBSn3xEhP7juhO5Qb03mVtdlRrkr8qBdTo34eTncv4MCvXxrJOVHh1cwRvmINjDyQIZD9I7BsKNgA-ocgMniiKBAa7Yaguc8oBPvDydlOO4:1poUV1:on2Bl856ejptIua8b-8CrGbPn78UM040hKli_X3U6y8','2023-05-01 19:26:51.430183'),('3ks0zgbyk2ozkqz9pignigeaszo6bm8k','.eJxVjDsOwyAQBe9CHSHzNaRM7zMgdheCkwgkY1dR7h5bcpG0b2bem4W4rSVsPS1hJnZlSkp2-V0h4jPVA9Ej1nvj2Oq6zMAPhZ-086lRet1O9--gxF72Wgw-G_IEFgjBmywpaQCE0WTKfiCL6LQTVqHV0Yw7FlmQ0p6c8yKzzxdh3TlA:1ps1J0:NambWpWzByi4MSrSXor4Kprd9gZqEHbUKsT4bvxXSAA','2023-05-11 13:05:02.523134'),('3lbh986gglyn1ezxa1yct87lxyjj7jen','.eJxVjDsOwyAQBe9CHSHzNaRM7zMgdheCkwgkY1dR7h5bcpG0b2bem4W4rSVsPS1hJnZlSkp2-V0h4jPVA9Ej1nvj2Oq6zMAPhZ-086lRet1O9--gxF72Wgw-G_IEFgjBmywpaQCE0WTKfiCL6LQTVqHV0Yw7FlmQ0p6c8yKzzxdh3TlA:1pnfJx:HRZYDCs9WeeqQLrSB9hDYPtUiaJv8CYGHq3ZLDpm6R4','2023-04-29 12:48:01.538197'),('3np24zln2wpazbiuq9xraamf1fe2dtj3','.eJxVjDsOwyAQBe9CHSHzNaRM7zMgdheCkwgkY1dR7h5bcpG0b2bem4W4rSVsPS1hJnZlSkp2-V0h4jPVA9Ej1nvj2Oq6zMAPhZ-086lRet1O9--gxF72Wgw-G_IEFgjBmywpaQCE0WTKfiCL6LQTVqHV0Yw7FlmQ0p6c8yKzzxdh3TlA:1pnXnH:rszchP4i4EvQQ7UO9_Fjs5XtocPwIx4Bji1x4Idsnl8','2023-04-29 04:45:47.634003'),('3pggkm7mu4k7pbo7hsavccz1olin5kw9','.eJxVjEEOwiAQRe_C2hAKOIBL9z0DGYapVA0kpV0Z765NutDtf-_9l4i4rSVunZc4Z3ERRmtx-l0T0oPrjvId661JanVd5iR3RR60y7Flfl4P9--gYC_fOmXFOGVj0ZN2QUNwnsOgzAAe6WwCeKV0ADbBIdsMAGQnz6TAgVEk3h8gDTeR:1pmz5p:A-UmUSPPAkLFBBzZfXEaFwqyPP9RVDP0gWYpyLrFQqM','2023-04-27 15:42:37.302847'),('3pnsdyy258xcqc5ysr6qgvd8f9170fq4','.eJxVjEEOwiAQRe_C2hAKOIBL9z0DGYapVA0kpV0Z765NutDtf-_9l4i4rSVunZc4Z3ERRmtx-l0T0oPrjvId661JanVd5iR3RR60y7Flfl4P9--gYC_fOmXFOGVj0ZN2QUNwnsOgzAAe6WwCeKV0ADbBIdsMAGQnz6TAgVEk3h8gDTeR:1pmdH6:VFsrt5UtA1JNTKPCCqL6Drj7woPgQf68-VRhHKLn9nI','2023-04-26 16:24:48.003224'),('3pooz2ac2e2osp7itv6np8l8mpp1vqsx','.eJxVjEsOgzAMRO-SdRURIwfTZfc9A7Jj09BWQeKzQr17QWLR7kbz3szmOl6X3K2zTd2g7uoCBnf5bYXTy8qB9MnlMfo0lmUaxB-KP-ns76Pa-3a6fweZ57yvG0altg5QkXHEBpPFSnuQiEi0BwCpIRGoCjJJACWIvTG2EtXEfb4jYjie:1pl4h7:vItsNRNWRBEbm5DOP5DCUsR__xQutmDZh9HYVeRU8-U','2023-04-22 09:17:13.949006'),('3qp4f5cmdu1t9n8cx8v3unnsq6patkgk','.eJxVjDsOwjAQBe_iGlm2418o6XMGa9e74ACypTipEHeHSCmgfTPzXiLBtpa0dV7STOIsfBSn3xEhP7juhO5Qb03mVtdlRrkr8qBdTo34eTncv4MCvXxrJOVHh1cwRvmINjDyQIZD9I7BsKNgA-ocgMniiKBAa7Yaguc8oBPvDydlOO4:1pqut8:-K4TxPkdVqysavCm5WQVi9cKTDvmMZEAecobKtbYJsM','2023-05-08 12:01:46.924184'),('3t1df1oq0hocitzw9eih6bmpr96ruze2','.eJxVjEEOwiAQRe_C2hAKOIBL9z0DGYapVA0kpV0Z765NutDtf-_9l4i4rSVunZc4Z3ERRmtx-l0T0oPrjvId661JanVd5iR3RR60y7Flfl4P9--gYC_fOmXFOGVj0ZN2QUNwnsOgzAAe6WwCeKV0ADbBIdsMAGQnz6TAgVEk3h8gDTeR:1pmziE:hZf7dkZz7DitMMao6SgtDYdlYdhE5JY8H-FDiKEmXjY','2023-04-27 16:22:18.504672'),('3vzql68l5nkytxh0kut1oy86sow4fzvw','.eJxVjEEOwiAQRe_C2hAKOIBL9z0DGYapVA0kpV0Z765NutDtf-_9l4i4rSVunZc4Z3ERRmtx-l0T0oPrjvId661JanVd5iR3RR60y7Flfl4P9--gYC_fOmXFOGVj0ZN2QUNwnsOgzAAe6WwCeKV0ADbBIdsMAGQnz6TAgVEk3h8gDTeR:1pnJ5U:ffkoVbqE53YdqweShMC3WvFaadXdl8Xh3R5gPP4t4HQ','2023-04-28 13:03:36.131710'),('3yor5i52r3dedatdgtgstadhpq403rrc','.eJxVjMEOgjAQRP-lZ9N0KWxbj975hma3bAU1JaFwMv67kHDQOb55M28VaVvHuFVZ4jSoqwJ1-WVM6SnlKIYHlfus01zWZWJ9KPpsq-7nQV630_07GKmO-5rMHgsWMSA6Dx3ZxuUMJpuwU4_QeQL2gtKhC7kxJGyzA-aW2yTq8wWZyjbY:1pkj8W:HDwkpW1HSAD91t_B6QVnrZEupnZtb7PFcxPJ5d_eot0','2023-04-21 10:16:04.360482'),('3z7lq070c341qk906w2qykzdg86dzf7r','.eJxVjMEOgjAQRP-lZ9N0KWxbj975hma3bAU1JaFwMv67kHDQOb55M28VaVvHuFVZ4jSoqwJ1-WVM6SnlKIYHlfus01zWZWJ9KPpsq-7nQV630_07GKmO-5rMHgsWMSA6Dx3ZxuUMJpuwU4_QeQL2gtKhC7kxJGyzA-aW2yTq8wWZyjbY:1prLKL:ufEmulvRZtLHDiDoMnDh1Y5Ujut1-UCohJwQYxyDKX8','2023-05-09 16:15:37.960031'),('40bmg15qmwgypq46btsfybk6448djfdm','.eJxVjDsOwyAQBe9CHSHzNaRM7zMgdheCkwgkY1dR7h5bcpG0b2bem4W4rSVsPS1hJnZlSkp2-V0h4jPVA9Ej1nvj2Oq6zMAPhZ-086lRet1O9--gxF72Wgw-G_IEFgjBmywpaQCE0WTKfiCL6LQTVqHV0Yw7FlmQ0p6c8yKzzxdh3TlA:1pneJm:FpKvOz-G-mrrM3Zhhben4qiq6WGnxoxqERslnl4PGQ8','2023-04-29 11:43:46.903799'),('40n686ptdj0u8brs921i12umwo4dl1z5','.eJxVjMEOgjAQRP-lZ9N0KWxbj975hma3bAU1JaFwMv67kHDQOb55M28VaVvHuFVZ4jSoqwJ1-WVM6SnlKIYHlfus01zWZWJ9KPpsq-7nQV630_07GKmO-5rMHgsWMSA6Dx3ZxuUMJpuwU4_QeQL2gtKhC7kxJGyzA-aW2yTq8wWZyjbY:1pksbw:j68J4fp9J6oSln_q0vTz5Q9AA7mX8OKJWhO734jgg9U','2023-04-21 20:23:04.586995'),('44bl2xwtbclwfmcz1c7opi3jbarfv3gl','.eJxVjDsOwyAQBe9CHSHzNaRM7zMgdheCkwgkY1dR7h5bcpG0b2bem4W4rSVsPS1hJnZlSkp2-V0h4jPVA9Ej1nvj2Oq6zMAPhZ-086lRet1O9--gxF72Wgw-G_IEFgjBmywpaQCE0WTKfiCL6LQTVqHV0Yw7FlmQ0p6c8yKzzxdh3TlA:1pnP3u:sXOuGqpuD1DpZj5nwNg8EPSjpOuYhd-DIE4agHU_Mdk','2023-04-28 19:26:22.424129'),('45gv5ppoyd1f4fgdj48w4u5i7m77dk6c','.eJxVjDsOwjAQBe_iGlm2418o6XMGa9e74ACypTipEHeHSCmgfTPzXiLBtpa0dV7STOIsfBSn3xEhP7juhO5Qb03mVtdlRrkr8qBdTo34eTncv4MCvXxrJOVHh1cwRvmINjDyQIZD9I7BsKNgA-ocgMniiKBAa7Yaguc8oBPvDydlOO4:1pqUj5:-1_4V9pWWn-KqnP5l2ToCwLF-3cthneB-02QoFe_jXE','2023-05-07 08:05:39.578437'),('470inqbggsgfepmj1xp1kdr4ax8qdkl7','.eJxVjEEOwiAQRe_C2hAKOIBL9z0DGYapVA0kpV0Z765NutDtf-_9l4i4rSVunZc4Z3ERRmtx-l0T0oPrjvId661JanVd5iR3RR60y7Flfl4P9--gYC_fOmXFOGVj0ZN2QUNwnsOgzAAe6WwCeKV0ADbBIdsMAGQnz6TAgVEk3h8gDTeR:1pmcaO:4ObXcx2eB5mGWxkbcYIrIqSI8qStlRE25KTBBKT7Jjs','2023-04-26 15:40:40.486893'),('490yh8drv2hmap3zz6xiish61zdklja5','.eJxVjMEOgjAQRP-lZ9N0KWxbj975hma3bAU1JaFwMv67kHDQOb55M28VaVvHuFVZ4jSoqwJ1-WVM6SnlKIYHlfus01zWZWJ9KPpsq-7nQV630_07GKmO-5rMHgsWMSA6Dx3ZxuUMJpuwU4_QeQL2gtKhC7kxJGyzA-aW2yTq8wWZyjbY:1prFoM:OgqZz3cXcUrgIsN7MJ3Vhb7MCzdrylxL2tgknwJ_A9M','2023-05-09 10:22:14.148953'),('4co1obpj0vgloi4n3uckzv5k0fpazcsy','.eJxVjMEOgjAQRP-lZ9N0KWxbj975hma3bAU1JaFwMv67kHDQOb55M28VaVvHuFVZ4jSoqwJ1-WVM6SnlKIYHlfus01zWZWJ9KPpsq-7nQV630_07GKmO-5rMHgsWMSA6Dx3ZxuUMJpuwU4_QeQL2gtKhC7kxJGyzA-aW2yTq8wWZyjbY:1pkT1x:QzrqdlW4S87ZWaUrvAv7ej8aXQn02LLDXONOzLaJ3Yw','2023-04-20 17:04:13.718836'),('4d7o3z9p5n4qxlo2hbnw12r2k7r03cmj','.eJxVjEEOwiAQRe_C2hAKOIBL9z0DGYapVA0kpV0Z765NutDtf-_9l4i4rSVunZc4Z3ERRmtx-l0T0oPrjvId661JanVd5iR3RR60y7Flfl4P9--gYC_fOmXFOGVj0ZN2QUNwnsOgzAAe6WwCeKV0ADbBIdsMAGQnz6TAgVEk3h8gDTeR:1pnF6K:UL9tbunE9r0tvYRnWTcbFHFcwqwAoC3m13dOJg07R9M','2023-04-28 08:48:12.663976'),('4d8ldlwer42ju7lkez1s9uswn08hnpu0','.eJxVjEEOwiAQRe_C2hAKOIBL9z0DGYapVA0kpV0Z765NutDtf-_9l4i4rSVunZc4Z3ERRmtx-l0T0oPrjvId661JanVd5iR3RR60y7Flfl4P9--gYC_fOmXFOGVj0ZN2QUNwnsOgzAAe6WwCeKV0ADbBIdsMAGQnz6TAgVEk3h8gDTeR:1pmbWZ:yTTmGZkL7IMg6_pq7BxM3YwFK7g-a0YuYmDLLCZeABY','2023-04-26 14:32:39.770818'),('4fxfa9m7jokndpf6ck04cji3ibyvntzt','.eJxVjDsOwjAQBe_iGlm2418o6XMGa9e74ACypTipEHeHSCmgfTPzXiLBtpa0dV7STOIsfBSn3xEhP7juhO5Qb03mVtdlRrkr8qBdTo34eTncv4MCvXxrJOVHh1cwRvmINjDyQIZD9I7BsKNgA-ocgMniiKBAa7Yaguc8oBPvDydlOO4:1poRtL:s6PFq3c_7wXFsb2z40sPgdu7sgZiKL9ElYfBWd6f-xM','2023-05-01 16:39:47.685193'),('4k21hxjnu7lgf9uvqwsqkg5gw7w6b2n2','.eJxVjMEOgjAQRP-lZ9N0KWxbj975hma3bAU1JaFwMv67kHDQOb55M28VaVvHuFVZ4jSoqwJ1-WVM6SnlKIYHlfus01zWZWJ9KPpsq-7nQV630_07GKmO-5rMHgsWMSA6Dx3ZxuUMJpuwU4_QeQL2gtKhC7kxJGyzA-aW2yTq8wWZyjbY:1pqJJQ:n3mjt-c4KuSWCROQ7CHMj4i5jSPGzcfuAFf-2Rt2KnM','2023-05-06 19:54:24.540099'),('4nf9eybc44gta20idwevhgoco2sat239','.eJxVjDsOwjAQBe_iGln476Wk5wyWP7s4gGwpTirE3UmkFNC-mXlvFuK61LAOnMNU2IUprdnpd00xP7HtqDxiu3eee1vmKfFd4Qcd_NYLvq6H-3dQ46hbbROhll4ZQUkXUBaNOysiEEoKIRRJyhFTdh7QA1gBPoEH8o621CD7fAEoAzhC:1prEjx:A6o4UJwjX-nAC3iHMyivA9wqt83j7hNTzNP3h-xQoFk','2023-05-09 09:13:37.142746'),('4qcf8yzk3wdyhtxmkonn4izzdgy5ula3','.eJxVjMEOgjAQRP-lZ9N0KWxbj975hma3bAU1JaFwMv67kHDQOb55M28VaVvHuFVZ4jSoqwJ1-WVM6SnlKIYHlfus01zWZWJ9KPpsq-7nQV630_07GKmO-5rMHgsWMSA6Dx3ZxuUMJpuwU4_QeQL2gtKhC7kxJGyzA-aW2yTq8wWZyjbY:1pkRCc:kj_fPO0kyG6oQhrzGcKPiE-iWKhZI3h-j2rP5GZIyTk','2023-04-20 15:07:06.052503'),('4tw4wkky0cgk81mddihuwjw1iidx8hpm','.eJxVjEsOgzAMRO-SdRURIwfTZfc9A7Jj09BWQeKzQr17QWLR7kbz3szmOl6X3K2zTd2g7uoCBnf5bYXTy8qB9MnlMfo0lmUaxB-KP-ns76Pa-3a6fweZ57yvG0altg5QkXHEBpPFSnuQiEi0BwCpIRGoCjJJACWIvTG2EtXEfb4jYjie:1pl4LJ:QK4NPbqL40wmiQW38pzOUwCT2v5T79hEs9DWrEu9KVg','2023-04-22 08:54:41.033248'),('4ugas8dirx5038xn3jgu4ckvkz9dkerz','.eJxVjDsOwyAQBe9CHSHzNaRM7zMgdheCkwgkY1dR7h5bcpG0b2bem4W4rSVsPS1hJnZlSkp2-V0h4jPVA9Ej1nvj2Oq6zMAPhZ-086lRet1O9--gxF72Wgw-G_IEFgjBmywpaQCE0WTKfiCL6LQTVqHV0Yw7FlmQ0p6c8yKzzxdh3TlA:1pnLsd:_aCnIzsg7P2BMxX70MlJ_XXAoVTLZMME77nUFB_Q6O4','2023-04-28 16:02:31.301089'),('4w8rnskgjpk4n4ngq3qv74b369f75zzp','.eJxVjMEOgjAQRP-lZ9N0KWxbj975hma3bAU1JaFwMv67kHDQOb55M28VaVvHuFVZ4jSoqwJ1-WVM6SnlKIYHlfus01zWZWJ9KPpsq-7nQV630_07GKmO-5rMHgsWMSA6Dx3ZxuUMJpuwU4_QeQL2gtKhC7kxJGyzA-aW2yTq8wWZyjbY:1pkQai:PEo5TTpCaxqUblhiBv0XJ00hsMBwJtUXKPR8ViOIxjA','2023-04-20 14:27:56.426468'),('4yuhjwz81joze57ihvfqxyfn39syauft','.eJxVjEEOwiAQRe_C2hAKOIBL9z0DGYapVA0kpV0Z765NutDtf-_9l4i4rSVunZc4Z3ERRmtx-l0T0oPrjvId661JanVd5iR3RR60y7Flfl4P9--gYC_fOmXFOGVj0ZN2QUNwnsOgzAAe6WwCeKV0ADbBIdsMAGQnz6TAgVEk3h8gDTeR:1pnIGN:TnMNzV2RxRVGOj_v3vaMHrLE0VF7Qu83XBfJOU3Y0Og','2023-04-28 12:10:47.405488'),('4zn07oeqmrdxas93t1y1ifc37765yz1r','.eJxVjDsOwyAQBe9CHSHzNaRM7zMgdheCkwgkY1dR7h5bcpG0b2bem4W4rSVsPS1hJnZlSkp2-V0h4jPVA9Ej1nvj2Oq6zMAPhZ-086lRet1O9--gxF72Wgw-G_IEFgjBmywpaQCE0WTKfiCL6LQTVqHV0Yw7FlmQ0p6c8yKzzxdh3TlA:1pnbCz:JIKls1ZFljeWclrr4WbemsrjN-mfRvDzdU_lvcZQ-G0','2023-04-29 08:24:33.530173'),('4zn4cvqu1m3cl3avxxd4c1hvhyzv299l','.eJxVjMEOgjAQRP-lZ9N0KWxbj975hma3bAU1JaFwMv67kHDQOb55M28VaVvHuFVZ4jSoqwJ1-WVM6SnlKIYHlfus01zWZWJ9KPpsq-7nQV630_07GKmO-5rMHgsWMSA6Dx3ZxuUMJpuwU4_QeQL2gtKhC7kxJGyzA-aW2yTq8wWZyjbY:1pknwZ:4zOwsdFb24Bju-_Da2_rUV8dO_fLCpf1t1BEx1TiTpQ','2023-04-21 15:24:03.770387'),('51d5vn68q28xag4aydghyqgtd1e7n3n6','.eJxVjDsOwyAQBe9CHSHzNaRM7zMgdheCkwgkY1dR7h5bcpG0b2bem4W4rSVsPS1hJnZlSkp2-V0h4jPVA9Ej1nvj2Oq6zMAPhZ-086lRet1O9--gxF72Wgw-G_IEFgjBmywpaQCE0WTKfiCL6LQTVqHV0Yw7FlmQ0p6c8yKzzxdh3TlA:1pnKn8:pnzufJz4f-LS8hWrLHKD8UJww9DitNfTo-zG1quEqW0','2023-04-28 14:52:46.707309'),('51vuchtgyibdfbfx4pdjw5b2ezjc0zvq','.eJxVjDsOwjAQBe_iGlm2418o6XMGa9e74ACypTipEHeHSCmgfTPzXiLBtpa0dV7STOIsfBSn3xEhP7juhO5Qb03mVtdlRrkr8qBdTo34eTncv4MCvXxrJOVHh1cwRvmINjDyQIZD9I7BsKNgA-ocgMniiKBAa7Yaguc8oBPvDydlOO4:1pqCu5:uZ_wEGv-toF-o2gd1tEW4BEh9ElNdsJ70O1u6D2UtWI','2023-05-06 13:03:49.102480'),('53la6gp2esub3ptni8iy3ab38fnlvvcx','.eJxVjEEOwiAQRe_C2hAKOIBL9z0DGYapVA0kpV0Z765NutDtf-_9l4i4rSVunZc4Z3ERRmtx-l0T0oPrjvId661JanVd5iR3RR60y7Flfl4P9--gYC_fOmXFOGVj0ZN2QUNwnsOgzAAe6WwCeKV0ADbBIdsMAGQnz6TAgVEk3h8gDTeR:1pmdBl:jsjP_69Xxk1b4lOuFGO0hffmoQJd16ZWjbUhMQAdDwc','2023-04-26 16:19:17.887370'),('55n474ib1lqvxjfpu755lw30rp6n3ko1','.eJxVjMEOgjAQRP-lZ9N0KWxbj975hma3bAU1JaFwMv67kHDQOb55M28VaVvHuFVZ4jSoqwJ1-WVM6SnlKIYHlfus01zWZWJ9KPpsq-7nQV630_07GKmO-5rMHgsWMSA6Dx3ZxuUMJpuwU4_QeQL2gtKhC7kxJGyzA-aW2yTq8wWZyjbY:1pl1b5:HYXxWGFztdVpOQi0eGuOjWL5hZO30ZfU_GR83gHRmiQ','2023-04-22 05:58:47.459411'),('56fdbz8rq4y288y8t0ye6a4h3ozox636','.eJxVjDsOwyAQBe9CHSHzNaRM7zMgdheCkwgkY1dR7h5bcpG0b2bem4W4rSVsPS1hJnZlSkp2-V0h4jPVA9Ej1nvj2Oq6zMAPhZ-086lRet1O9--gxF72Wgw-G_IEFgjBmywpaQCE0WTKfiCL6LQTVqHV0Yw7FlmQ0p6c8yKzzxdh3TlA:1pnfLN:KvdymwnrXxXZXC1-qiWF62s5-NKLJ_9egLEVUTGs008','2023-04-29 12:49:29.644819'),('57zybkx6hw659ej7ut1zzs3hsssgu2jl','.eJxVjDsOwjAQBe_iGlm2418o6XMGa9e74ACypTipEHeHSCmgfTPzXiLBtpa0dV7STOIsfBSn3xEhP7juhO5Qb03mVtdlRrkr8qBdTo34eTncv4MCvXxrJOVHh1cwRvmINjDyQIZD9I7BsKNgA-ocgMniiKBAa7Yaguc8oBPvDydlOO4:1ppYEf:zPsb3X4fg1_JTWHOR-hbUe5EiGrb3fWyNKltmtSnpvc','2023-05-04 17:38:21.798399'),('582yowoj4ikgo5wtylzfiw9bcltf9csy','.eJxVjDsOwjAQBe_iGlle_5eSPmewbK-DA8iR4qRC3J1ESgHtzLz3ZiFuaw1bL0uYiF2Z0-zyC1PMz9IOQ4_Y7jPPc1uXKfEj4aftfJipvG5n-3dQY6_7WlqvvcqjBeOFcTIDgROAkryyGlDv3OCYKJMAhYAuovamKGeTzCjZ5wvCGDZD:1poonr:24NeomEtTk7ATHEDcdptQu1kDpeTCmyAabbC0Ffz2wo','2023-05-02 17:07:39.419654'),('5adh2j6z81njyj4toirz2ufgyunk6bi7','.eJxVjDsOwjAQBe_iGlm2418o6XMGa9e74ACypTipEHeHSCmgfTPzXiLBtpa0dV7STOIsfBSn3xEhP7juhO5Qb03mVtdlRrkr8qBdTo34eTncv4MCvXxrJOVHh1cwRvmINjDyQIZD9I7BsKNgA-ocgMniiKBAa7Yaguc8oBPvDydlOO4:1polbn:VE85jDBgQRuoZ7ZHNc3m8UdoU6uGOUER3mU0aa_gKJI','2023-05-02 13:42:59.995359'),('5bd3fiayhxdtti21g46dj2gle3ra5pn4','.eJxVjMEOwiAQRP-FsyGFArv16L3fQGDZStVAUtqT8d9tkx70OPPezFv4sK3Zb40XPydxFX0P4vLbxkBPLgdKj1DuVVIt6zJHeSjypE2ONfHrdrp_Bzm0vK8VALPjYAzaNOjJIUYXqQNETmBp0LpHQEV2zx1MNiIpg9oYFaJBEp8vJTI31A:1pqfI6:0jPrOJFf7xLawmHhU-eYIhn5Gm11uSE05te8QyfC4us','2023-05-07 19:22:30.732192'),('5f8wlgyz828jh38leuano5zfgzrbdel4','.eJxVjMEOgjAQRP-lZ9N0KWxbj975hma3bAU1JaFwMv67kHDQOb55M28VaVvHuFVZ4jSoqwJ1-WVM6SnlKIYHlfus01zWZWJ9KPpsq-7nQV630_07GKmO-5rMHgsWMSA6Dx3ZxuUMJpuwU4_QeQL2gtKhC7kxJGyzA-aW2yTq8wWZyjbY:1pkNE7:ajmPrZvk5KpNK_n2vVyGwQ78X6EpOM0yi64WQr8f8F4','2023-04-20 10:52:23.478195'),('5fx0updxbdwixebbc7vop96z7k3dcbto','.eJxVjDsOwyAQBe9CHSHzNaRM7zMgdheCkwgkY1dR7h5bcpG0b2bem4W4rSVsPS1hJnZlSkp2-V0h4jPVA9Ej1nvj2Oq6zMAPhZ-086lRet1O9--gxF72Wgw-G_IEFgjBmywpaQCE0WTKfiCL6LQTVqHV0Yw7FlmQ0p6c8yKzzxdh3TlA:1pnMoQ:LWItrXZJfbNyt_BdP8A-riCX9g547ewlZZeAIg9iefk','2023-04-28 17:02:14.761909'),('5m2388cie0acon9ldi5crpnkelvndwj8','.eJxVjDsOwyAQBe9CHSHzNaRM7zMgdheCkwgkY1dR7h5bcpG0b2bem4W4rSVsPS1hJnZlSkp2-V0h4jPVA9Ej1nvj2Oq6zMAPhZ-086lRet1O9--gxF72Wgw-G_IEFgjBmywpaQCE0WTKfiCL6LQTVqHV0Yw7FlmQ0p6c8yKzzxdh3TlA:1pneAM:rc-wLa-UdxWXAU81E_Za1e2nide_h8ODrAdhi3D31qk','2023-04-29 11:34:02.807437'),('5minojq5x2yqkdqlub03mzicsxf32xdv','.eJxVjDsOwjAQBe_iGlm2418o6XMGa9e74ACypTipEHeHSCmgfTPzXiLBtpa0dV7STOIsfBSn3xEhP7juhO5Qb03mVtdlRrkr8qBdTo34eTncv4MCvXxrJOVHh1cwRvmINjDyQIZD9I7BsKNgA-ocgMniiKBAa7Yaguc8oBPvDydlOO4:1pp64X:4GUrBobLgf1kK5MKZLm6Qu8MvTRWHIXqKWPOmQ2jkWg','2023-05-03 11:34:01.468278'),('5nnbvqwbfrrwsz5zgsl8h57kz2zm4m2o','.eJxVjDsOwjAQBe_iGlkYf1hT0nMGa3ftxQHkSHFSIe5OIqWAdmbee6uEy1zT0suUhqwuKoA6_EJCfpa2mfzAdh81j22eBtJbonfb9W3M5XXd27-Dir2uawDPINEgRiM-ROtNLs5aZ1YQgekE4i3iWZgloFBG55COEUJxHkl9vgwTOKw:1pkprl:TEIB4HSgkN8jPiXJwOxuaHBm-E_k84Y2HHagkXrxFaQ','2023-04-21 17:27:13.924252'),('5npf5heack7ujx5ma96wv2nv3t6ls2sj','.eJxVjDsOwjAQBe_iGlm2418o6XMGa9e74ACypTipEHeHSCmgfTPzXiLBtpa0dV7STOIsfBSn3xEhP7juhO5Qb03mVtdlRrkr8qBdTo34eTncv4MCvXxrJOVHh1cwRvmINjDyQIZD9I7BsKNgA-ocgMniiKBAa7Yaguc8oBPvDydlOO4:1pp7DZ:sm2oyJ7IlUYQYnUFcUlPcaVrTLvzgLBDMgU3i_7mzdA','2023-05-03 12:47:25.666791'),('5rfpqph6bs9vnukvxpgo9s0tm3bzjgri','.eJxVjMEOgjAQRP-lZ9N0KWxbj975hma3bAU1JaFwMv67kHDQOb55M28VaVvHuFVZ4jSoqwJ1-WVM6SnlKIYHlfus01zWZWJ9KPpsq-7nQV630_07GKmO-5rMHgsWMSA6Dx3ZxuUMJpuwU4_QeQL2gtKhC7kxJGyzA-aW2yTq8wWZyjbY:1pqtKb:pggQJDpytKw-F5FgIyY0g0Mgq-zNMj-72X30I9BEPJk','2023-05-08 10:22:01.400981'),('5s6zt7y2usc2vvrsfsy7fgs0cwokq02e','.eJxVjMEOgjAQRP-lZ9N0KWxbj975hma3bAU1JaFwMv67kHDQOb55M28VaVvHuFVZ4jSoqwJ1-WVM6SnlKIYHlfus01zWZWJ9KPpsq-7nQV630_07GKmO-5rMHgsWMSA6Dx3ZxuUMJpuwU4_QeQL2gtKhC7kxJGyzA-aW2yTq8wWZyjbY:1pkleI:k81Tmhsa_FXgi9PFxDAzwmFOJTX3wsRoxGUVyy-lTzk','2023-04-21 12:57:02.751323'),('5t2ba306iuwueo0c8f137pyw4va3zj09','.eJxVjEEOwiAQRe_C2hAKOIBL9z0DGYapVA0kpV0Z765NutDtf-_9l4i4rSVunZc4Z3ERRmtx-l0T0oPrjvId661JanVd5iR3RR60y7Flfl4P9--gYC_fOmXFOGVj0ZN2QUNwnsOgzAAe6WwCeKV0ADbBIdsMAGQnz6TAgVEk3h8gDTeR:1pmd6K:08wTXpmTXaPkYDIT7fo7ZYru4-aNTH_O1YasEdjuZGw','2023-04-26 16:13:40.868744'),('5ui414m84o5tt0b4xps27m1uolz3wo2k','.eJxVjMEOgjAQRP-lZ9N0KWxbj975hma3bAU1JaFwMv67kHDQOb55M28VaVvHuFVZ4jSoqwJ1-WVM6SnlKIYHlfus01zWZWJ9KPpsq-7nQV630_07GKmO-5rMHgsWMSA6Dx3ZxuUMJpuwU4_QeQL2gtKhC7kxJGyzA-aW2yTq8wWZyjbY:1pk6Ci:a4FPMvhZMM2OaWOE-nHs7qo-K2IZxTj-NIgzGTZYS-g','2023-04-19 16:41:48.070184'),('5xp599myaocvma04qxyuhu4k546ae2mj','.eJxVjEEOwiAQRe_C2hAKOIBL9z0DGYapVA0kpV0Z765NutDtf-_9l4i4rSVunZc4Z3ERRmtx-l0T0oPrjvId661JanVd5iR3RR60y7Flfl4P9--gYC_fOmXFOGVj0ZN2QUNwnsOgzAAe6WwCeKV0ADbBIdsMAGQnz6TAgVEk3h8gDTeR:1pmy0D:0PYl3fG_lLMySw0YwVnjtpWcHVdsRO2uEHkvDZ2zSCI','2023-04-27 14:32:45.710789'),('5y4vskormh8q9nzj3if33p5yf27yqplh','.eJxVjEEOwiAQRe_C2hAKOIBL9z0DGYapVA0kpV0Z765NutDtf-_9l4i4rSVunZc4Z3ERRmtx-l0T0oPrjvId661JanVd5iR3RR60y7Flfl4P9--gYC_fOmXFOGVj0ZN2QUNwnsOgzAAe6WwCeKV0ADbBIdsMAGQnz6TAgVEk3h8gDTeR:1pmbBJ:yjoQEiq5IkwdKdhPzm5TGecp1dXz0-N8cWEBjSbIOw8','2023-04-26 14:10:41.115580'),('5z3rqit57x4smi5akj3igrod4guw8t3i','.eJxVjEEOwiAQRe_C2hAKOIBL9z0DGYapVA0kpV0Z765NutDtf-_9l4i4rSVunZc4Z3ERRmtx-l0T0oPrjvId661JanVd5iR3RR60y7Flfl4P9--gYC_fOmXFOGVj0ZN2QUNwnsOgzAAe6WwCeKV0ADbBIdsMAGQnz6TAgVEk3h8gDTeR:1pmYvM:aalWVRbh8AaUlH7R5XWVuI8yxmvSjWs_QH7JXiezIKg','2023-04-26 11:46:04.737372'),('5zbh1eg71hdoibd6xera4iyu65t0igby','.eJxVjMEOgjAQRP-lZ9N0KWxbj975hma3bAU1JaFwMv67kHDQOb55M28VaVvHuFVZ4jSoqwJ1-WVM6SnlKIYHlfus01zWZWJ9KPpsq-7nQV630_07GKmO-5rMHgsWMSA6Dx3ZxuUMJpuwU4_QeQL2gtKhC7kxJGyzA-aW2yTq8wWZyjbY:1pkPfq:7Z9xJj17_0InSGo8kOEFpzTeeWXOAN3b0HLCHyyXmBc','2023-04-20 13:29:10.523451'),('61l2crfkwxw0neehecfuxjflu8x05a50','.eJxVjDsOwyAQBe9CHSHzNaRM7zMgdheCkwgkY1dR7h5bcpG0b2bem4W4rSVsPS1hJnZlSkp2-V0h4jPVA9Ej1nvj2Oq6zMAPhZ-086lRet1O9--gxF72Wgw-G_IEFgjBmywpaQCE0WTKfiCL6LQTVqHV0Yw7FlmQ0p6c8yKzzxdh3TlA:1pnft3:zuekOYYgzBxIC3RfYH_SwQc8m7IVvxWCc6C8q-IDJM8','2023-04-29 13:24:17.714794'),('63x8z7k7tm62jnq8qu315zmohzhxn7m0','e30:1pfhOC:AhUy5jKaBgTDyaH7feTqClAA8h6B9UNrAneiBmERzD4','2023-04-07 13:23:28.762785'),('64e73wxoyu1e5plczf6zka9begf4gw7v','.eJxVjMEOgjAQRP-lZ9N0KWxbj975hma3bAU1JaFwMv67kHDQOb55M28VaVvHuFVZ4jSoqwJ1-WVM6SnlKIYHlfus01zWZWJ9KPpsq-7nQV630_07GKmO-5rMHgsWMSA6Dx3ZxuUMJpuwU4_QeQL2gtKhC7kxJGyzA-aW2yTq8wWZyjbY:1pkQ6a:-HudZXOqM0t1p779vkEnlKduIOwI2B-aURM_JWclCko','2023-04-20 13:56:48.909944'),('68h97b4lqt6bf90a6x0xeeh50igh5gh9','.eJxVjEEOwiAQRe_C2hAKOIBL9z0DGYapVA0kpV0Z765NutDtf-_9l4i4rSVunZc4Z3ERRmtx-l0T0oPrjvId661JanVd5iR3RR60y7Flfl4P9--gYC_fOmXFOGVj0ZN2QUNwnsOgzAAe6WwCeKV0ADbBIdsMAGQnz6TAgVEk3h8gDTeR:1pmbXK:M-9m0ZltMwjawGMbP-0ijI5Eb32dKCZexu7gMOyTxzQ','2023-04-26 14:33:26.360737'),('68vvlio3gxxmr0z7uolhocn97dl4gbss','.eJxVjMEOgjAQRP-lZ9N0KWxbj975hma3bAU1JaFwMv67kHDQOb55M28VaVvHuFVZ4jSoqwJ1-WVM6SnlKIYHlfus01zWZWJ9KPpsq-7nQV630_07GKmO-5rMHgsWMSA6Dx3ZxuUMJpuwU4_QeQL2gtKhC7kxJGyzA-aW2yTq8wWZyjbY:1pl1z8:95iXArpHASsLPf4O7caQZ_Jt46u_foX49uPAPZCze0U','2023-04-22 06:23:38.041864'),('6d2t5h60154hjndmxhagkqat1jba3mkm','.eJxVjMEOgjAQRP-lZ9N0KWxbj975hma3bAU1JaFwMv67kHDQOb55M28VaVvHuFVZ4jSoqwJ1-WVM6SnlKIYHlfus01zWZWJ9KPpsq-7nQV630_07GKmO-5rMHgsWMSA6Dx3ZxuUMJpuwU4_QeQL2gtKhC7kxJGyzA-aW2yTq8wWZyjbY:1pkooc:MdBNfDY5lYhPtyL4XJUu481EVYXY3Or-VeWjtJWmiKM','2023-04-21 16:19:54.624744'),('6g9xz9g6q8smm35d2ue9brnd1ytv04nh','.eJxVjEEOwiAQRe_C2hAKOIBL9z0DGYapVA0kpV0Z765NutDtf-_9l4i4rSVunZc4Z3ERRmtx-l0T0oPrjvId661JanVd5iR3RR60y7Flfl4P9--gYC_fOmXFOGVj0ZN2QUNwnsOgzAAe6WwCeKV0ADbBIdsMAGQnz6TAgVEk3h8gDTeR:1pmdHU:Ici52CMNY26FB7qVTgnhSeiZcVCSzRHfyb93pAYSj4Y','2023-04-26 16:25:12.589238'),('6gg41vg147dogbfuydqc2jogk3vhf8r0','.eJxVjMEOgjAQRP-lZ9N0KWxbj975hma3bAU1JaFwMv67kHDQOb55M28VaVvHuFVZ4jSoqwJ1-WVM6SnlKIYHlfus01zWZWJ9KPpsq-7nQV630_07GKmO-5rMHgsWMSA6Dx3ZxuUMJpuwU4_QeQL2gtKhC7kxJGyzA-aW2yTq8wWZyjbY:1pkjiN:_zzt53E7mAvLNJfsHreCJELNb_4jHeiEtWZsbYnatsI','2023-04-21 10:53:07.347512'),('6k0qqy6gkylgv8c9wn6nyw7ikvochwkz','.eJxVjEEOgjAQRe_StWk6pTNQl-49A5l2poIaSCisjHdXEha6_e-9_zI9b-vQb1WXfhRzNtA5c_pdE-eHTjuSO0-32eZ5Wpcx2V2xB632Oos-L4f7dzBwHb61i149CgmgSizghR2JcyEAdiUyEGTXFkJiJdTYaIFUGqQmtaFkNu8PH4U4Nw:1plZZA:wwqhzJVQnE-AIY194Z7MY-ke6YDKwzY9k3Wr8SPt2VE','2023-04-23 18:15:04.961969'),('6ka6ihuvr5vq3n59x8ffwz1bamz333cy','.eJxVjMEOgjAQRP-lZ9N0KWxbj975hma3bAU1JaFwMv67kHDQOb55M28VaVvHuFVZ4jSoqwJ1-WVM6SnlKIYHlfus01zWZWJ9KPpsq-7nQV630_07GKmO-5rMHgsWMSA6Dx3ZxuUMJpuwU4_QeQL2gtKhC7kxJGyzA-aW2yTq8wWZyjbY:1pk634:mOE4zFNBhsXstVqusmIoT3qGej4FTFu2Em08vNv09I4','2023-04-19 16:31:50.191707'),('6olcjszugd1pjh6yz8xt24xaht7ccmol','e30:1pfhPI:0nlsVDOzZcnBo4-ovjd2AXmu3zPhHuqgJQ01dwT5vkk','2023-04-07 13:24:36.409845'),('6pq8e6zyi7ewzeea47c59bae9i1ftw6q','.eJxVjDsOwyAQBe9CHSHzNaRM7zMgdheCkwgkY1dR7h5bcpG0b2bem4W4rSVsPS1hJnZlSkp2-V0h4jPVA9Ej1nvj2Oq6zMAPhZ-086lRet1O9--gxF72Wgw-G_IEFgjBmywpaQCE0WTKfiCL6LQTVqHV0Yw7FlmQ0p6c8yKzzxdh3TlA:1pnLOO:wnK0kbQ62I_CsWYho-Vfi8o74y4N2fUQD_eG0-w4v74','2023-04-28 15:31:16.237660'),('6pqphu75ig5445bte5gl3byw2wxogku9','.eJxVjDsOwjAQBe_iGlm2418o6XMGa9e74ACypTipEHeHSCmgfTPzXiLBtpa0dV7STOIsfBSn3xEhP7juhO5Qb03mVtdlRrkr8qBdTo34eTncv4MCvXxrJOVHh1cwRvmINjDyQIZD9I7BsKNgA-ocgMniiKBAa7Yaguc8oBPvDydlOO4:1pp7NB:r7K_dxW_9atHiSATJJmOatjpsItYvpr6csfAxlueA_c','2023-05-03 12:57:21.804250'),('6ul7bkxj53wwy4uhqfesnx2rcevbmlfu','.eJxVjEEOwiAQRe_C2hAKOIBL9z0DGYapVA0kpV0Z765NutDtf-_9l4i4rSVunZc4Z3ERRmtx-l0T0oPrjvId661JanVd5iR3RR60y7Flfl4P9--gYC_fOmXFOGVj0ZN2QUNwnsOgzAAe6WwCeKV0ADbBIdsMAGQnz6TAgVEk3h8gDTeR:1pma7R:5bhlYqqMxhooBG0LWKPASJ3g8jOxcn_QBK7Kr8glcsQ','2023-04-26 13:02:37.488986'),('6w6hsv58aykle0p6ja5y8glbip6t1bqm','.eJxVjEsOgzAMRO-SdRURIwfTZfc9A7Jj09BWQeKzQr17QWLR7kbz3szmOl6X3K2zTd2g7uoCBnf5bYXTy8qB9MnlMfo0lmUaxB-KP-ns76Pa-3a6fweZ57yvG0altg5QkXHEBpPFSnuQiEi0BwCpIRGoCjJJACWIvTG2EtXEfb4jYjie:1pl3tO:Unr6sAiorvrmDemP9hjMTUcoOFPR67daECOK2J387bo','2023-04-22 08:25:50.753206'),('6xqm5gw1949x2aqfvpm47avuofiu3l83','.eJxVjDsOwyAQBe9CHSHzNaRM7zMgdheCkwgkY1dR7h5bcpG0b2bem4W4rSVsPS1hJnZlSkp2-V0h4jPVA9Ej1nvj2Oq6zMAPhZ-086lRet1O9--gxF72Wgw-G_IEFgjBmywpaQCE0WTKfiCL6LQTVqHV0Yw7FlmQ0p6c8yKzzxdh3TlA:1po2uD:LvIBFAaOUbfuX3oCLZySkVrUVCcdiqNkCZD8sH79Psg','2023-04-30 13:59:01.730516'),('71xz9l210ewywigh9qgw63sj2l773eh1','.eJxVjEEOwiAQRe_C2hBAGKlL956hmWEGqRpISrsy3l2bdKHb_977LzXiupRx7TKPE6uzilEdfkfC9JC6Eb5jvTWdWl3mifSm6J12fW0sz8vu_h0U7OVbO4nGmUwQfcJsXSJL5gQDgM3IhBIsZic-cHI8YAATiY_CECyD96zeHyFkOL0:1ppY60:3q-10sZ98HCpndemEI7zSAn9iyg-DqzpkOucoplLdJk','2023-05-04 17:29:24.476799'),('74wshgsa3wl6sbj984wsucsgmu3ygelo','.eJxVjDsOwyAQBe9CHSHzNaRM7zMgdheCkwgkY1dR7h5bcpG0b2bem4W4rSVsPS1hJnZlSkp2-V0h4jPVA9Ej1nvj2Oq6zMAPhZ-086lRet1O9--gxF72Wgw-G_IEFgjBmywpaQCE0WTKfiCL6LQTVqHV0Yw7FlmQ0p6c8yKzzxdh3TlA:1pne9J:7kKgIUBIFY3J068TmAZfXf6afs1NOdGy4OgDHn19GXE','2023-04-29 11:32:57.575998'),('7632glnwjj8h6oqj6xpw5f3txgugan4p','.eJxVjMEOgjAQRP-lZ9N0KWxbj975hma3bAU1JaFwMv67kHDQOb55M28VaVvHuFVZ4jSoqwJ1-WVM6SnlKIYHlfus01zWZWJ9KPpsq-7nQV630_07GKmO-5rMHgsWMSA6Dx3ZxuUMJpuwU4_QeQL2gtKhC7kxJGyzA-aW2yTq8wWZyjbY:1pl1kN:fNn5eusABAba7Si_q84z-16Iqm9Y4tFgaJp_MPaEFBg','2023-04-22 06:08:23.186549'),('76kgwj2okjxll8hnnr7fufjhi2jr3z93','.eJxVjDsOwjAQBe_iGlkYf1hT0nMGa3ftxQHkSHFSIe5OIqWAdmbee6uEy1zT0suUhqwuKoA6_EJCfpa2mfzAdh81j22eBtJbonfb9W3M5XXd27-Dir2uawDPINEgRiM-ROtNLs5aZ1YQgekE4i3iWZgloFBG55COEUJxHkl9vgwTOKw:1pkplm:JjGrbLu8FBNMCL_Lj_7OMdMDL6PLWE8jZvezXI0SqTs','2023-04-21 17:21:02.082004'),('79vv4ffmj0pbt0hqkos9zz9zx8f3eeya','.eJxVjMEOgjAQRP-lZ9N0KWxbj975hma3bAU1JaFwMv67kHDQOb55M28VaVvHuFVZ4jSoqwJ1-WVM6SnlKIYHlfus01zWZWJ9KPpsq-7nQV630_07GKmO-5rMHgsWMSA6Dx3ZxuUMJpuwU4_QeQL2gtKhC7kxJGyzA-aW2yTq8wWZyjbY:1ps18E:vETqTlaORjq2sOwTuvA6-UmcBUJ54-5W1Q7LHZ17UyA','2023-05-11 12:53:54.087010'),('7a4cun9g97c9nguu22la0jct6ro0dxay','.eJxVjEEOwiAQRe_C2hAKOIBL9z0DGYapVA0kpV0Z765NutDtf-_9l4i4rSVunZc4Z3ERRmtx-l0T0oPrjvId661JanVd5iR3RR60y7Flfl4P9--gYC_fOmXFOGVj0ZN2QUNwnsOgzAAe6WwCeKV0ADbBIdsMAGQnz6TAgVEk3h8gDTeR:1pmzoi:4TNGXzd2R9hOCL_rYezWuE-NlHWBCFU3bJloUidKGaQ','2023-04-27 16:29:00.599966'),('7a545o8car1j7czvr1rjkjnjv2z6i7nk','.eJxVjMEOgjAQRP-lZ9N0KWxbj975hma3bAU1JaFwMv67kHDQOb55M28VaVvHuFVZ4jSoqwJ1-WVM6SnlKIYHlfus01zWZWJ9KPpsq-7nQV630_07GKmO-5rMHgsWMSA6Dx3ZxuUMJpuwU4_QeQL2gtKhC7kxJGyzA-aW2yTq8wWZyjbY:1pkL91:0gGYpWLX-417cDBT9rVDAVu8z2WrKfnou5EimMC2xhU','2023-04-20 08:38:59.316610'),('7atfzi9q4892o9md6viip4jnm86434ki','.eJxVjDsOwjAQBe_iGlm2418o6XMGa9e74ACypTipEHeHSCmgfTPzXiLBtpa0dV7STOIsfBSn3xEhP7juhO5Qb03mVtdlRrkr8qBdTo34eTncv4MCvXxrJOVHh1cwRvmINjDyQIZD9I7BsKNgA-ocgMniiKBAa7Yaguc8oBPvDydlOO4:1pqJNh:Umjx_hccW3nzKpxqp0p85Jw5jcT6UD6xn_rEpbb-95s','2023-05-06 19:58:49.173685'),('7dtkkmn63mijxtyzbm6u12lhmdy10hfm','.eJxVjEEOwiAQRe_C2hAKOIBL9z0DGYapVA0kpV0Z765NutDtf-_9l4i4rSVunZc4Z3ERRmtx-l0T0oPrjvId661JanVd5iR3RR60y7Flfl4P9--gYC_fOmXFOGVj0ZN2QUNwnsOgzAAe6WwCeKV0ADbBIdsMAGQnz6TAgVEk3h8gDTeR:1pmxlQ:dziym6qknoTjijZCTPIvyDdjbBr3ztfwL5Epr24o5Hs','2023-04-27 14:17:28.068456'),('7hhs2ojxkskz1tajfe5lphs16pyp41mf','.eJxVjDsOwjAQRO_iGln-sFlDSZ8zWBuvFwdQLMVJhbg7iZQCypn3Zt4q0rqUuLY8x5HVVaFXp99yoPTM0074QdO96lSnZR4HvSv6oE33lfPrdrh_B4Va2dbOEogluQQWw4iQyNluQMuct2i8Z0gdGHQGg1AQgLOY7FBAAgKqzxcSADft:1poUrT:6SYwcoKZ9VcWIhjKLAKU3E-y_6GD4FzA_BFQCYgJMfo','2023-05-01 19:50:03.441730'),('7jvxsgnug1qifv56wye290c7v11q952c','.eJxVjEsOgzAMRO-SdRURIwfTZfc9A7Jj09BWQeKzQr17QWLR7kbz3szmOl6X3K2zTd2g7uoCBnf5bYXTy8qB9MnlMfo0lmUaxB-KP-ns76Pa-3a6fweZ57yvG0altg5QkXHEBpPFSnuQiEi0BwCpIRGoCjJJACWIvTG2EtXEfb4jYjie:1pl4OM:_whqUS_SI8XliN-Ngt69gHwTkD7pvZGsNJKaZggJZ6U','2023-04-22 08:57:50.431958'),('7l4wy8hu0ym40tk7seufym4x210zeoii','.eJxVjDsOwjAQBe_iGlm2418o6XMGa9e74ACypTipEHeHSCmgfTPzXiLBtpa0dV7STOIsfBSn3xEhP7juhO5Qb03mVtdlRrkr8qBdTo34eTncv4MCvXxrJOVHh1cwRvmINjDyQIZD9I7BsKNgA-ocgMniiKBAa7Yaguc8oBPvDydlOO4:1pqvxu:GG_AdZu24uDaNq5XqwHT1WEnftLZhvZYBKLYTeHCabA','2023-05-08 13:10:46.602739'),('7o6sythufr6wny4n2gnkea2wkzsdjr3r','.eJxVjMEOgjAQRP-lZ9N0KWxbj975hma3bAU1JaFwMv67kHDQOb55M28VaVvHuFVZ4jSoqwJ1-WVM6SnlKIYHlfus01zWZWJ9KPpsq-7nQV630_07GKmO-5rMHgsWMSA6Dx3ZxuUMJpuwU4_QeQL2gtKhC7kxJGyzA-aW2yTq8wWZyjbY:1pkLMc:xv5TCgmORAxgqYzaYspx-FHMbwZe7g8JqSiKxniZOZw','2023-04-20 08:53:02.259151'),('7qwxoj8r7nohw3c9ppxyctdbcx6glajg','.eJxVjDsOwyAQBe9CHSHzNaRM7zMgdheCkwgkY1dR7h5bcpG0b2bem4W4rSVsPS1hJnZlSkp2-V0h4jPVA9Ej1nvj2Oq6zMAPhZ-086lRet1O9--gxF72Wgw-G_IEFgjBmywpaQCE0WTKfiCL6LQTVqHV0Yw7FlmQ0p6c8yKzzxdh3TlA:1pqtUU:6NtJiWUVwstJmVaLAFnTKDAqYQ0ygoPtye_HOtde2Go','2023-05-08 10:32:14.569517'),('7vvc8c2wek4x67yi8d3crqbbmpve8726','.eJxVjDsOwyAQBe9CHSHzNaRM7zMgdheCkwgkY1dR7h5bcpG0b2bem4W4rSVsPS1hJnZlSkp2-V0h4jPVA9Ej1nvj2Oq6zMAPhZ-086lRet1O9--gxF72Wgw-G_IEFgjBmywpaQCE0WTKfiCL6LQTVqHV0Yw7FlmQ0p6c8yKzzxdh3TlA:1po392:UFJZ7ycKe65jIEkWHUjWIMUgKQ9XZtbK2smvEXzxkfc','2023-04-30 14:14:20.792803'),('7vz8r6zjjt00y4pocuwfwlf39ylk1ret','.eJxVjMEOgjAQRP-lZ9N0KWxbj975hma3bAU1JaFwMv67kHDQOb55M28VaVvHuFVZ4jSoqwJ1-WVM6SnlKIYHlfus01zWZWJ9KPpsq-7nQV630_07GKmO-5rMHgsWMSA6Dx3ZxuUMJpuwU4_QeQL2gtKhC7kxJGyzA-aW2yTq8wWZyjbY:1pqC5n:vE7SCSzEoydcBvyFctU5LZXtMtDp0KzD22Pn4EqVEZw','2023-05-06 12:11:51.227424'),('7y51dg728osmf4w6hxuctk1040e6nu5e','.eJxVjDsOwjAQBe_iGlm2418o6XMGa9e74ACypTipEHeHSCmgfTPzXiLBtpa0dV7STOIsfBSn3xEhP7juhO5Qb03mVtdlRrkr8qBdTo34eTncv4MCvXxrJOVHh1cwRvmINjDyQIZD9I7BsKNgA-ocgMniiKBAa7Yaguc8oBPvDydlOO4:1porqe:S5R_MWrOxDaqMnx2IsCrA9ALj0XZAQWyESmZu7zdavQ','2023-05-02 20:22:44.884409'),('7y5igdz0upyadipk1cjy0juvo7vy2y2n','.eJxVjMEOgjAQRP-lZ9N0KWxbj975hma3bAU1JaFwMv67kHDQOb55M28VaVvHuFVZ4jSoqwJ1-WVM6SnlKIYHlfus01zWZWJ9KPpsq-7nQV630_07GKmO-5rMHgsWMSA6Dx3ZxuUMJpuwU4_QeQL2gtKhC7kxJGyzA-aW2yTq8wWZyjbY:1pqDR2:FP57T0aKm6y3xUP5BpE7ROYw_9vMi2xmCvzLYZx7LK8','2023-05-06 13:37:52.448638'),('80immpst6o1wzqm8qdmkyxly3oke40ct','.eJxVjDsOwyAQBe9CHSHzNaRM7zMgdheCkwgkY1dR7h5bcpG0b2bem4W4rSVsPS1hJnZlSkp2-V0h4jPVA9Ej1nvj2Oq6zMAPhZ-086lRet1O9--gxF72Wgw-G_IEFgjBmywpaQCE0WTKfiCL6LQTVqHV0Yw7FlmQ0p6c8yKzzxdh3TlA:1pnLRi:m4yGgqs_YsXO8xbJKh332OPpnFyN1KfwpR1LK9B0WqY','2023-04-28 15:34:42.238909'),('80l7lpbyyqjets4e85vqp5z5cjv7uoo6','.eJxVjMEOgjAQRP-lZ9N0KWxbj975hma3bAU1JaFwMv67kHDQOb55M28VaVvHuFVZ4jSoqwJ1-WVM6SnlKIYHlfus01zWZWJ9KPpsq-7nQV630_07GKmO-5rMHgsWMSA6Dx3ZxuUMJpuwU4_QeQL2gtKhC7kxJGyzA-aW2yTq8wWZyjbY:1pkQSC:QKM8YnTbt6I40rzeZfJJSLJEGLqQvb1iQF1OiD1mIRw','2023-04-20 14:19:08.693943'),('80zwn7cfuy4z24ahee4jvy08swcnlr57','.eJxVjMEOgjAQRP-lZ9N0KWxbj975hma3bAU1JaFwMv67kHDQOb55M28VaVvHuFVZ4jSoqwJ1-WVM6SnlKIYHlfus01zWZWJ9KPpsq-7nQV630_07GKmO-5rMHgsWMSA6Dx3ZxuUMJpuwU4_QeQL2gtKhC7kxJGyzA-aW2yTq8wWZyjbY:1ps19I:Zcru-7v1JZ7Y5d996WvUvf1JAKPSTk4Z6LLM77nUMLA','2023-05-11 12:55:00.818125'),('8133opf7nc948nm6qzrizcb7aqf1sx9k','.eJxVjDsOwjAQBe_iGlkYf1hT0nMGa3ftxQHkSHFSIe5OIqWAdmbee6uEy1zT0suUhqwuKoA6_EJCfpa2mfzAdh81j22eBtJbonfb9W3M5XXd27-Dir2uawDPINEgRiM-ROtNLs5aZ1YQgekE4i3iWZgloFBG55COEUJxHkl9vgwTOKw:1pl1iz:3uNueOFCPO4sVDOtvR09z0omObyyf5gcHcRxEoiqsPk','2023-04-22 06:06:57.585791'),('82ksrz7lajlggwxskzcsss7t5wnbscqd','.eJxVjDsOwjAQBe_iGlm2418o6XMGa9e74ACypTipEHeHSCmgfTPzXiLBtpa0dV7STOIsfBSn3xEhP7juhO5Qb03mVtdlRrkr8qBdTo34eTncv4MCvXxrJOVHh1cwRvmINjDyQIZD9I7BsKNgA-ocgMniiKBAa7Yaguc8oBPvDydlOO4:1pp8Wh:Qo-LMCYSJC9914QcLG8WsuultqkZzEOC8yz1kEGLgaI','2023-05-03 14:11:15.241386'),('82uv9op17i3ovzq2f0begu4ufbsk7nbp','.eJxVjEEOwiAQRe_C2hAKOIBL9z0DGYapVA0kpV0Z765NutDtf-_9l4i4rSVunZc4Z3ERRmtx-l0T0oPrjvId661JanVd5iR3RR60y7Flfl4P9--gYC_fOmXFOGVj0ZN2QUNwnsOgzAAe6WwCeKV0ADbBIdsMAGQnz6TAgVEk3h8gDTeR:1pnG4i:TeLUj5McHhiXfguWNsdDV7ePQwCzlQnudnO4L6cBKN8','2023-04-28 09:50:36.129761'),('82wfhteu8ozb0v940h34feb1wpjvlkfh','.eJxVjEEOwiAQRe_C2hAKOIBL9z0DGYapVA0kpV0Z765NutDtf-_9l4i4rSVunZc4Z3ERRmtx-l0T0oPrjvId661JanVd5iR3RR60y7Flfl4P9--gYC_fOmXFOGVj0ZN2QUNwnsOgzAAe6WwCeKV0ADbBIdsMAGQnz6TAgVEk3h8gDTeR:1pmzux:mCid2p6As53Oe0vjdDPjEAZiSFVqpVbuVxDYscCQEOA','2023-04-27 16:35:27.943079'),('84aziq21oigyb7d7l61tj6qoe61mmkfk','.eJxVjDsOwyAQBe9CHSHzNaRM7zMgdheCkwgkY1dR7h5bcpG0b2bem4W4rSVsPS1hJnZlSkp2-V0h4jPVA9Ej1nvj2Oq6zMAPhZ-086lRet1O9--gxF72Wgw-G_IEFgjBmywpaQCE0WTKfiCL6LQTVqHV0Yw7FlmQ0p6c8yKzzxdh3TlA:1pnbZ4:4E3KrnQ-Zp1wYWE6CdgGLeK1wmt9CWBxMVebZwdp2aI','2023-04-29 08:47:22.685096'),('863vnqb6vgja2k1cphqb707zfhp8yy40','.eJxVjMEOgjAQRP-lZ9N0KWxbj975hma3bAU1JaFwMv67kHDQOb55M28VaVvHuFVZ4jSoqwJ1-WVM6SnlKIYHlfus01zWZWJ9KPpsq-7nQV630_07GKmO-5rMHgsWMSA6Dx3ZxuUMJpuwU4_QeQL2gtKhC7kxJGyzA-aW2yTq8wWZyjbY:1pqYRf:pixaIetpDLhtq_cORkW7dF77wtUp02OEPshV1K2jQYE','2023-05-07 12:03:55.074134'),('88vlborvgh7mnoyz5u0ek5ro33nkd3uo','.eJxVjMsOwiAUBf-FtSFQcgu4dO83EO6jUjWQ9LFq_HfbpAvdzsw5m0p5XUpaZ5nSyOqqLFh1-aWY6SX1UPzM9dE0tbpMI-oj0aed9b2xvG9n-3dQ8lz2dQRDA0pwNHjwzvQ-E1iOmTmaHYDxYswgQhQ6h-gZArgeYwDsyKH6fAE0sjhy:1pnHmZ:y4BLJxXheo6fQGL8Mye7EnOjamLEYHWXLGO1eBoHAxc','2023-04-28 11:39:59.281404'),('89j78zibf6ezeosrxcvuvrfk8udz96ga','.eJxVjMEOgjAQRP-lZ9N0KWxbj975hma3bAU1JaFwMv67kHDQOb55M28VaVvHuFVZ4jSoqwJ1-WVM6SnlKIYHlfus01zWZWJ9KPpsq-7nQV630_07GKmO-5rMHgsWMSA6Dx3ZxuUMJpuwU4_QeQL2gtKhC7kxJGyzA-aW2yTq8wWZyjbY:1pklc7:8ay0LRvABLje7lIAAc2QSIp4D_7w51ti_RTlQS5MDs4','2023-04-21 12:54:47.740124'),('8dpeom063562wfh3iaqa4tmpkjxzwzne','.eJxVjMEOgjAQRP-lZ9N0KWxbj975hma3bAU1JaFwMv67kHDQOb55M28VaVvHuFVZ4jSoqwJ1-WVM6SnlKIYHlfus01zWZWJ9KPpsq-7nQV630_07GKmO-5rMHgsWMSA6Dx3ZxuUMJpuwU4_QeQL2gtKhC7kxJGyzA-aW2yTq8wWZyjbY:1pkMah:QHG3Wkhw1jxmG6OSJcCJlN5pfdeQ4k3aV2jq9rtFPKA','2023-04-20 10:11:39.798416'),('8eikv37pqkz56sqyuox9cpzrbf9kajnt','.eJxVjEEOwiAQRe_C2hAKOIBL9z0DGYapVA0kpV0Z765NutDtf-_9l4i4rSVunZc4Z3ERRmtx-l0T0oPrjvId661JanVd5iR3RR60y7Flfl4P9--gYC_fOmXFOGVj0ZN2QUNwnsOgzAAe6WwCeKV0ADbBIdsMAGQnz6TAgVEk3h8gDTeR:1pmbnj:Np4XvLhFOsuTcVSCDWWarY8PiiPjZ6wkeShTWwM3D94','2023-04-26 14:50:23.284176'),('8fif2vkq6njlqdn1s34jg5tlnx7mfhyo','.eJxVjDsOwjAQBe_iGlm2418o6XMGa9e74ACypTipEHeHSCmgfTPzXiLBtpa0dV7STOIsfBSn3xEhP7juhO5Qb03mVtdlRrkr8qBdTo34eTncv4MCvXxrJOVHh1cwRvmINjDyQIZD9I7BsKNgA-ocgMniiKBAa7Yaguc8oBPvDydlOO4:1pomZT:hixZ9R6hIqA8uer90p6j6PdYw7jotQIIPzUrByCjR7A','2023-05-02 14:44:39.792609'),('8g4it1dho47wnl2v10l1djew4qznmnr1','.eJxVjMEOgjAQRP-lZ9N0KWxbj975hma3bAU1JaFwMv67kHDQOb55M28VaVvHuFVZ4jSoqwJ1-WVM6SnlKIYHlfus01zWZWJ9KPpsq-7nQV630_07GKmO-5rMHgsWMSA6Dx3ZxuUMJpuwU4_QeQL2gtKhC7kxJGyzA-aW2yTq8wWZyjbY:1pqH0A:lNaCrvXED-dB7oiPQT2PllzvVRDwdAJOGOeTTc9DMys','2023-05-06 17:26:22.392136'),('8go5kkftz5egg9wz4crw28bms3mzm9su','.eJxVjEEOwiAQRe_C2pCBoQFcuvcMZCiDVA0kpV013t2QdKHb_977hwi0byXsndewJHEVaJS4_K6R5hfXgdKT6qPJudVtXaIcijxpl_eW-H073b-DQr2MOjJkbRiUJaOzjRE1M5oMyjEAeFLITk8pa-WmDBaVRw-OLZNGTOLzBSzMN8I:1prETz:7S787QtxvrE8dU-gOXWDuCCGCKAEZ1feexgY5y7syuc','2023-05-09 08:57:07.274789'),('8gw2urtpjtjwmlh3bjzmgvmg2w7rnee0','.eJxVjMEOgjAQRP-lZ9N0KWxbj975hma3bAU1JaFwMv67kHDQOb55M28VaVvHuFVZ4jSoqwJ1-WVM6SnlKIYHlfus01zWZWJ9KPpsq-7nQV630_07GKmO-5rMHgsWMSA6Dx3ZxuUMJpuwU4_QeQL2gtKhC7kxJGyzA-aW2yTq8wWZyjbY:1pkr3f:-62QgBsJXQOL4FCO7MO6wOWXRBOVd5dJXjPz5xIFjNM','2023-04-21 18:43:35.974253'),('8icw9xkqth7ayp9wv4hasgzl6l1u1a9h','.eJxVjEEOgjAQRe_StWk6pTNQl-49A5l2poIaSCisjHdXEha6_e-9_zI9b-vQb1WXfhRzNtA5c_pdE-eHTjuSO0-32eZ5Wpcx2V2xB632Oos-L4f7dzBwHb61i149CgmgSizghR2JcyEAdiUyEGTXFkJiJdTYaIFUGqQmtaFkNu8PH4U4Nw:1prFKO:tb4Ea_9bvWkLqTUEwZzWH3hXRfJjw74SBgZyLqYEwac','2023-05-09 09:51:16.551492'),('8jjvds37xg4mifier47mqemup5ya8vjw','.eJxVjMEOgjAQRP-lZ9N0KWxbj975hma3bAU1JaFwMv67kHDQOb55M28VaVvHuFVZ4jSoqwJ1-WVM6SnlKIYHlfus01zWZWJ9KPpsq-7nQV630_07GKmO-5rMHgsWMSA6Dx3ZxuUMJpuwU4_QeQL2gtKhC7kxJGyzA-aW2yTq8wWZyjbY:1pq5o0:sXy7Wzp8hxkO49WscWpjmdTsovaxmpKvRio4EHidOcw','2023-05-06 05:29:04.208003'),('8lrvuc0ihh2s8irnt0avm3twsbzypmox','.eJxVjEEOwiAQRe_C2hAKOIBL9z0DGYapVA0kpV0Z765NutDtf-_9l4i4rSVunZc4Z3ERRmtx-l0T0oPrjvId661JanVd5iR3RR60y7Flfl4P9--gYC_fOmXFOGVj0ZN2QUNwnsOgzAAe6WwCeKV0ADbBIdsMAGQnz6TAgVEk3h8gDTeR:1pmzXo:EaqoeHTM453pr8sgpbo6P4JVdwHwpbSegN_4oMvUT7Y','2023-04-27 16:11:32.207612'),('8o7rv4nfu32wyu4sgmraku0n7rydp5yc','.eJxVjEEOwiAQRe_C2hAKOIBL9z0DGYapVA0kpV0Z765NutDtf-_9l4i4rSVunZc4Z3ERRmtx-l0T0oPrjvId661JanVd5iR3RR60y7Flfl4P9--gYC_fOmXFOGVj0ZN2QUNwnsOgzAAe6WwCeKV0ADbBIdsMAGQnz6TAgVEk3h8gDTeR:1pmc8B:DY8ltU82u1WdyRG0-BimmmGLTCIHFG42JXV0dfrSd2I','2023-04-26 15:11:31.880464'),('8q2rvp7ujmujwo5t4kqh7v7bb08dbmyn','.eJxVjMEOgjAQRP-lZ9N0KWxbj975hma3bAU1JaFwMv67kHDQOb55M28VaVvHuFVZ4jSoqwJ1-WVM6SnlKIYHlfus01zWZWJ9KPpsq-7nQV630_07GKmO-5rMHgsWMSA6Dx3ZxuUMJpuwU4_QeQL2gtKhC7kxJGyzA-aW2yTq8wWZyjbY:1pkq4c:nGtXX7ImdGBr4sYSqvm0Xja-XQHOrHceq1SL2EvlgrQ','2023-04-21 17:40:30.560929'),('8xlzvytkyrbj46rgtsitwlu5ky536mjh','.eJxVjMEOgjAQRP-lZ9N0KWxbj975hma3bAU1JaFwMv67kHDQOb55M28VaVvHuFVZ4jSoqwJ1-WVM6SnlKIYHlfus01zWZWJ9KPpsq-7nQV630_07GKmO-5rMHgsWMSA6Dx3ZxuUMJpuwU4_QeQL2gtKhC7kxJGyzA-aW2yTq8wWZyjbY:1pqYaj:ZQactFdelPiqGQv5dM9gHTDRBYXnBU-k-BuDwj1Q6iY','2023-05-07 12:13:17.248102'),('8z6wlf78d5dgq99lgcyqfh9bge9gz5zy','.eJxVjMEOgjAQRP-lZ9N0KWxbj975hma3bAU1JaFwMv67kHDQOb55M28VaVvHuFVZ4jSoqwJ1-WVM6SnlKIYHlfus01zWZWJ9KPpsq-7nQV630_07GKmO-5rMHgsWMSA6Dx3ZxuUMJpuwU4_QeQL2gtKhC7kxJGyzA-aW2yTq8wWZyjbY:1pklWi:_nkJKJBrq0JBC5sMJiCEoe0wWCt69hW4dNqSfYfK1OM','2023-04-21 12:49:12.970560'),('8z93ucfjc5k7hlkh8ysws3viyrw0grl8','.eJxVjMEOgjAQRP-lZ9N0KWxbj975hma3bAU1JaFwMv67kHDQOb55M28VaVvHuFVZ4jSoqwJ1-WVM6SnlKIYHlfus01zWZWJ9KPpsq-7nQV630_07GKmO-5rMHgsWMSA6Dx3ZxuUMJpuwU4_QeQL2gtKhC7kxJGyzA-aW2yTq8wWZyjbY:1pqbKv:JqDicKprzStUyzxT8b080EtKZ-GbiTZUFwh-uaSTTII','2023-05-07 15:09:09.068329'),('8zebh667xb7smnljiy7a6okkslboyw3q','.eJxVjMEOgjAQRP-lZ9N0KWxbj975hma3bAU1JaFwMv67kHDQOb55M28VaVvHuFVZ4jSoqwJ1-WVM6SnlKIYHlfus01zWZWJ9KPpsq-7nQV630_07GKmO-5rMHgsWMSA6Dx3ZxuUMJpuwU4_QeQL2gtKhC7kxJGyzA-aW2yTq8wWZyjbY:1pkose:qVVtDkn9nii2di1maWAoVqH7mL19emxkDdu0qypw780','2023-04-21 16:24:04.143084'),('901mz8wkp8y7cf7ovwcm9awc0dy53q76','.eJxVjMEOgjAQRP-lZ9N0KWxbj975hma3bAU1JaFwMv67kHDQOb55M28VaVvHuFVZ4jSoqwJ1-WVM6SnlKIYHlfus01zWZWJ9KPpsq-7nQV630_07GKmO-5rMHgsWMSA6Dx3ZxuUMJpuwU4_QeQL2gtKhC7kxJGyzA-aW2yTq8wWZyjbY:1pklEI:k8rAaNa-OF8TrMFr4lJZBlvnFtgCwKd-PhrAzIRjCOw','2023-04-21 12:30:10.748303'),('94zcdefmky5ywuaxlhvs5oq56vmjn10b','.eJxVjEEOwiAQRe_C2hAKOIBL9z0DGYapVA0kpV0Z765NutDtf-_9l4i4rSVunZc4Z3ERRmtx-l0T0oPrjvId661JanVd5iR3RR60y7Flfl4P9--gYC_fOmXFOGVj0ZN2QUNwnsOgzAAe6WwCeKV0ADbBIdsMAGQnz6TAgVEk3h8gDTeR:1pmvF2:2KP-sP2VoEJiXD5uQ9dCEeqAlQ3XKhV7LFj7K09Frq0','2023-04-27 11:35:52.971358'),('95v2gzlifhyx4lfrzmbdusvcc9myjupk','.eJxVjMEOgjAQRP-lZ9N0KWxbj975hma3bAU1JaFwMv67kHDQOb55M28VaVvHuFVZ4jSoqwJ1-WVM6SnlKIYHlfus01zWZWJ9KPpsq-7nQV630_07GKmO-5rMHgsWMSA6Dx3ZxuUMJpuwU4_QeQL2gtKhC7kxJGyzA-aW2yTq8wWZyjbY:1ps1CJ:zol0sieF3tE4kumphUP2IvSk0lJ9OBQ8YIdqUeW099I','2023-05-11 12:58:07.438828'),('96h3p5vgul1sj6hqtec4y8gogpk19off','.eJxVjEsOgzAMRO-SdRURIwfTZfc9A7Jj09BWQeKzQr17QWLR7kbz3szmOl6X3K2zTd2g7uoCBnf5bYXTy8qB9MnlMfo0lmUaxB-KP-ns76Pa-3a6fweZ57yvG0altg5QkXHEBpPFSnuQiEi0BwCpIRGoCjJJACWIvTG2EtXEfb4jYjie:1pl4fF:kpY1LqSwjKbLaGXf-7y9g9-gF-2Y8LiabNnxsB6-lw8','2023-04-22 09:15:17.245791'),('99ysnyj3vezopexr7tmpvqbefraof57v','.eJxVjEEOwiAQRe_C2hBohwIu3XsGMjMMUjVtUtqV8e7apAvd_vfef6mE21rT1mRJY1ZnZWFQp9-VkB8y7SjfcbrNmudpXUbSu6IP2vR1zvK8HO7fQcVWvzVAzNwHB9GXDtDgICBCnjrsnXCJJpDrImewBIYQvC1oWYLNTDY69f4AN504ww:1pfgYH:-ocX5oicQxPaYTxUsjD-u9xyMvlrBaVbVvKxjLuPzT8','2023-04-07 12:29:49.648902'),('9a64eq9uwa8mnwk68uevs0ez79sqfrww','.eJxVjDsOwjAQBe_iGlm2418o6XMGa9e74ACypTipEHeHSCmgfTPzXiLBtpa0dV7STOIsfBSn3xEhP7juhO5Qb03mVtdlRrkr8qBdTo34eTncv4MCvXxrJOVHh1cwRvmINjDyQIZD9I7BsKNgA-ocgMniiKBAa7Yaguc8oBPvDydlOO4:1ppMef:n-FXgt7x58nNuebp-P1f1XFin_iPOc5XbpDuR7BUw-Y','2023-05-04 05:16:25.677769'),('9bm8dkeuy9z21u8jm7j1e73qz490ykxi','.eJxVjDsOwyAQBe9CHSHzNaRM7zMgdheCkwgkY1dR7h5bcpG0b2bem4W4rSVsPS1hJnZlSkp2-V0h4jPVA9Ej1nvj2Oq6zMAPhZ-086lRet1O9--gxF72Wgw-G_IEFgjBmywpaQCE0WTKfiCL6LQTVqHV0Yw7FlmQ0p6c8yKzzxdh3TlA:1ps1O3:hywvpRliGnfSaUNVGH2W0Y9Zn15fbzFLswb9frDAaT8','2023-05-11 13:10:15.179503'),('9f71zdc3wv4umiwjrvrki7jbk6ojsugl','.eJxVjMEOgjAQRP-lZ9N0KWxbj975hma3bAU1JaFwMv67kHDQOb55M28VaVvHuFVZ4jSoqwJ1-WVM6SnlKIYHlfus01zWZWJ9KPpsq-7nQV630_07GKmO-5rMHgsWMSA6Dx3ZxuUMJpuwU4_QeQL2gtKhC7kxJGyzA-aW2yTq8wWZyjbY:1pkp2Y:2ne5-_A3H4hD7VWII1yssqO-tfKZVrDf7ZZjFdIktAw','2023-04-21 16:34:18.316091'),('9f92tsfmf4h3pagdw4yvwgebupx98fij','.eJxVjDsOwyAQBe9CHSHzNaRM7zMgdheCkwgkY1dR7h5bcpG0b2bem4W4rSVsPS1hJnZlSkp2-V0h4jPVA9Ej1nvj2Oq6zMAPhZ-086lRet1O9--gxF72Wgw-G_IEFgjBmywpaQCE0WTKfiCL6LQTVqHV0Yw7FlmQ0p6c8yKzzxdh3TlA:1po1P1:UGyCqkZvpLnBCtHATSBYz1X9r5vi8ax6o6060w4G0IQ','2023-04-30 12:22:43.968766'),('9h9n24jags19bkx8xo6708jfaumyt4qo','.eJxVjMEOgjAQRP-lZ9N0KWxbj975hma3bAU1JaFwMv67kHDQOb55M28VaVvHuFVZ4jSoqwJ1-WVM6SnlKIYHlfus01zWZWJ9KPpsq-7nQV630_07GKmO-5rMHgsWMSA6Dx3ZxuUMJpuwU4_QeQL2gtKhC7kxJGyzA-aW2yTq8wWZyjbY:1pkjdh:8OyznRPWQ5dG9AGrdiPddnYgF4n4mzJiF6cGcl3kffw','2023-04-21 10:48:17.826015'),('9iovih2zymty4vvydtbs2lyt9kjmzwm1','.eJxVjDsOwjAQBe_iGlm2418o6XMGa9e74ACypTipEHeHSCmgfTPzXiLBtpa0dV7STOIsfBSn3xEhP7juhO5Qb03mVtdlRrkr8qBdTo34eTncv4MCvXxrJOVHh1cwRvmINjDyQIZD9I7BsKNgA-ocgMniiKBAa7Yaguc8oBPvDydlOO4:1ponQ6:2MC14BLiGx9kmBhLSRLYM_zl4sv23x17I4O25cwyaT4','2023-05-02 15:39:02.163317'),('9o6gzun8x1d1y7jk70qe7czucqwaud5e','.eJxVjDsOwyAQBe9CHSHzNaRM7zMgdheCkwgkY1dR7h5bcpG0b2bem4W4rSVsPS1hJnZlSkp2-V0h4jPVA9Ej1nvj2Oq6zMAPhZ-086lRet1O9--gxF72Wgw-G_IEFgjBmywpaQCE0WTKfiCL6LQTVqHV0Yw7FlmQ0p6c8yKzzxdh3TlA:1po6uQ:qaPbYR2Uhu4wvDWB23lfQSCuSaT1tw_AqUhBg8RqQWo','2023-04-30 18:15:30.675521'),('9oeufu8cmifmtq1v6wxz6l5c52ty38cd','.eJxVjMEOgjAQRP-lZ9N0KWxbj975hma3bAU1JaFwMv67kHDQOb55M28VaVvHuFVZ4jSoqwJ1-WVM6SnlKIYHlfus01zWZWJ9KPpsq-7nQV630_07GKmO-5rMHgsWMSA6Dx3ZxuUMJpuwU4_QeQL2gtKhC7kxJGyzA-aW2yTq8wWZyjbY:1pqzc2:g1b-EjBhYUzcHmzcvQiHk0DcgpYUKIzJvl4kOaP4iP0','2023-05-08 17:04:26.361966'),('9of7n685mtehmnykxzulj4yapcu4oorr','.eJxVjEsOgzAMRO-SdRURIwfTZfc9A7Jj09BWQeKzQr17QWLR7kbz3szmOl6X3K2zTd2g7uoCBnf5bYXTy8qB9MnlMfo0lmUaxB-KP-ns76Pa-3a6fweZ57yvG0altg5QkXHEBpPFSnuQiEi0BwCpIRGoCjJJACWIvTG2EtXEfb4jYjie:1pl41M:Dqbq6G_jBDtiyfcKABd842zWZMH3wb4yHiJNw0HyY5A','2023-04-22 08:34:04.718942'),('9uwz8pf0xvhdaikwij2erg3zqvyt9pdv','.eJxVjMEOgjAQRP-lZ9N0KWxbj975hma3bAU1JaFwMv67kHDQOb55M28VaVvHuFVZ4jSoqwJ1-WVM6SnlKIYHlfus01zWZWJ9KPpsq-7nQV630_07GKmO-5rMHgsWMSA6Dx3ZxuUMJpuwU4_QeQL2gtKhC7kxJGyzA-aW2yTq8wWZyjbY:1pl29t:OD4qTMMpOA_j0YMaZFQ4vxn6OhHazCQ6TeK3csX7sOc','2023-04-22 06:34:45.257269'),('9wfvsbb3lr86fkhawzr92lhvga6lu5q2','.eJxVjMEOgjAQRP-lZ9N0KWxbj975hma3bAU1JaFwMv67kHDQOb55M28VaVvHuFVZ4jSoqwJ1-WVM6SnlKIYHlfus01zWZWJ9KPpsq-7nQV630_07GKmO-5rMHgsWMSA6Dx3ZxuUMJpuwU4_QeQL2gtKhC7kxJGyzA-aW2yTq8wWZyjbY:1ps0sc:3Y581iAve7-cq6yJPrIvrdhpoXfaiUW28GUV2mMVnb4','2023-05-11 12:37:46.486348'),('9xluhhx3yqvaohjrrdrsowevu9zj44cx','.eJxVjDsOwjAQBe_iGlm2418o6XMGa9e74ACypTipEHeHSCmgfTPzXiLBtpa0dV7STOIsfBSn3xEhP7juhO5Qb03mVtdlRrkr8qBdTo34eTncv4MCvXxrJOVHh1cwRvmINjDyQIZD9I7BsKNgA-ocgMniiKBAa7Yaguc8oBPvDydlOO4:1pozqp:B-Pn8yfwRG0L50LRqCJmTppq8iIZ7y3XKhMQ1CRgZKU','2023-05-03 04:55:27.481888'),('9zcbujtt52hqgpnqfhbafip41gwkxdrj','.eJxVjMEOgjAQRP-lZ9N0KWxbj975hma3bAU1JaFwMv67kHDQOb55M28VaVvHuFVZ4jSoqwJ1-WVM6SnlKIYHlfus01zWZWJ9KPpsq-7nQV630_07GKmO-5rMHgsWMSA6Dx3ZxuUMJpuwU4_QeQL2gtKhC7kxJGyzA-aW2yTq8wWZyjbY:1pqsFs:92cRF2vZv_5_hrYgQnpWeTwwLktMdvj_AyHAj-uLz80','2023-05-08 09:13:04.893872'),('a14i02rj7g470bppjuq11kslwtd5leih','.eJxVjDsOwyAQBe9CHSHzNaRM7zMgdheCkwgkY1dR7h5bcpG0b2bem4W4rSVsPS1hJnZlSkp2-V0h4jPVA9Ej1nvj2Oq6zMAPhZ-086lRet1O9--gxF72Wgw-G_IEFgjBmywpaQCE0WTKfiCL6LQTVqHV0Yw7FlmQ0p6c8yKzzxdh3TlA:1png45:DC2oEqmmlbctyaoFy95tQ12FMxVVMJgyZpH7kNM3Hs8','2023-04-29 13:35:41.170252'),('a4mj30yan5n4t97ztrokjhyrra0jbd2i','.eJxVjEEOwiAQRe_C2hAKOIBL9z0DGYapVA0kpV0Z765NutDtf-_9l4i4rSVunZc4Z3ERRmtx-l0T0oPrjvId661JanVd5iR3RR60y7Flfl4P9--gYC_fOmXFOGVj0ZN2QUNwnsOgzAAe6WwCeKV0ADbBIdsMAGQnz6TAgVEk3h8gDTeR:1pmbGb:O46o7vcaEGwWVDkQX8j70UXf2TG8C8A0g1ut_IM81is','2023-04-26 14:16:09.098030'),('a54osmhuazomvqxl95dya276u6tyah1s','.eJxVjDsOwjAQBe_iGlkYf1hT0nMGa3ftxQHkSHFSIe5OIqWAdmbee6uEy1zT0suUhqwuKoA6_EJCfpa2mfzAdh81j22eBtJbonfb9W3M5XXd27-Dir2uawDPINEgRiM-ROtNLs5aZ1YQgekE4i3iWZgloFBG55COEUJxHkl9vgwTOKw:1pkpda:G2tjO8IB0s1n1zorjJHVHa-N7GSDpdapsoUfa8P6-h4','2023-04-21 17:12:34.485987'),('a6m0uw0zosuzv19riwk1ezr33plurgvk','.eJxVjDsOwjAQRO_iGln-sFlDSZ8zWBuvFwdQLMVJhbg7iZQCypn3Zt4q0rqUuLY8x5HVVaFXp99yoPTM0074QdO96lSnZR4HvSv6oE33lfPrdrh_B4Va2dbOEogluQQWw4iQyNluQMuct2i8Z0gdGHQGg1AQgLOY7FBAAgKqzxcSADft:1pqCwS:JSzOfAjc56pjEQJw7MezXJOineq3VFGl4I9QdCi8jug','2023-05-06 13:06:16.063549'),('a7wk7x42qma25ye77x1sd2uq4xmm9cnq','.eJxVjDsOwjAQBe_iGlkYf1hT0nMGa3ftxQHkSHFSIe5OIqWAdmbee6uEy1zT0suUhqwuKoA6_EJCfpa2mfzAdh81j22eBtJbonfb9W3M5XXd27-Dir2uawDPINEgRiM-ROtNLs5aZ1YQgekE4i3iWZgloFBG55COEUJxHkl9vgwTOKw:1pl2Bw:qeiMGszZKC_w7rvcZiAR3nPob3L6l0NUzsIPZKzqifc','2023-04-22 06:36:52.867500'),('a8bu7kxv5tjevdjnyns8wxulup1ax61u','.eJxVjMEOgjAQRP-lZ9N0KWxbj975hma3bAU1JaFwMv67kHDQOb55M28VaVvHuFVZ4jSoqwJ1-WVM6SnlKIYHlfus01zWZWJ9KPpsq-7nQV630_07GKmO-5rMHgsWMSA6Dx3ZxuUMJpuwU4_QeQL2gtKhC7kxJGyzA-aW2yTq8wWZyjbY:1pkqbz:f5X5fqm6dUqCSAEYLGdYGGX06PxDz7wPkjzu2I5owAk','2023-04-21 18:14:59.055650'),('a8pxi3gbx2jdwx5i05h4rxo2hltbpuv2','.eJxVjEEOwiAQRe_C2hAKOIBL9z0DGYapVA0kpV0Z765NutDtf-_9l4i4rSVunZc4Z3ERRmtx-l0T0oPrjvId661JanVd5iR3RR60y7Flfl4P9--gYC_fOmXFOGVj0ZN2QUNwnsOgzAAe6WwCeKV0ADbBIdsMAGQnz6TAgVEk3h8gDTeR:1pmz2S:pqnmrszqj7-om4aSgzOr5PldfiHNueMg7usKiCmt3vM','2023-04-27 15:39:08.138869'),('a91kxngo15kat9yq3rqnm6hme21x7cbq','.eJxVjMEOgjAQRP-lZ9N0KWxbj975hma3bAU1JaFwMv67kHDQOb55M28VaVvHuFVZ4jSoqwJ1-WVM6SnlKIYHlfus01zWZWJ9KPpsq-7nQV630_07GKmO-5rMHgsWMSA6Dx3ZxuUMJpuwU4_QeQL2gtKhC7kxJGyzA-aW2yTq8wWZyjbY:1pkMdl:DdazG1h9yw68bYxHrLUjKRNbzvnLAJyOn4uCKGlzCQs','2023-04-20 10:14:49.004400'),('ab6wpeznjmqb4eanhc5ktigi4vwhfu09','.eJxVjMEOgjAQRP-lZ9N0KWxbj975hma3bAU1JaFwMv67kHDQOb55M28VaVvHuFVZ4jSoqwJ1-WVM6SnlKIYHlfus01zWZWJ9KPpsq-7nQV630_07GKmO-5rMHgsWMSA6Dx3ZxuUMJpuwU4_QeQL2gtKhC7kxJGyzA-aW2yTq8wWZyjbY:1pqfIY:gBva47AOyygU8ba9mSaHnMI54oRfv7YHJaxfBSUL2Kw','2023-05-07 19:22:58.655921'),('af4obehqjzb42yuypiw2c3jgprgtb6pr','.eJxVjMEOgjAQRP-lZ9N0KWxbj975hma3bAU1JaFwMv67kHDQOb55M28VaVvHuFVZ4jSoqwJ1-WVM6SnlKIYHlfus01zWZWJ9KPpsq-7nQV630_07GKmO-5rMHgsWMSA6Dx3ZxuUMJpuwU4_QeQL2gtKhC7kxJGyzA-aW2yTq8wWZyjbY:1pq661:r--8H_CdOYvDAzZw-6Wal-FE1NVg29X1dJW3UXY7iPk','2023-05-06 05:47:41.216961'),('afnj7jvc4ktjnnzmkelohw3qbtnf9i1w','.eJxVjMEOgjAQRP-lZ9N0KWxbj975hma3bAU1JaFwMv67kHDQOb55M28VaVvHuFVZ4jSoqwJ1-WVM6SnlKIYHlfus01zWZWJ9KPpsq-7nQV630_07GKmO-5rMHgsWMSA6Dx3ZxuUMJpuwU4_QeQL2gtKhC7kxJGyzA-aW2yTq8wWZyjbY:1prFLc:Y5xLN74yXRsck7IDOk_yfL9bZ2IYKqb1e0sUQhujyM4','2023-05-09 09:52:32.816645'),('ahq5y1y9071m2j23sxhfdfaga5j1snoo','.eJxVjDsOwjAQBe_iGlm2418o6XMGa9e74ACypTipEHeHSCmgfTPzXiLBtpa0dV7STOIsfBSn3xEhP7juhO5Qb03mVtdlRrkr8qBdTo34eTncv4MCvXxrJOVHh1cwRvmINjDyQIZD9I7BsKNgA-ocgMniiKBAa7Yaguc8oBPvDydlOO4:1pq5Dn:4ZVHIhvDJSc2GliAYZ-U4es90YwSc8o1yV_HKMw4lSg','2023-05-06 04:51:39.133958'),('ajineagd5z18qbuz6vnu4l94dle5m3mm','.eJxVjDsOwyAQBe9CHSHzNaRM7zMgdheCkwgkY1dR7h5bcpG0b2bem4W4rSVsPS1hJnZlSkp2-V0h4jPVA9Ej1nvj2Oq6zMAPhZ-086lRet1O9--gxF72Wgw-G_IEFgjBmywpaQCE0WTKfiCL6LQTVqHV0Yw7FlmQ0p6c8yKzzxdh3TlA:1poO8W:pDXcgYyrZzGhVsJyMRa9gZc6GnDK3WIuvbNO80BltW0','2023-05-01 12:39:12.868263'),('akt14quavefcfrapn3gb2auai70zhtc1','.eJxVjMEOgjAQRP-lZ9N0KWxbj975hma3bAU1JaFwMv67kHDQOb55M28VaVvHuFVZ4jSoqwJ1-WVM6SnlKIYHlfus01zWZWJ9KPpsq-7nQV630_07GKmO-5rMHgsWMSA6Dx3ZxuUMJpuwU4_QeQL2gtKhC7kxJGyzA-aW2yTq8wWZyjbY:1pkjMs:fxLLo95SPJiVKSzUwspScU8UcxxwkPcYMUHt-m--6Aw','2023-04-21 10:30:54.872496'),('altys2l82upw28d73yh8ggk2daz1gxrm','.eJxVjMEOgjAQRP-lZ9N0KWxbj975hma3bAU1JaFwMv67kHDQOb55M28VaVvHuFVZ4jSoqwJ1-WVM6SnlKIYHlfus01zWZWJ9KPpsq-7nQV630_07GKmO-5rMHgsWMSA6Dx3ZxuUMJpuwU4_QeQL2gtKhC7kxJGyzA-aW2yTq8wWZyjbY:1pkQ3w:RmstYVHTFQN8IpyywoVVdwaNpLTMwtpaeG1sh0YIjAU','2023-04-20 13:54:04.005167'),('anob9gq5xgji4dev76kg0sgelbx0046e','.eJxVjEEOwiAQRe_C2hAKOIBL9z0DGYapVA0kpV0Z765NutDtf-_9l4i4rSVunZc4Z3ERRmtx-l0T0oPrjvId661JanVd5iR3RR60y7Flfl4P9--gYC_fOmXFOGVj0ZN2QUNwnsOgzAAe6WwCeKV0ADbBIdsMAGQnz6TAgVEk3h8gDTeR:1pmzeO:pO67M5vYes-RiaEcV0fn9JvtARHeJZ0kL14eIQ_uASY','2023-04-27 16:18:20.193627'),('arfqfnm90zk2ocnk9doj3eymmo7qo3am','.eJxVjEEOwiAQRe_C2hAKOIBL9z0DGYapVA0kpV0Z765NutDtf-_9l4i4rSVunZc4Z3ERRmtx-l0T0oPrjvId661JanVd5iR3RR60y7Flfl4P9--gYC_fOmXFOGVj0ZN2QUNwnsOgzAAe6WwCeKV0ADbBIdsMAGQnz6TAgVEk3h8gDTeR:1pmbxQ:WK66-XwvobbsSPCtD2_CORG_yN21E4BwszKcin1LHas','2023-04-26 15:00:24.074944'),('awwjcao52zpl9inha51qh7gikcpeitbr','.eJxVjMEOgjAQRP-lZ9N0KWxbj975hma3bAU1JaFwMv67kHDQOb55M28VaVvHuFVZ4jSoqwJ1-WVM6SnlKIYHlfus01zWZWJ9KPpsq-7nQV630_07GKmO-5rMHgsWMSA6Dx3ZxuUMJpuwU4_QeQL2gtKhC7kxJGyzA-aW2yTq8wWZyjbY:1ppYAw:eVx6wb_nSKeYLm20rxTsH01I9RZhdnGDN2u_nS-AXvI','2023-05-04 17:34:30.975613'),('ay6szqe2rnv5vzi6pan8xzfu4ciw4xsy','.eJxVjDsOwjAQBe_iGlm2418o6XMGa9e74ACypTipEHeHSCmgfTPzXiLBtpa0dV7STOIsfBSn3xEhP7juhO5Qb03mVtdlRrkr8qBdTo34eTncv4MCvXxrJOVHh1cwRvmINjDyQIZD9I7BsKNgA-ocgMniiKBAa7Yaguc8oBPvDydlOO4:1pquC7:cAJ1xF2fd4weayrFAHoNiFQS8pcT8FM4J0OGRb_IVTQ','2023-05-08 11:17:19.098094'),('ayk4abi8b1ieh1uz09h9f3a76sib67md','.eJxVjEEOwiAQRe_C2hAKOIBL9z0DGYapVA0kpV0Z765NutDtf-_9l4i4rSVunZc4Z3ERRmtx-l0T0oPrjvId661JanVd5iR3RR60y7Flfl4P9--gYC_fOmXFOGVj0ZN2QUNwnsOgzAAe6WwCeKV0ADbBIdsMAGQnz6TAgVEk3h8gDTeR:1pnIPV:ZWgdeCh2b3T0ASwadrAMJtKi_hzG6cZ41twBeZLXRFE','2023-04-28 12:20:13.885373'),('ayltta8v7d00wybkiy5gc78ugbk7yso7','.eJxVjMEOgjAQRP-lZ9N0KWxbj975hma3bAU1JaFwMv67kHDQOb55M28VaVvHuFVZ4jSoqwJ1-WVM6SnlKIYHlfus01zWZWJ9KPpsq-7nQV630_07GKmO-5rMHgsWMSA6Dx3ZxuUMJpuwU4_QeQL2gtKhC7kxJGyzA-aW2yTq8wWZyjbY:1pl221:i1LF0yYGS88PXoXrYVrk0_VB16XKvkyHbzaK4F9ATaw','2023-04-22 06:26:37.838401'),('b64fp7nbddlxr5l440ddd4nm255hh98i','.eJxVjDsOwjAQBe_iGlm2418o6XMGa9e74ACypTipEHeHSCmgfTPzXiLBtpa0dV7STOIsfBSn3xEhP7juhO5Qb03mVtdlRrkr8qBdTo34eTncv4MCvXxrJOVHh1cwRvmINjDyQIZD9I7BsKNgA-ocgMniiKBAa7Yaguc8oBPvDydlOO4:1poSFI:qPpYQYzJAbAyUxV7j-oz-JFScjrrqD9XlDtaaPO_94s','2023-05-01 17:02:28.402526'),('b6bpxsu1b6ymnul6vqk1gv7wvq5uspj0','.eJxVjDsOwyAQBe9CHSHzNaRM7zMgdheCkwgkY1dR7h5bcpG0b2bem4W4rSVsPS1hJnZlSkp2-V0h4jPVA9Ej1nvj2Oq6zMAPhZ-086lRet1O9--gxF72Wgw-G_IEFgjBmywpaQCE0WTKfiCL6LQTVqHV0Yw7FlmQ0p6c8yKzzxdh3TlA:1polal:1_8ITSL7Or15yBRNa_3rhmM8JjT2vKU99hrf83v6mBQ','2023-05-02 13:41:55.245372'),('bb2eg5kucqe8rsm0wer4vfhdmegor813','.eJxVjMEOgjAQRP-lZ9N0KWxbj975hma3bAU1JaFwMv67kHDQOb55M28VaVvHuFVZ4jSoqwJ1-WVM6SnlKIYHlfus01zWZWJ9KPpsq-7nQV630_07GKmO-5rMHgsWMSA6Dx3ZxuUMJpuwU4_QeQL2gtKhC7kxJGyzA-aW2yTq8wWZyjbY:1pedUH:CGWiXGqRhKDgAizjDR4W2k4pLXm96LDU_H21FPUuO9U','2023-04-04 15:01:21.525996'),('bf0pv4l2956iv61b8t0e6fkty7w82ybx','.eJxVjMEOgjAQRP-lZ9N0KWxbj975hma3bAU1JaFwMv67kHDQOb55M28VaVvHuFVZ4jSoqwJ1-WVM6SnlKIYHlfus01zWZWJ9KPpsq-7nQV630_07GKmO-5rMHgsWMSA6Dx3ZxuUMJpuwU4_QeQL2gtKhC7kxJGyzA-aW2yTq8wWZyjbY:1pqWxV:TokVix3wqefyBHSe6JQraVp4uhenpjC-TPr58meVBw4','2023-05-07 10:28:41.736927'),('bfhx2kea9t5ulknysuv4jw0iwz2jib36','.eJxVjEEOgjAQRe_StWk6pTNQl-49A5l2poIaSCisjHdXEha6_e-9_zI9b-vQb1WXfhRzNtA5c_pdE-eHTjuSO0-32eZ5Wpcx2V2xB632Oos-L4f7dzBwHb61i149CgmgSizghR2JcyEAdiUyEGTXFkJiJdTYaIFUGqQmtaFkNu8PH4U4Nw:1ppRuf:TFMsXyoAE4g_w45Led4xbVSqaf0DSdM9lkSL_YKIRQs','2023-05-04 10:53:17.541034'),('bjvufr7gt6pi6x6yyupgtiiyuvpc42kj','.eJxVjMEOgjAQRP-lZ9N0KWxbj975hma3bAU1JaFwMv67kHDQOb55M28VaVvHuFVZ4jSoqwJ1-WVM6SnlKIYHlfus01zWZWJ9KPpsq-7nQV630_07GKmO-5rMHgsWMSA6Dx3ZxuUMJpuwU4_QeQL2gtKhC7kxJGyzA-aW2yTq8wWZyjbY:1plBWP:-hIzrtfvjD8n9fhxnZ3PKsArPIMPgY6JdfTq4r7KxIc','2023-04-22 16:34:37.015580'),('bm56zd7pmbf2ixqeuwpx60yr5xxfmr7d','.eJxVjDsOwjAQBe_iGlm2418o6XMGa9e74ACypTipEHeHSCmgfTPzXiLBtpa0dV7STOIsfBSn3xEhP7juhO5Qb03mVtdlRrkr8qBdTo34eTncv4MCvXxrJOVHh1cwRvmINjDyQIZD9I7BsKNgA-ocgMniiKBAa7Yaguc8oBPvDydlOO4:1ponoF:oeiqEA2GBIPyqVoxhqovLyxeClzHAIfpQiDyXSc9YII','2023-05-02 16:03:59.063098'),('bmt1w0fhw2rg49sano4u113m0vc4gdi3','.eJxVjDsOwjAQBe_iGlne-LuU9JzBWmdtEkC2FCcV4u4QKQW0b2beS0Ta1iluPS9xZnEWYLQ4_a6JxkeuO-I71VuTY6vrMie5K_KgXV4b5-flcP8OJurTtzaUBwWZLJjMqD1q5Uqy6MZUAAADKU7OOu1dwIERU0AL4NEyMLoi3h8YJzdo:1prF2k:e9uTk4M3rX7RQqdLjeuK-BUZ3N1X3NUDE93-Tk68L4w','2023-05-09 09:33:02.195010'),('bnfqncrvg2wak52nspxh4uua641tscw4','.eJxVjDsOwyAQBe9CHSHzNaRM7zMgdheCkwgkY1dR7h5bcpG0b2bem4W4rSVsPS1hJnZlSkp2-V0h4jPVA9Ej1nvj2Oq6zMAPhZ-086lRet1O9--gxF72Wgw-G_IEFgjBmywpaQCE0WTKfiCL6LQTVqHV0Yw7FlmQ0p6c8yKzzxdh3TlA:1pnLZP:ddkcaouWyOXaSlzobbnEbuetBbdNqjyrfKogg70wfhs','2023-04-28 15:42:39.969716'),('boagwk6slxggpzvoqs5g7j3nvurp2600','.eJxVjMEOgjAQRP-lZ9N0KWxbj975hma3bAU1JaFwMv67kHDQOb55M28VaVvHuFVZ4jSoqwJ1-WVM6SnlKIYHlfus01zWZWJ9KPpsq-7nQV630_07GKmO-5rMHgsWMSA6Dx3ZxuUMJpuwU4_QeQL2gtKhC7kxJGyzA-aW2yTq8wWZyjbY:1prEAC:acoZ7uXsW8d04O9cJ38U-TRvRyv0J6H5oKJHUT8IFlc','2023-05-09 08:36:40.126782'),('bro46a5xycx4wlrp9q7sl7ydhr8c77q6','.eJxVjMEOgjAQRP-lZ9N0KWxbj975hma3bAU1JaFwMv67kHDQOb55M28VaVvHuFVZ4jSoqwJ1-WVM6SnlKIYHlfus01zWZWJ9KPpsq-7nQV630_07GKmO-5rMHgsWMSA6Dx3ZxuUMJpuwU4_QeQL2gtKhC7kxJGyzA-aW2yTq8wWZyjbY:1pkNr5:ZA_8UvKmxMWzb6qSN2v9snMeKdjWaPYHd7xMyK-2NVs','2023-04-20 11:32:39.856076'),('bshx6arxejzqkhxctcs113v6xx4ljabn','.eJxVjDsOwyAQBe9CHSHzNaRM7zMgdheCkwgkY1dR7h5bcpG0b2bem4W4rSVsPS1hJnZlSkp2-V0h4jPVA9Ej1nvj2Oq6zMAPhZ-086lRet1O9--gxF72Wgw-G_IEFgjBmywpaQCE0WTKfiCL6LQTVqHV0Yw7FlmQ0p6c8yKzzxdh3TlA:1pncQD:WYrXa4Y-eT1YgIfeLm_J_LgJ6sywbEbUhewjKb5YiZI','2023-04-29 09:42:17.007464'),('btf0an31f8ndru1d0np5lbs3lbtwh50f','.eJxVjEEOwiAQRe_C2hAKOIBL9z0DGYapVA0kpV0Z765NutDtf-_9l4i4rSVunZc4Z3ERRmtx-l0T0oPrjvId661JanVd5iR3RR60y7Flfl4P9--gYC_fOmXFOGVj0ZN2QUNwnsOgzAAe6WwCeKV0ADbBIdsMAGQnz6TAgVEk3h8gDTeR:1pn26e:jcJ6NRchqLr1dQ_odnRTjMBFPOFdhBgnHuIHz6lx8a0','2023-04-27 18:55:40.435872'),('bwvdmxufv8a7bzhiom99950h41xpk7f3','.eJxVjEEOwiAQRe_C2hAKOIBL9z0DGYapVA0kpV0Z765NutDtf-_9l4i4rSVunZc4Z3ERRmtx-l0T0oPrjvId661JanVd5iR3RR60y7Flfl4P9--gYC_fOmXFOGVj0ZN2QUNwnsOgzAAe6WwCeKV0ADbBIdsMAGQnz6TAgVEk3h8gDTeR:1pmZzy:p6Xcdy7ou-8QN3Uhj9Dk4oxA_8nMduPOat95LtUD0z0','2023-04-26 12:54:54.785567'),('c091vieixfl62qxx9v06ucrkaywq3frw','.eJxVjDsOwjAQBe_iGlm2418o6XMGa9e74ACypTipEHeHSCmgfTPzXiLBtpa0dV7STOIsfBSn3xEhP7juhO5Qb03mVtdlRrkr8qBdTo34eTncv4MCvXxrJOVHh1cwRvmINjDyQIZD9I7BsKNgA-ocgMniiKBAa7Yaguc8oBPvDydlOO4:1pp2hy:ea6CNLLY6VDWG0xeuZuQoE2hisQJkLo3NJ0i--0dpCQ','2023-05-03 07:58:30.775214'),('c0lk0ot0j1rfdn4xqo5v1tffhwn00jl7','.eJxVjDsOwjAQBe_iGlm2418o6XMGa9e74ACypTipEHeHSCmgfTPzXiLBtpa0dV7STOIsfBSn3xEhP7juhO5Qb03mVtdlRrkr8qBdTo34eTncv4MCvXxrJOVHh1cwRvmINjDyQIZD9I7BsKNgA-ocgMniiKBAa7Yaguc8oBPvDydlOO4:1ppvIj:lqVAzSQcTLHH25MXl4MxbjlLuvEPrgPvNzzkAhLQCRU','2023-05-05 18:16:05.116459'),('c2kx0tuf6tclwgqc26pyd3elvx5bb61x','.eJxVjMEOgjAQRP-lZ9N0KWxbj975hma3bAU1JaFwMv67kHDQOb55M28VaVvHuFVZ4jSoqwJ1-WVM6SnlKIYHlfus01zWZWJ9KPpsq-7nQV630_07GKmO-5rMHgsWMSA6Dx3ZxuUMJpuwU4_QeQL2gtKhC7kxJGyzA-aW2yTq8wWZyjbY:1pkO9P:gZkYDVfycUvcQkChY05tV68yD_mEltkZTWHneIE375k','2023-04-20 11:51:35.809351'),('c2vpi2uydfipanlxspaazqkgksnh23s3','.eJxVjEEOwiAQRe_C2hAKOIBL9z0DGYapVA0kpV0Z765NutDtf-_9l4i4rSVunZc4Z3ERRmtx-l0T0oPrjvId661JanVd5iR3RR60y7Flfl4P9--gYC_fOmXFOGVj0ZN2QUNwnsOgzAAe6WwCeKV0ADbBIdsMAGQnz6TAgVEk3h8gDTeR:1pmdTL:InN5P4X_Z6jRCsPXKS-em9BUbLMUn9TDeS2g7J8XLqc','2023-04-26 16:37:27.330168'),('c3p8bj9jow5ziua6rqjw5kis7q8cyz95','.eJxVjMEOgjAQRP-lZ9N0KWxbj975hma3bAU1JaFwMv67kHDQOb55M28VaVvHuFVZ4jSoqwJ1-WVM6SnlKIYHlfus01zWZWJ9KPpsq-7nQV630_07GKmO-5rMHgsWMSA6Dx3ZxuUMJpuwU4_QeQL2gtKhC7kxJGyzA-aW2yTq8wWZyjbY:1pqYlQ:qOPrbk8-ixHEApKoc68A38R9mRJrLZvhH031XngBsc4','2023-05-07 12:24:20.967527'),('c41iey0rjxanemxfokxmpo8u6fhyi3db','.eJxVjEEOwiAQRe_C2hAKOIBL9z0DGYapVA0kpV0Z765NutDtf-_9l4i4rSVunZc4Z3ERRmtx-l0T0oPrjvId661JanVd5iR3RR60y7Flfl4P9--gYC_fOmXFOGVj0ZN2QUNwnsOgzAAe6WwCeKV0ADbBIdsMAGQnz6TAgVEk3h8gDTeR:1pmZmF:o6VVRsxGuSLR71TawWdJUnJcEP9a_HbPFD6vN7Gj46Y','2023-04-26 12:40:43.104229'),('c99rneg5502xw1qp2bqe2j47qlbpvh7k','.eJxVjEEOwiAQRe_C2hAKOIBL9z0DGYapVA0kpV0Z765NutDtf-_9l4i4rSVunZc4Z3ERRmtx-l0T0oPrjvId661JanVd5iR3RR60y7Flfl4P9--gYC_fOmXFOGVj0ZN2QUNwnsOgzAAe6WwCeKV0ADbBIdsMAGQnz6TAgVEk3h8gDTeR:1pmbY1:FuLglkY8ECVHqOZgKOFPT1-C2TZ4pJCaOayraqaymQI','2023-04-26 14:34:09.435840'),('c9pl19noflihkofqt0vbo5nylozir6vb','.eJxVjDsOwyAQBe9CHSHzNaRM7zMgdheCkwgkY1dR7h5bcpG0b2bem4W4rSVsPS1hJnZlSkp2-V0h4jPVA9Ej1nvj2Oq6zMAPhZ-086lRet1O9--gxF72Wgw-G_IEFgjBmywpaQCE0WTKfiCL6LQTVqHV0Yw7FlmQ0p6c8yKzzxdh3TlA:1pnMcS:CtJfPbT-TOh-kV5LzFeuFppzw9UmNg5WDJk8PusQzZo','2023-04-28 16:49:52.711106'),('cb8k4xu5586v933voz9knvf74iqe1jos','.eJxVjDsOwjAQBe_iGlmO1x9CSZ8zWOvdDQ4gR4qTCnF3iJQC2jcz76USbmtJW5MlTawuCqxTp981Iz2k7ojvWG-zprmuy5T1ruiDNj3MLM_r4f4dFGzlW3fU4ygEzkeDMXZBjEcPgTkgSZ8ZLbksITJ4A3AmT84EY4CszwCjen8APQc4UQ:1poQBr:glpl4BbPxLF5qzoREVLUiUI_RR5kTnx6W66muDdefkU','2023-05-01 14:50:47.651605'),('cbesmkwc55pv428pf44kdv5o5kw4rzf1','.eJxVjDsOwjAQBe_iGlm2418o6XMGa9e74ACypTipEHeHSCmgfTPzXiLBtpa0dV7STOIsfBSn3xEhP7juhO5Qb03mVtdlRrkr8qBdTo34eTncv4MCvXxrJOVHh1cwRvmINjDyQIZD9I7BsKNgA-ocgMniiKBAa7Yaguc8oBPvDydlOO4:1pozfZ:5pTIr5M8LLvyCAdjhxrNfmevdSdqJnuvXyoAxRHxm20','2023-05-03 04:43:49.835785'),('ccabc93gzhze0joebodln2qn5a0jdune','.eJxVjDsOwjAQBe_iGlm2418o6XMGa9e74ACypTipEHeHSCmgfTPzXiLBtpa0dV7STOIsfBSn3xEhP7juhO5Qb03mVtdlRrkr8qBdTo34eTncv4MCvXxrJOVHh1cwRvmINjDyQIZD9I7BsKNgA-ocgMniiKBAa7Yaguc8oBPvDydlOO4:1ppYIk:Ykdfiljksoa-r7QqlkHn7vik_lHoxHbsySc6CDx02yo','2023-05-04 17:42:34.271218'),('cfl4jpud762x1rd44ymeyww2bmxej37z','.eJxVjEsOgzAMRO-SdRURIwfTZfc9A7Jj09BWQeKzQr17QWLR7kbz3szmOl6X3K2zTd2g7uoCBnf5bYXTy8qB9MnlMfo0lmUaxB-KP-ns76Pa-3a6fweZ57yvG0altg5QkXHEBpPFSnuQiEi0BwCpIRGoCjJJACWIvTG2EtXEfb4jYjie:1plX4m:9rBU7-k2Of0kfVleWotlfyO6q1172-CZRh6lvWAW-XU','2023-04-23 15:35:32.192680'),('cfmveozcoivq4gl9eupluzs7ptzy1gyq','.eJxVjDsOwjAQBe_iGlm2418o6XMGa9e74ACypTipEHeHSCmgfTPzXiLBtpa0dV7STOIsfBSn3xEhP7juhO5Qb03mVtdlRrkr8qBdTo34eTncv4MCvXxrJOVHh1cwRvmINjDyQIZD9I7BsKNgA-ocgMniiKBAa7Yaguc8oBPvDydlOO4:1ppou8:FJ3N7wbl1cl0jpHtzq250ir4FWpcvJdVimXsWC6gv78','2023-05-05 11:26:16.086920'),('cgctgpnzd9ejaoordan4ozg8bv2jx50x','.eJxVjDsOwyAQBe9CHSHzNaRM7zMgdheCkwgkY1dR7h5bcpG0b2bem4W4rSVsPS1hJnZlSkp2-V0h4jPVA9Ej1nvj2Oq6zMAPhZ-086lRet1O9--gxF72Wgw-G_IEFgjBmywpaQCE0WTKfiCL6LQTVqHV0Yw7FlmQ0p6c8yKzzxdh3TlA:1pnY8j:ZYzu512pvveHq7LXNNkah_-2FfgfmU-AHFc7F0KWyhw','2023-04-29 05:07:57.783849'),('ch5s4tlrixcohqk6iynu159v1zfji2bv','.eJxVjMEOgjAQRP-lZ9N0KWxbj975hma3bAU1JaFwMv67kHDQOb55M28VaVvHuFVZ4jSoqwJ1-WVM6SnlKIYHlfus01zWZWJ9KPpsq-7nQV630_07GKmO-5rMHgsWMSA6Dx3ZxuUMJpuwU4_QeQL2gtKhC7kxJGyzA-aW2yTq8wWZyjbY:1pqYxN:G-v3O6blMXXMcmxkvWIzcdx8oaHBTU0fupxcizYzSyI','2023-05-07 12:36:41.730546'),('ch6btas9fucfppd6vrc8bpkpm4v3nocy','.eJxVjDsOwjAQBe_iGlm2418o6XMGa9e74ACypTipEHeHSCmgfTPzXiLBtpa0dV7STOIsfBSn3xEhP7juhO5Qb03mVtdlRrkr8qBdTo34eTncv4MCvXxrJOVHh1cwRvmINjDyQIZD9I7BsKNgA-ocgMniiKBAa7Yaguc8oBPvDydlOO4:1pp3hf:nJQq0DoCgUeftSKa2wLMScehz3g7sUJmS6pitQY8i18','2023-05-03 09:02:15.780189'),('chz57eqzrgv3nn64unpak17ajmdkx5jw','.eJxVjDsOwyAQBe9CHSHzNaRM7zMgdheCkwgkY1dR7h5bcpG0b2bem4W4rSVsPS1hJnZlSkp2-V0h4jPVA9Ej1nvj2Oq6zMAPhZ-086lRet1O9--gxF72Wgw-G_IEFgjBmywpaQCE0WTKfiCL6LQTVqHV0Yw7FlmQ0p6c8yKzzxdh3TlA:1pnLu2:x-JaonbBwykruNEU3UzsgOhUMZI98rsgm58RrTC_8Zw','2023-04-28 16:03:58.123169'),('cjcp6q7sgndotwyfrdlyy6x8981vrk9x','.eJxVjMEOgjAQRP-lZ9N0KWxbj975hma3bAU1JaFwMv67kHDQOb55M28VaVvHuFVZ4jSoqwJ1-WVM6SnlKIYHlfus01zWZWJ9KPpsq-7nQV630_07GKmO-5rMHgsWMSA6Dx3ZxuUMJpuwU4_QeQL2gtKhC7kxJGyzA-aW2yTq8wWZyjbY:1pkqVE:43FoKM9extDyeRvuiEJQgaU4pk9p9irhcY2B54QFATA','2023-04-21 18:08:00.977079'),('ckzhadqzs58i0eeml2st3xofb6ndsvds','.eJxVjDsOwyAQBe9CHSHzNaRM7zMgdheCkwgkY1dR7h5bcpG0b2bem4W4rSVsPS1hJnZlSkp2-V0h4jPVA9Ej1nvj2Oq6zMAPhZ-086lRet1O9--gxF72Wgw-G_IEFgjBmywpaQCE0WTKfiCL6LQTVqHV0Yw7FlmQ0p6c8yKzzxdh3TlA:1pnLS0:uV_iHtAtUNtEaiBHswfjUE_sy9UNBhkbxjAcR3FNlJM','2023-04-28 15:35:00.253630'),('co4fvp7s5i5t3wx1fjdspk6wgm7svgko','.eJxVjMEOgjAQRP-lZ9N0KWxbj975hma3bAU1JaFwMv67kHDQOb55M28VaVvHuFVZ4jSoqwJ1-WVM6SnlKIYHlfus01zWZWJ9KPpsq-7nQV630_07GKmO-5rMHgsWMSA6Dx3ZxuUMJpuwU4_QeQL2gtKhC7kxJGyzA-aW2yTq8wWZyjbY:1pkO6d:ym_iNdsyBjhbeqHZ_cDC8sgWitjW6kMvQQ9NpN8pPSA','2023-04-20 11:48:43.746368'),('crg6piak422h1il7xi9vghyfb6e8cagr','.eJxVjMEOgjAQRP-lZ9N0KWxbj975hma3bAU1JaFwMv67kHDQOb55M28VaVvHuFVZ4jSoqwJ1-WVM6SnlKIYHlfus01zWZWJ9KPpsq-7nQV630_07GKmO-5rMHgsWMSA6Dx3ZxuUMJpuwU4_QeQL2gtKhC7kxJGyzA-aW2yTq8wWZyjbY:1picaw:82lDYxg78Cdi2e1mUFF45s-MLHFNRjWNz5u9lNuL6po','2023-04-15 14:52:42.815643'),('csvm5fnthct8qw9a12biafc1ceefgx8j','.eJxVjMEOgjAQRP-lZ9N0KWxbj975hma3bAU1JaFwMv67kHDQOb55M28VaVvHuFVZ4jSoqwJ1-WVM6SnlKIYHlfus01zWZWJ9KPpsq-7nQV630_07GKmO-5rMHgsWMSA6Dx3ZxuUMJpuwU4_QeQL2gtKhC7kxJGyzA-aW2yTq8wWZyjbY:1pkpHl:gIz0YvRwwWBaHadUk4YPie6K3IQREni_Ante68ep5Jc','2023-04-21 16:50:01.720626'),('cu0101lnqw5o3xltmq73xw6kkgs85ysh','.eJxVjMEOgjAQRP-lZ9N0KWxbj975hma3bAU1JaFwMv67kHDQOb55M28VaVvHuFVZ4jSoqwJ1-WVM6SnlKIYHlfus01zWZWJ9KPpsq-7nQV630_07GKmO-5rMHgsWMSA6Dx3ZxuUMJpuwU4_QeQL2gtKhC7kxJGyzA-aW2yTq8wWZyjbY:1pkMlp:DBM71f-5-D4usWaYfEPc7UGuIOwNeq122HjS8rp9MOQ','2023-04-20 10:23:09.320273'),('cwjthiqop0k4gxn5kb8idt3uyynv03ft','.eJxVjDsOwyAQBe9CHSHzNaRM7zMgdheCkwgkY1dR7h5bcpG0b2bem4W4rSVsPS1hJnZlSkp2-V0h4jPVA9Ej1nvj2Oq6zMAPhZ-086lRet1O9--gxF72Wgw-G_IEFgjBmywpaQCE0WTKfiCL6LQTVqHV0Yw7FlmQ0p6c8yKzzxdh3TlA:1pnKM4:UZFtU5Y7dPbyaI6bDkwd3F6cm_ooxw86JS7jUFtSmTk','2023-04-28 14:24:48.804097'),('cxfy7d28fejswfnx0ljvj7x6z9gwmao6','.eJxVjEEOwiAQRe_C2hAKOIBL9z0DGYapVA0kpV0Z765NutDtf-_9l4i4rSVunZc4Z3ERRmtx-l0T0oPrjvId661JanVd5iR3RR60y7Flfl4P9--gYC_fOmXFOGVj0ZN2QUNwnsOgzAAe6WwCeKV0ADbBIdsMAGQnz6TAgVEk3h8gDTeR:1pn2oN:nnOVX8YyI4MM6DY1KoTq8TAyadPQR0_q_-kfXZJRz_c','2023-04-27 19:40:51.457315'),('cy3ishs630qrng7vhs9pkpuxlsq66okm','.eJxVjDsOwyAQBe9CHSHzNaRM7zMgdheCkwgkY1dR7h5bcpG0b2bem4W4rSVsPS1hJnZlSkp2-V0h4jPVA9Ej1nvj2Oq6zMAPhZ-086lRet1O9--gxF72Wgw-G_IEFgjBmywpaQCE0WTKfiCL6LQTVqHV0Yw7FlmQ0p6c8yKzzxdh3TlA:1pnffl:zrVlWF6SuC9ErM5HHs6mE8i9fjhJDPCCRY8bE_9CWKc','2023-04-29 13:10:33.602461'),('d403uizkrp71txqeo6u0as6jsc3iroo3','.eJxVjEEOwiAQRe_C2hAKOIBL9z0DGYapVA0kpV0Z765NutDtf-_9l4i4rSVunZc4Z3ERRmtx-l0T0oPrjvId661JanVd5iR3RR60y7Flfl4P9--gYC_fOmXFOGVj0ZN2QUNwnsOgzAAe6WwCeKV0ADbBIdsMAGQnz6TAgVEk3h8gDTeR:1pn1i7:j0qQZdMUEvJgO7CKR3vENj0Nv8VvbYQgeElvpP-3Bsg','2023-04-27 18:30:19.499072'),('d4ujmwfaypvxs3rh1e8witytqq6cly9x','.eJxVjMEOgjAQRP-lZ9N0KWxbj975hma3bAU1JaFwMv67kHDQOb55M28VaVvHuFVZ4jSoqwJ1-WVM6SnlKIYHlfus01zWZWJ9KPpsq-7nQV630_07GKmO-5rMHgsWMSA6Dx3ZxuUMJpuwU4_QeQL2gtKhC7kxJGyzA-aW2yTq8wWZyjbY:1pkp8B:JAqu4fgz5m_Kx_ciLTWHZ5MnMLJy2asj7HewbMnv3uI','2023-04-21 16:40:07.354885'),('d4wymswqbf55fagt2sth2l8sxm00cpb9','.eJxVjMEOgjAQRP-lZ9N0KWxbj975hma3bAU1JaFwMv67kHDQOb55M28VaVvHuFVZ4jSoqwJ1-WVM6SnlKIYHlfus01zWZWJ9KPpsq-7nQV630_07GKmO-5rMHgsWMSA6Dx3ZxuUMJpuwU4_QeQL2gtKhC7kxJGyzA-aW2yTq8wWZyjbY:1pqYmh:R33IYym9jCPrLgqHXG7CpBvDNsyy-C2NrikiwJej1i4','2023-05-07 12:25:39.461040'),('d6mn0rbfo4gtyiw1iqs4iytifjbrpf56','.eJxVjMEOgjAQRP-lZ9N0KWxbj975hma3bAU1JaFwMv67kHDQOb55M28VaVvHuFVZ4jSoqwJ1-WVM6SnlKIYHlfus01zWZWJ9KPpsq-7nQV630_07GKmO-5rMHgsWMSA6Dx3ZxuUMJpuwU4_QeQL2gtKhC7kxJGyzA-aW2yTq8wWZyjbY:1pkNyQ:dRLwK8_DBlcRnqGIsiMHKTFbbTr5I9AXeYuQarRzjMM','2023-04-20 11:40:14.410783'),('d88j0vj51f9t7ufahiqouctwozot7j63','.eJxVjEEOwiAQRe_C2hAKOIBL9z0DGYapVA0kpV0Z765NutDtf-_9l4i4rSVunZc4Z3ERRmtx-l0T0oPrjvId661JanVd5iR3RR60y7Flfl4P9--gYC_fOmXFOGVj0ZN2QUNwnsOgzAAe6WwCeKV0ADbBIdsMAGQnz6TAgVEk3h8gDTeR:1pmZFT:e0cl5Uv8gKK9Jzma-hEN6a0ClNxkNGL-867M34hmNvA','2023-04-26 12:06:51.552218'),('da7613ebo0ry7c3c0q4gokd4wo9c7mbn','.eJxVjDsOwyAQBe9CHSHzNaRM7zMgdheCkwgkY1dR7h5bcpG0b2bem4W4rSVsPS1hJnZlSkp2-V0h4jPVA9Ej1nvj2Oq6zMAPhZ-086lRet1O9--gxF72Wgw-G_IEFgjBmywpaQCE0WTKfiCL6LQTVqHV0Yw7FlmQ0p6c8yKzzxdh3TlA:1pnMVZ:oxHmYalmHOqXhEPPX0iG1gWVycAfacjNg5SMSNjhaKo','2023-04-28 16:42:45.833632'),('db32wffokyuxpzqw64g65elwtdxxkcdl','.eJxVjEEOwiAQRe_C2hAKOIBL9z0DGYapVA0kpV0Z765NutDtf-_9l4i4rSVunZc4Z3ERRmtx-l0T0oPrjvId661JanVd5iR3RR60y7Flfl4P9--gYC_fOmXFOGVj0ZN2QUNwnsOgzAAe6WwCeKV0ADbBIdsMAGQnz6TAgVEk3h8gDTeR:1pmbse:pgWGsWtc1GxHjU_T_UE1SBbnWJuLjwiddFNcQ1pob-o','2023-04-26 14:55:28.226379'),('ddnz2rzs82qv9ctaoe9iqdiomux0vnhn','.eJxVjEsOgzAMRO-SdRURIwfTZfc9A7Jj09BWQeKzQr17QWLR7kbz3szmOl6X3K2zTd2g7uoCBnf5bYXTy8qB9MnlMfo0lmUaxB-KP-ns76Pa-3a6fweZ57yvG0altg5QkXHEBpPFSnuQiEi0BwCpIRGoCjJJACWIvTG2EtXEfb4jYjie:1pl2zJ:enlCMcF-TUjisI7PFTghXeCAAlxePnysfaCVJDJlWrs','2023-04-22 07:27:53.023436'),('ddxyfhdgcocm3rg7s6jcy3dglpslr13f','.eJxVjEsOwjAMRO-SNYpimqY1S_acobIdhxRQIvWzQtydVuoCdqN5b-ZtBlqXPKyzTsMYzcUAtub02zLJU8uO4oPKvVqpZZlGtrtiDzrbW436uh7u30GmOW_rJKQ9O3Gt68S7BAlaFEiJWQE49Ag-YehiwMhdEIxb9g01jZ6dopjPF09XONg:1pmCij:jsrcz-S77w1KTCFYqBG_KQyWhLv2T7BCCSuraWmSG-c','2023-04-25 12:03:33.648002'),('dkg6x81ei7psq4cy579ncjhlk3g3qkkg','.eJxVjMEOgjAQRP-lZ9N0KWxbj975hma3bAU1JaFwMv67kHDQOb55M28VaVvHuFVZ4jSoqwJ1-WVM6SnlKIYHlfus01zWZWJ9KPpsq-7nQV630_07GKmO-5rMHgsWMSA6Dx3ZxuUMJpuwU4_QeQL2gtKhC7kxJGyzA-aW2yTq8wWZyjbY:1pqZjX:zrJb_88OcfkGv_mtRCvx-jaeB1aj0pSCeLwXCqHfIo8','2023-05-07 13:26:27.379417'),('dp3v21mg2hdobuu4biss14l5j4wib6ib','.eJxVjEsOgzAMRO-SdRURIwfTZfc9A7Jj09BWQeKzQr17QWLR7kbz3szmOl6X3K2zTd2g7uoCBnf5bYXTy8qB9MnlMfo0lmUaxB-KP-ns76Pa-3a6fweZ57yvG0altg5QkXHEBpPFSnuQiEi0BwCpIRGoCjJJACWIvTG2EtXEfb4jYjie:1pl3vi:wxTTqkDAHuCIgowiqcsGpsiAgyYJR8bCiWnz28uKspY','2023-04-22 08:28:14.668759'),('dpznzas0kyl3qq35lf9ljwprl4f6e0et','.eJxVjEsOgzAMRO-SdRURIwfTZfc9A7Jj09BWQeKzQr17QWLR7kbz3szmOl6X3K2zTd2g7uoCBnf5bYXTy8qB9MnlMfo0lmUaxB-KP-ns76Pa-3a6fweZ57yvG0altg5QkXHEBpPFSnuQiEi0BwCpIRGoCjJJACWIvTG2EtXEfb4jYjie:1pl4iO:taOn7JpO2HluXqQMEgr6Gl59z3XntaCvIMWseoDVIMA','2023-04-22 09:18:32.840051'),('dqtian5z97wz1j87ya5nbb8f3tsswule','.eJxVjMEOgjAQRP-lZ9N0KWxbj975hma3bAU1JaFwMv67kHDQOb55M28VaVvHuFVZ4jSoqwJ1-WVM6SnlKIYHlfus01zWZWJ9KPpsq-7nQV630_07GKmO-5rMHgsWMSA6Dx3ZxuUMJpuwU4_QeQL2gtKhC7kxJGyzA-aW2yTq8wWZyjbY:1pklZX:urNm8Q8GmdU0LbtcKkdUHXSRM5vVWvE10Gw-CdUP-Go','2023-04-21 12:52:07.523742'),('drpetassd53uxoihdd73wgeaf94wln6e','.eJxVjDsOwjAQBe_iGlm2418o6XMGa9e74ACypTipEHeHSCmgfTPzXiLBtpa0dV7STOIsfBSn3xEhP7juhO5Qb03mVtdlRrkr8qBdTo34eTncv4MCvXxrJOVHh1cwRvmINjDyQIZD9I7BsKNgA-ocgMniiKBAa7Yaguc8oBPvDydlOO4:1ppDYA:MuIzrLuR-fjUl6mmm4PLNu8_AHWyJwRMGAFDN4LBCu0','2023-05-03 19:33:06.021342'),('dstjahw1pza6f928j103f068itduyi1q','.eJxVjMEOgjAQRP-lZ9N0KWxbj975hma3bAU1JaFwMv67kHDQOb55M28VaVvHuFVZ4jSoqwJ1-WVM6SnlKIYHlfus01zWZWJ9KPpsq-7nQV630_07GKmO-5rMHgsWMSA6Dx3ZxuUMJpuwU4_QeQL2gtKhC7kxJGyzA-aW2yTq8wWZyjbY:1pkN1C:JZQ4yBY1WJ4TxVDdGRImNLjecYDqS6YLweIw5dTr2Cg','2023-04-20 10:39:02.024760'),('dvgr3qtqcpavv9fneb8hyah0zd56hzfa','.eJxVjEEOgjAQRe_StWk6pTNQl-49A5l2poIaSCisjHdXEha6_e-9_zI9b-vQb1WXfhRzNtA5c_pdE-eHTjuSO0-32eZ5Wpcx2V2xB632Oos-L4f7dzBwHb61i149CgmgSizghR2JcyEAdiUyEGTXFkJiJdTYaIFUGqQmtaFkNu8PH4U4Nw:1psSru:CQRm8zmOToXqr0I7FEUAxgQazntJuP6v7026yTo6Y5Y','2023-05-12 18:30:54.197229'),('dx3ybwf04vf8wpn9m0pvghmc16qoxy19','.eJxVjMEOgjAQRP-lZ9N0KWxbj975hma3bAU1JaFwMv67kHDQOb55M28VaVvHuFVZ4jSoqwJ1-WVM6SnlKIYHlfus01zWZWJ9KPpsq-7nQV630_07GKmO-5rMHgsWMSA6Dx3ZxuUMJpuwU4_QeQL2gtKhC7kxJGyzA-aW2yTq8wWZyjbY:1pkQ5Q:XjfShZk9niNLvQaE_xeniPo9m30oMmlPUDz5ZhV4fGM','2023-04-20 13:55:36.866457'),('e625tpdb1i3c3hggvdh0bfy1nr6qi57y','.eJxVjEEOwiAQRe_C2hAKOIBL9z0DGYapVA0kpV0Z765NutDtf-_9l4i4rSVunZc4Z3ERRmtx-l0T0oPrjvId661JanVd5iR3RR60y7Flfl4P9--gYC_fOmXFOGVj0ZN2QUNwnsOgzAAe6WwCeKV0ADbBIdsMAGQnz6TAgVEk3h8gDTeR:1pmYtc:1LL1A7r41ALkga7QJLEm-hEqDjIi4BGZMbOi2VP-2cw','2023-04-26 11:44:16.424782'),('e7895j3z3jwnbbd0yb4rhmsxln7vgnbf','.eJxVjMEOgjAQRP-lZ9N0KWxbj975hma3bAU1JaFwMv67kHDQOb55M28VaVvHuFVZ4jSoqwJ1-WVM6SnlKIYHlfus01zWZWJ9KPpsq-7nQV630_07GKmO-5rMHgsWMSA6Dx3ZxuUMJpuwU4_QeQL2gtKhC7kxJGyzA-aW2yTq8wWZyjbY:1piH9Y:9Gkpg2Ww02rhCQvFab8-fKoOLJuz-xfEWiQgPqfMoMM','2023-04-14 15:59:00.656154'),('ebjkt9u7gpphare0zbu14pzykxwfyvhe','.eJxVjEEOwiAQRe_C2hAKOIBL9z0DGYapVA0kpV0Z765NutDtf-_9l4i4rSVunZc4Z3ERRmtx-l0T0oPrjvId661JanVd5iR3RR60y7Flfl4P9--gYC_fOmXFOGVj0ZN2QUNwnsOgzAAe6WwCeKV0ADbBIdsMAGQnz6TAgVEk3h8gDTeR:1pnF2N:u5By3brafW8c1NnxRVXpfVvB94w_mFdI2CH2fdiepSI','2023-04-28 08:44:07.384247'),('ebsjg905d2jm33egu62gf814c0rp8y2j','e30:1pfiUH:IziLY47pWnr2u_DoJmLpshwt_ifC_Dk0vqkvUi8xbeI','2023-04-07 14:33:49.668672'),('eh8dlcyqi179z0zb9ak5vwi7xsckvugg','.eJxVjMEOgjAQRP-lZ9N0KWxbj975hma3bAU1JaFwMv67kHDQOb55M28VaVvHuFVZ4jSoqwJ1-WVM6SnlKIYHlfus01zWZWJ9KPpsq-7nQV630_07GKmO-5rMHgsWMSA6Dx3ZxuUMJpuwU4_QeQL2gtKhC7kxJGyzA-aW2yTq8wWZyjbY:1pl1hA:Moyo1dnRaT6494zBpZss6M5oWlKjMDqYzJShDr8JDdM','2023-04-22 06:05:04.238263'),('ekik3uqrgsndgh9bttbmxiy10p18kymj','.eJxVjDsOwyAQBe9CHSHzNaRM7zMgdheCkwgkY1dR7h5bcpG0b2bem4W4rSVsPS1hJnZlSkp2-V0h4jPVA9Ej1nvj2Oq6zMAPhZ-086lRet1O9--gxF72Wgw-G_IEFgjBmywpaQCE0WTKfiCL6LQTVqHV0Yw7FlmQ0p6c8yKzzxdh3TlA:1ps1Ht:NWqX-3B09OUxR70y6GzaLYJ_JJMhwyiC5N4rjY1AVMQ','2023-05-11 13:03:53.416351'),('elg05algiy1c383sdqkoac6kn13emdvk','.eJxVjMEOgjAQRP-lZ9N0KWxbj975hma3bAU1JaFwMv67kHDQOb55M28VaVvHuFVZ4jSoqwJ1-WVM6SnlKIYHlfus01zWZWJ9KPpsq-7nQV630_07GKmO-5rMHgsWMSA6Dx3ZxuUMJpuwU4_QeQL2gtKhC7kxJGyzA-aW2yTq8wWZyjbY:1pqsAT:Fdd2JHEJ38Qd076MAA5eobA2efQl-z08JKsPwIHf2FE','2023-05-08 09:07:29.597763'),('elxeyybyma1lh3b2s6wd3knsz4eyrhhb','.eJxVjMEOgjAQRP-lZ9N0KWxbj975hma3bAU1JaFwMv67kHDQOb55M28VaVvHuFVZ4jSoqwJ1-WVM6SnlKIYHlfus01zWZWJ9KPpsq-7nQV630_07GKmO-5rMHgsWMSA6Dx3ZxuUMJpuwU4_QeQL2gtKhC7kxJGyzA-aW2yTq8wWZyjbY:1pkp5N:HBma3jqYqhPIn18Yp6lukJcMK6ynLkaDf7WH6wHLnnY','2023-04-21 16:37:13.447525'),('eo113y0zf4nqlnh825rshogl20sm86w9','.eJxVjEEOwiAQRe_C2hAKOIBL9z0DGYapVA0kpV0Z765NutDtf-_9l4i4rSVunZc4Z3ERRmtx-l0T0oPrjvId661JanVd5iR3RR60y7Flfl4P9--gYC_fOmXFOGVj0ZN2QUNwnsOgzAAe6WwCeKV0ADbBIdsMAGQnz6TAgVEk3h8gDTeR:1pn1rq:YwxCVQZpq38llFgp33vJpRFZzGC9xcx2jUa8UDALVVo','2023-04-27 18:40:22.313775'),('eq6m8p6jm0r2z4td6165t2tu7tys5j2f','.eJxVjEsOgzAMRO-SdRURIwfTZfc9A7Jj09BWQeKzQr17QWLR7kbz3szmOl6X3K2zTd2g7uoCBnf5bYXTy8qB9MnlMfo0lmUaxB-KP-ns76Pa-3a6fweZ57yvG0altg5QkXHEBpPFSnuQiEi0BwCpIRGoCjJJACWIvTG2EtXEfb4jYjie:1pl4D1:8_03Vs9hmVCvvlsAbB3_bw4woRTrKvseDQiS4LJ_k-U','2023-04-22 08:46:07.362586'),('eqhe4u6pl3u8plp6h2mh4dui1jouaj4a','.eJxVjDsOwjAQBe_iGlm2418o6XMGa9e74ACypTipEHeHSCmgfTPzXiLBtpa0dV7STOIsfBSn3xEhP7juhO5Qb03mVtdlRrkr8qBdTo34eTncv4MCvXxrJOVHh1cwRvmINjDyQIZD9I7BsKNgA-ocgMniiKBAa7Yaguc8oBPvDydlOO4:1ppw0f:zGBXA9Zh9ufywktbf2HHXlHh7aRkm4DI1s__107NyHE','2023-05-05 19:01:29.572869'),('erlocsrrhz3l2q3b258xuf0lr2p1oh07','.eJxVjMEOgjAQRP-lZ9N0KWxbj975hma3bAU1JaFwMv67kHDQOb55M28VaVvHuFVZ4jSoqwJ1-WVM6SnlKIYHlfus01zWZWJ9KPpsq-7nQV630_07GKmO-5rMHgsWMSA6Dx3ZxuUMJpuwU4_QeQL2gtKhC7kxJGyzA-aW2yTq8wWZyjbY:1ps17a:bFt9cBetdBXe6Hziuu-BKP2onVN9e9kMqFfPh06sAnI','2023-05-11 12:53:14.270757'),('eubw0ywjjfiezznhpmmw9wyzxnbwhh9n','.eJxVjMEOgjAQRP-lZ9N0KWxbj975hma3bAU1JaFwMv67kHDQOb55M28VaVvHuFVZ4jSoqwJ1-WVM6SnlKIYHlfus01zWZWJ9KPpsq-7nQV630_07GKmO-5rMHgsWMSA6Dx3ZxuUMJpuwU4_QeQL2gtKhC7kxJGyzA-aW2yTq8wWZyjbY:1pqWUK:c2h8zOx-ABjRFlBMNIw-VBVRtzZWhVC1LAYUVwXzIM0','2023-05-07 09:58:32.391966'),('eupx93p0z0wpa1nxmkhliq6pd731krm2','.eJxVjMEOgjAQRP-lZ9N0KWxbj975hma3bAU1JaFwMv67kHDQOb55M28VaVvHuFVZ4jSoqwJ1-WVM6SnlKIYHlfus01zWZWJ9KPpsq-7nQV630_07GKmO-5rMHgsWMSA6Dx3ZxuUMJpuwU4_QeQL2gtKhC7kxJGyzA-aW2yTq8wWZyjbY:1pqd6N:VIg0OY3bFev-mgsEXSwHaWQM7VTkxeKjnySuJ6dYBtA','2023-05-07 17:02:15.131955'),('ezzh5zy77e6e3xqtvgjvlhzepam54c8o','.eJxVjMEOgjAQRP-lZ9N0KWxbj975hma3bAU1JaFwMv67kHDQOb55M28VaVvHuFVZ4jSoqwJ1-WVM6SnlKIYHlfus01zWZWJ9KPpsq-7nQV630_07GKmO-5rMHgsWMSA6Dx3ZxuUMJpuwU4_QeQL2gtKhC7kxJGyzA-aW2yTq8wWZyjbY:1pkrFH:e1Bqz6fD2D2n87UJ6BY4Dz9K-8WHyIsQaSNDRqLcRcA','2023-04-21 18:55:35.599513'),('f1p6xsfwhpwsaum040wncaz8vvncea5x','.eJxVjDsOwjAQBe_iGlm2418o6XMGa9e74ACypTipEHeHSCmgfTPzXiLBtpa0dV7STOIsfBSn3xEhP7juhO5Qb03mVtdlRrkr8qBdTo34eTncv4MCvXxrJOVHh1cwRvmINjDyQIZD9I7BsKNgA-ocgMniiKBAa7Yaguc8oBPvDydlOO4:1ppSB6:r-smIt1byzRkF1Z9tpyJI3GQmdZVIqpjp9VJqqOK_AI','2023-05-04 11:10:16.968788'),('f4j11wdnh545ilva4sgqhxsepz08dk4o','.eJxVjEEOwiAQRe_C2hAKOIBL9z0DGYapVA0kpV0Z765NutDtf-_9l4i4rSVunZc4Z3ERRmtx-l0T0oPrjvId661JanVd5iR3RR60y7Flfl4P9--gYC_fOmXFOGVj0ZN2QUNwnsOgzAAe6WwCeKV0ADbBIdsMAGQnz6TAgVEk3h8gDTeR:1pnHoE:quMrrQIYBTpzfxJVzt1mPiPxz4D-WKyquZbLfL1Qvv4','2023-04-28 11:41:42.529489'),('f5k6sl7tilhmlslijc0xnydv12zzyu5l','.eJxVjDsOwjAQBe_iGlm2418o6XMGa9e74ACypTipEHeHSCmgfTPzXiLBtpa0dV7STOIsfBSn3xEhP7juhO5Qb03mVtdlRrkr8qBdTo34eTncv4MCvXxrJOVHh1cwRvmINjDyQIZD9I7BsKNgA-ocgMniiKBAa7Yaguc8oBPvDydlOO4:1poryn:A6ud2I4od6VwC8b0-YFnXPozt3yaewmWaXibXEn3qZE','2023-05-02 20:31:09.929077'),('f6g31jz4wfzpd8ozjkkx0031cqvdh5vw','.eJxVjEEOwiAQRe_C2hAKOIBL9z0DGYapVA0kpV0Z765NutDtf-_9l4i4rSVunZc4Z3ERRmtx-l0T0oPrjvId661JanVd5iR3RR60y7Flfl4P9--gYC_fOmXFOGVj0ZN2QUNwnsOgzAAe6WwCeKV0ADbBIdsMAGQnz6TAgVEk3h8gDTeR:1pmZ9u:GwSFmiSULbbriT1h4iCcbcU5EXnqXfY6-N_da49vsLA','2023-04-26 12:01:06.412133'),('f73f1iaolsxpbb8ql8t16bzy5muupdpw','.eJxVjDsOwyAQBe9CHSHzNaRM7zMgdheCkwgkY1dR7h5bcpG0b2bem4W4rSVsPS1hJnZlSkp2-V0h4jPVA9Ej1nvj2Oq6zMAPhZ-086lRet1O9--gxF72Wgw-G_IEFgjBmywpaQCE0WTKfiCL6LQTVqHV0Yw7FlmQ0p6c8yKzzxdh3TlA:1pqwtz:YHge7yy6cS41mjbDiigzcY_ZXxjFXq5YazPdKX6mq7w','2023-05-08 14:10:47.396559'),('f8w95w91ggwutd5xicldly9sj3qmau53','.eJxVjDsOwjAQBe_iGlkYf1hT0nMGa3ftxQHkSHFSIe5OIqWAdmbee6uEy1zT0suUhqwuKoA6_EJCfpa2mfzAdh81j22eBtJbonfb9W3M5XXd27-Dir2uawDPINEgRiM-ROtNLs5aZ1YQgekE4i3iWZgloFBG55COEUJxHkl9vgwTOKw:1pkq3g:aenkjEWdivJ6IKoqXGXAcqz_3R237WpOUXo0up-Pe84','2023-04-21 17:39:32.132659'),('f9a156gbgs4xk45zwp7asllg8yaqw1mt','.eJxVjMEOgjAQRP-lZ9N0KWxbj975hma3bAU1JaFwMv67kHDQOb55M28VaVvHuFVZ4jSoqwJ1-WVM6SnlKIYHlfus01zWZWJ9KPpsq-7nQV630_07GKmO-5rMHgsWMSA6Dx3ZxuUMJpuwU4_QeQL2gtKhC7kxJGyzA-aW2yTq8wWZyjbY:1pkkIc:TN8pby_XdYfrshvEAafPaTV0prmi76neGWe-u9e43JQ','2023-04-21 11:30:34.052687'),('fa3tp8evutq0g9z4b46k6gm4gm2im8hs','.eJxVjEEOwiAQRe_C2hAKOIBL9z0DGYapVA0kpV0Z765NutDtf-_9l4i4rSVunZc4Z3ERRmtx-l0T0oPrjvId661JanVd5iR3RR60y7Flfl4P9--gYC_fOmXFOGVj0ZN2QUNwnsOgzAAe6WwCeKV0ADbBIdsMAGQnz6TAgVEk3h8gDTeR:1pmceo:l2tmobCnk0bCIFD2TacuaP3SD5xeOgp6khRGIs2WSqk','2023-04-26 15:45:14.779283'),('fb3ybbn1owo4974g1xn5wghvuy28w2uu','.eJxVjMEOgjAQRP-lZ9N0KWxbj975hma3bAU1JaFwMv67kHDQOb55M28VaVvHuFVZ4jSoqwJ1-WVM6SnlKIYHlfus01zWZWJ9KPpsq-7nQV630_07GKmO-5rMHgsWMSA6Dx3ZxuUMJpuwU4_QeQL2gtKhC7kxJGyzA-aW2yTq8wWZyjbY:1pq67a:hhY15A2xJ63VDhBmtRKHWGWTETlcl6f8_BWpdrtO32k','2023-05-06 05:49:18.385798'),('fcfetsvgufaqrcwcoi6c9wtxha1frvp4','.eJxVjDsOwjAQBe_iGlm2418o6XMGa9e74ACypTipEHeHSCmgfTPzXiLBtpa0dV7STOIsfBSn3xEhP7juhO5Qb03mVtdlRrkr8qBdTo34eTncv4MCvXxrJOVHh1cwRvmINjDyQIZD9I7BsKNgA-ocgMniiKBAa7Yaguc8oBPvDydlOO4:1ppYhR:96J2euIzSqxPLYj4ammg_TJdgk37Ys2VFbecJXHIVSI','2023-05-04 18:08:05.001594'),('fecim15dtmvsffy9x9vacdb9pwr81aeb','.eJxVjMEOgjAQRP-lZ9N0KWxbj975hma3bAU1JaFwMv67kHDQOb55M28VaVvHuFVZ4jSoqwJ1-WVM6SnlKIYHlfus01zWZWJ9KPpsq-7nQV630_07GKmO-5rMHgsWMSA6Dx3ZxuUMJpuwU4_QeQL2gtKhC7kxJGyzA-aW2yTq8wWZyjbY:1pqcuC:FHhTVRbJYpYljYSwJGV1aG21_H6sqGMtM6WhQkUZy9k','2023-05-07 16:49:40.459191'),('fmfh9vzzb9px88nmehuv2uryznprdn6k','.eJxVjMEOgjAQRP-lZ9N0KWxbj975hma3bAU1JaFwMv67kHDQOb55M28VaVvHuFVZ4jSoqwJ1-WVM6SnlKIYHlfus01zWZWJ9KPpsq-7nQV630_07GKmO-5rMHgsWMSA6Dx3ZxuUMJpuwU4_QeQL2gtKhC7kxJGyzA-aW2yTq8wWZyjbY:1pqDdZ:YPLbbjKTAvEn4zYfg1mlJf758aJ9wcrf_mo3KLSSv-U','2023-05-06 13:50:49.853177'),('fomwyuauq8xtvwx17xx4gn5r13ectwos','.eJxVjMEOgjAQRP-lZ9N0KWxbj975hma3bAU1JaFwMv67kHDQOb55M28VaVvHuFVZ4jSoqwJ1-WVM6SnlKIYHlfus01zWZWJ9KPpsq-7nQV630_07GKmO-5rMHgsWMSA6Dx3ZxuUMJpuwU4_QeQL2gtKhC7kxJGyzA-aW2yTq8wWZyjbY:1pqsFC:9jV5m3cb_KNIGuEs_8ryGPLxiLtZcIaizklR-tXOShY','2023-05-08 09:12:22.475993'),('fp7upbjgr1mm0oosayhydo7x8q7lc11d','.eJxVjMEOgjAQRP-lZ9N0KWxbj975hma3bAU1JaFwMv67kHDQOb55M28VaVvHuFVZ4jSoqwJ1-WVM6SnlKIYHlfus01zWZWJ9KPpsq-7nQV630_07GKmO-5rMHgsWMSA6Dx3ZxuUMJpuwU4_QeQL2gtKhC7kxJGyzA-aW2yTq8wWZyjbY:1pklXM:HHAVkZLdJP5iFeCj-eaRpvNJNzfP3rS-zS4U9TojIoI','2023-04-21 12:49:52.517456'),('fqnduxvh94wei8vwz8tt9xxfirqgl183','.eJxVjDsOwyAQBe9CHSHzNaRM7zMgdheCkwgkY1dR7h5bcpG0b2bem4W4rSVsPS1hJnZlSkp2-V0h4jPVA9Ej1nvj2Oq6zMAPhZ-086lRet1O9--gxF72Wgw-G_IEFgjBmywpaQCE0WTKfiCL6LQTVqHV0Yw7FlmQ0p6c8yKzzxdh3TlA:1pncEI:7IafLD3oRSZzCkUOULQUaT_uMzD-K3SA3OwV6BIT6J8','2023-04-29 09:29:58.780339'),('fslj145zo9yi1oy05ua8ouf6skqfji92','.eJxVjDsOwyAQBe9CHSHzNaRM7zMgdheCkwgkY1dR7h5bcpG0b2bem4W4rSVsPS1hJnZlSkp2-V0h4jPVA9Ej1nvj2Oq6zMAPhZ-086lRet1O9--gxF72Wgw-G_IEFgjBmywpaQCE0WTKfiCL6LQTVqHV0Yw7FlmQ0p6c8yKzzxdh3TlA:1pnfOU:2ZErWwhslQf6klDYZDyT2FgCojcn-fshhTbB6lkZn6s','2023-04-29 12:52:42.345670'),('ft0normdjoyhgnr0urpf6pb97j0bohlf','.eJxVjDsOwyAQBe9CHSHzNaRM7zMgdheCkwgkY1dR7h5bcpG0b2bem4W4rSVsPS1hJnZlSkp2-V0h4jPVA9Ej1nvj2Oq6zMAPhZ-086lRet1O9--gxF72Wgw-G_IEFgjBmywpaQCE0WTKfiCL6LQTVqHV0Yw7FlmQ0p6c8yKzzxdh3TlA:1pnLAt:lCwnNPDBcUFRicqA-aIgQzqSSSSmpkgPVQAFvFtBKNE','2023-04-28 15:17:19.541395'),('ft6m9b1omjvaf513ub8r6jrw8vqu25go','.eJxVjDsOwyAQBe9CHSHzNaRM7zMgdheCkwgkY1dR7h5bcpG0b2bem4W4rSVsPS1hJnZlSkp2-V0h4jPVA9Ej1nvj2Oq6zMAPhZ-086lRet1O9--gxF72Wgw-G_IEFgjBmywpaQCE0WTKfiCL6LQTVqHV0Yw7FlmQ0p6c8yKzzxdh3TlA:1psQbJ:xWXzJYK6UebZ0Nv0IFNYuSXPX7Affy3Bi6DgnLsKbdM','2023-05-12 16:05:37.568774'),('fubynfixnqx1rc4ha584nfjmqprfdr6n','.eJxVjMEOgjAQRP-lZ9N0KWxbj975hma3bAU1JaFwMv67kHDQOb55M28VaVvHuFVZ4jSoqwJ1-WVM6SnlKIYHlfus01zWZWJ9KPpsq-7nQV630_07GKmO-5rMHgsWMSA6Dx3ZxuUMJpuwU4_QeQL2gtKhC7kxJGyzA-aW2yTq8wWZyjbY:1pkjPI:EMq2sLOTR54A3JnPtVk-JmAD_ZVCOoouOiI7uwtZ2Sg','2023-04-21 10:33:24.156131'),('fv7w1x9btl4hbg5a3r234xdonqfpxxhx','.eJxVjMEOgjAQRP-lZ9N0KWxbj975hma3bAU1JaFwMv67kHDQOb55M28VaVvHuFVZ4jSoqwJ1-WVM6SnlKIYHlfus01zWZWJ9KPpsq-7nQV630_07GKmO-5rMHgsWMSA6Dx3ZxuUMJpuwU4_QeQL2gtKhC7kxJGyzA-aW2yTq8wWZyjbY:1pkr5I:UJECaIBxEEMnuD_LG0OTayqr0e9KYN6yWh4MebCvkQk','2023-04-21 18:45:16.273874'),('fzbgx04ihqpvstgrwhqz5oqq8sm90sqr','.eJxVjDsOwyAQBe9CHSHzNaRM7zMgdheCkwgkY1dR7h5bcpG0b2bem4W4rSVsPS1hJnZlSkp2-V0h4jPVA9Ej1nvj2Oq6zMAPhZ-086lRet1O9--gxF72Wgw-G_IEFgjBmywpaQCE0WTKfiCL6LQTVqHV0Yw7FlmQ0p6c8yKzzxdh3TlA:1pnLwE:39N_6v6b5RX__mTl2jsaqxXvl-ksS78dcKlJvEdPZlo','2023-04-28 16:06:14.322758'),('fzztpubzqa23z5k1khyves2sh63qed4w','e30:1pfibm:dHZF7dYJKPtsr8AZiTP62gAp7QWGFx8BGkQRwYWeOxk','2023-04-07 14:41:34.693088'),('g4fkkzs0q1mrnz7cq16docod010ssfcx','.eJxVjDsOwyAQBe9CHSHzNaRM7zMgdheCkwgkY1dR7h5bcpG0b2bem4W4rSVsPS1hJnZlSkp2-V0h4jPVA9Ej1nvj2Oq6zMAPhZ-086lRet1O9--gxF72Wgw-G_IEFgjBmywpaQCE0WTKfiCL6LQTVqHV0Yw7FlmQ0p6c8yKzzxdh3TlA:1pneH1:CiTwRPZxyRj2_rQMf70X5sVxtruOQd69tPSAyVMz0nc','2023-04-29 11:40:55.519862'),('g4j6ds7vuxuzbnw5ufor0whjfn31vowf','.eJxVjMEOgjAQRP-lZ9N0KWxbj975hma3bAU1JaFwMv67kHDQOb55M28VaVvHuFVZ4jSoqwJ1-WVM6SnlKIYHlfus01zWZWJ9KPpsq-7nQV630_07GKmO-5rMHgsWMSA6Dx3ZxuUMJpuwU4_QeQL2gtKhC7kxJGyzA-aW2yTq8wWZyjbY:1pk5hV:EguhL2WWvFV_jAAb6K8jKqMjKobNZGxlcSF15mQyOOE','2023-04-19 16:09:33.396320'),('g4rbqtutgr62tuff2rib9ztlih7szsrf','.eJxVjDsOwyAQBe9CHSHzNaRM7zMgdheCkwgkY1dR7h5bcpG0b2bem4W4rSVsPS1hJnZlSkp2-V0h4jPVA9Ej1nvj2Oq6zMAPhZ-086lRet1O9--gxF72Wgw-G_IEFgjBmywpaQCE0WTKfiCL6LQTVqHV0Yw7FlmQ0p6c8yKzzxdh3TlA:1pnfL6:dayQA2XvclWg3hGUahXmm5ZV1HOaClyYlzY-rW0gNIo','2023-04-29 12:49:12.850013'),('g56y746wg0n4gancn65mzrrfncy84udh','.eJxVjMEOgjAQRP-lZ9N0KWxbj975hma3bAU1JaFwMv67kHDQOb55M28VaVvHuFVZ4jSoqwJ1-WVM6SnlKIYHlfus01zWZWJ9KPpsq-7nQV630_07GKmO-5rMHgsWMSA6Dx3ZxuUMJpuwU4_QeQL2gtKhC7kxJGyzA-aW2yTq8wWZyjbY:1pkou2:GtcspebrBf89Ux9PVZ06RuYcAm4hyQMKkjU4UOc0-Wc','2023-04-21 16:25:30.593373'),('g7rsp2v7689f598wp3ynsfiqddophwaw','.eJxVjEEOwiAQRe_C2hAKOIBL9z0DGYapVA0kpV0Z765NutDtf-_9l4i4rSVunZc4Z3ERRmtx-l0T0oPrjvId661JanVd5iR3RR60y7Flfl4P9--gYC_fOmXFOGVj0ZN2QUNwnsOgzAAe6WwCeKV0ADbBIdsMAGQnz6TAgVEk3h8gDTeR:1pn2q2:4S_lqqrwH76wVQc30dBAX_Zv1Ib1ADDBJhekRM-KJOM','2023-04-27 19:42:34.968716'),('g8o662y4kgk489ewwy97yofwddvm1hmp','.eJxVjMEOgjAQRP-lZ9N0KWxbj975hma3bAU1JaFwMv67kHDQOb55M28VaVvHuFVZ4jSoqwJ1-WVM6SnlKIYHlfus01zWZWJ9KPpsq-7nQV630_07GKmO-5rMHgsWMSA6Dx3ZxuUMJpuwU4_QeQL2gtKhC7kxJGyzA-aW2yTq8wWZyjbY:1pksiz:xWHuxaKRtjuuv9UO-B-AYx8g6AwdlD6E9qOYtPX7Utw','2023-04-21 20:30:21.807606'),('g9uywgwgai5ot22hr4x1ax3w1zyx1x0d','.eJxVjEEOwiAQRe_C2hAKOIBL9z0DGYapVA0kpV0Z765NutDtf-_9l4i4rSVunZc4Z3ERRmtx-l0T0oPrjvId661JanVd5iR3RR60y7Flfl4P9--gYC_fOmXFOGVj0ZN2QUNwnsOgzAAe6WwCeKV0ADbBIdsMAGQnz6TAgVEk3h8gDTeR:1pmYJq:NfyY-e1HtLg6kPROMLjTMYT7LtKKYknYyrypkyxkXws','2023-04-26 11:07:18.008356'),('ga9jqnk6vo2n503u4y0dcyscdp8rdo7n','.eJxVjMEOgjAQRP-lZ9N0KWxbj975hma3bAU1JaFwMv67kHDQOb55M28VaVvHuFVZ4jSoqwJ1-WVM6SnlKIYHlfus01zWZWJ9KPpsq-7nQV630_07GKmO-5rMHgsWMSA6Dx3ZxuUMJpuwU4_QeQL2gtKhC7kxJGyzA-aW2yTq8wWZyjbY:1pqCHn:J-3VCgchK3MJYQEkjgv_1NIkw5f8tSPX2HMpDjKCZJk','2023-05-06 12:24:15.697233'),('gc596mwhpntufe350a0yhfehlleeumow','.eJxVjMEOgjAQRP-lZ9N0KWxbj975hma3bAU1JaFwMv67kHDQOb55M28VaVvHuFVZ4jSoqwJ1-WVM6SnlKIYHlfus01zWZWJ9KPpsq-7nQV630_07GKmO-5rMHgsWMSA6Dx3ZxuUMJpuwU4_QeQL2gtKhC7kxJGyzA-aW2yTq8wWZyjbY:1pkR73:sXXHarj7xp5fQHpwUEshxig7MgjOughsF7TgvgfPx-U','2023-04-20 15:01:21.298013'),('ggj81we7dq73t4k54ao4avdtmcy2auq7','.eJxVjEEOwiAQRe_C2hAKOIBL9z0DGYapVA0kpV0Z765NutDtf-_9l4i4rSVunZc4Z3ERRmtx-l0T0oPrjvId661JanVd5iR3RR60y7Flfl4P9--gYC_fOmXFOGVj0ZN2QUNwnsOgzAAe6WwCeKV0ADbBIdsMAGQnz6TAgVEk3h8gDTeR:1pmaR7:EUNXuVBqtR8FvAp_yzUShJ0IaqDccEQadlR827gRvv8','2023-04-26 13:22:57.901488'),('ghgifg6vo6hrskkxvrl7ldnapquzc88q','.eJxVjMEOgjAQRP-lZ9N0KWxbj975hma3bAU1JaFwMv67kHDQOb55M28VaVvHuFVZ4jSoqwJ1-WVM6SnlKIYHlfus01zWZWJ9KPpsq-7nQV630_07GKmO-5rMHgsWMSA6Dx3ZxuUMJpuwU4_QeQL2gtKhC7kxJGyzA-aW2yTq8wWZyjbY:1pksbj:cW3_tvVm6BVGwF_UXihqNvFFiymxUi6eer3vp9WMifI','2023-04-21 20:22:51.524510'),('gijub6t78q8k0qzbbsra51fjsgi9exa3','.eJxVjDsOwyAQBe9CHSHzNaRM7zMgdheCkwgkY1dR7h5bcpG0b2bem4W4rSVsPS1hJnZlSkp2-V0h4jPVA9Ej1nvj2Oq6zMAPhZ-086lRet1O9--gxF72Wgw-G_IEFgjBmywpaQCE0WTKfiCL6LQTVqHV0Yw7FlmQ0p6c8yKzzxdh3TlA:1pnLkp:rMgWJNLsENBTq35xcxrbef_Hh-6HBKD7PF6PJNp8gqM','2023-04-28 15:54:27.196690'),('gk1hdxlojmffxe3x0gud2gy92r1vj89t','.eJxVjMEOgjAQRP-lZ9N0KWxbj975hma3bAU1JaFwMv67kHDQOb55M28VaVvHuFVZ4jSoqwJ1-WVM6SnlKIYHlfus01zWZWJ9KPpsq-7nQV630_07GKmO-5rMHgsWMSA6Dx3ZxuUMJpuwU4_QeQL2gtKhC7kxJGyzA-aW2yTq8wWZyjbY:1psRJL:IXDO5v_I9k_GIHqeJhyyArMAI-QoiUCvPhHT8OSZZ9g','2023-05-12 16:51:07.866143'),('gkm2e2nyuujysfazer1hn1798xazmxry','.eJxVjMEOgjAQRP-lZ9N0KWxbj975hma3bAU1JaFwMv67kHDQOb55M28VaVvHuFVZ4jSoqwJ1-WVM6SnlKIYHlfus01zWZWJ9KPpsq-7nQV630_07GKmO-5rMHgsWMSA6Dx3ZxuUMJpuwU4_QeQL2gtKhC7kxJGyzA-aW2yTq8wWZyjbY:1prEjQ:huKBtYR4TOvZJQo8day66aPA-mZPxqU_h6V1V9iR3Co','2023-05-09 09:13:04.591710'),('gkzpmm8ad4sg5qlbp2678x2mnihgpnkg','.eJxVjEEOwiAQRe_C2hAKOIBL9z0DGYapVA0kpV0Z765NutDtf-_9l4i4rSVunZc4Z3ERRmtx-l0T0oPrjvId661JanVd5iR3RR60y7Flfl4P9--gYC_fOmXFOGVj0ZN2QUNwnsOgzAAe6WwCeKV0ADbBIdsMAGQnz6TAgVEk3h8gDTeR:1pmzoV:9wYuYNu_mcYuEB9CjVy4jdtCWgU23xa01KGCC6VBoFw','2023-04-27 16:28:47.727008'),('gphhyldwcov3fl77lpte4r57s6g19z66','.eJxVjDsOwyAQBe9CHSHzNaRM7zMgdheCkwgkY1dR7h5bcpG0b2bem4W4rSVsPS1hJnZlSkp2-V0h4jPVA9Ej1nvj2Oq6zMAPhZ-086lRet1O9--gxF72Wgw-G_IEFgjBmywpaQCE0WTKfiCL6LQTVqHV0Yw7FlmQ0p6c8yKzzxdh3TlA:1pnLRP:GPFuZEuRZy9P2Bsvkc7cVanZ_B7NotCZOLad6vPBFpE','2023-04-28 15:34:23.619831'),('gstv5t5d7c78k9yxj5q4trp61jkh2g8j','.eJxVjMEOgjAQRP-lZ9N0KWxbj975hma3bAU1JaFwMv67kHDQOb55M28VaVvHuFVZ4jSoqwJ1-WVM6SnlKIYHlfus01zWZWJ9KPpsq-7nQV630_07GKmO-5rMHgsWMSA6Dx3ZxuUMJpuwU4_QeQL2gtKhC7kxJGyzA-aW2yTq8wWZyjbY:1pklck:42m4T9PASrmyy4IbIcDXUQYplXR8snZBkblZMO1I7zM','2023-04-21 12:55:26.279296'),('gv6heqkr9fyfcb0ihynd03p56662his9','.eJxVjMEOgjAQRP-lZ9N0KWxbj975hma3bAU1JaFwMv67kHDQOb55M28VaVvHuFVZ4jSoqwJ1-WVM6SnlKIYHlfus01zWZWJ9KPpsq-7nQV630_07GKmO-5rMHgsWMSA6Dx3ZxuUMJpuwU4_QeQL2gtKhC7kxJGyzA-aW2yTq8wWZyjbY:1ps10B:gEJfQzXPgNatOvvJqItGE_L5_OM4vD14zD6kZchqgMg','2023-05-11 12:45:35.123618'),('gv6lfulwkafwrcopjbdqeuy88hezv5co','.eJxVjEEOgjAQRe_StWk6pTNQl-49A5l2poIaSCisjHdXEha6_e-9_zI9b-vQb1WXfhRzNtA5c_pdE-eHTjuSO0-32eZ5Wpcx2V2xB632Oos-L4f7dzBwHb61i149CgmgSizghR2JcyEAdiUyEGTXFkJiJdTYaIFUGqQmtaFkNu8PH4U4Nw:1pnMSl:6vSVGCYYUXvFZ0nkmRY-chiFtK7BTFgm_R1ad_kfrJI','2023-04-28 16:39:51.213562'),('gv8hd06l0sa1j0ninz32i9du7i29ikun','.eJxVjMEOgjAQRP-lZ9N0KWxbj975hma3bAU1JaFwMv67kHDQOb55M28VaVvHuFVZ4jSoqwJ1-WVM6SnlKIYHlfus01zWZWJ9KPpsq-7nQV630_07GKmO-5rMHgsWMSA6Dx3ZxuUMJpuwU4_QeQL2gtKhC7kxJGyzA-aW2yTq8wWZyjbY:1pqcNg:vycNXBOfrqCIuVz6b-CP8vbULDtPkv4Opg6i3X6Tqb4','2023-05-07 16:16:04.649166'),('gw7tssmkch2tb44o1qkaw3ibxc99odpd','.eJxVjMEOgjAQRP-lZ9N0KWxbj975hma3bAU1JaFwMv67kHDQOb55M28VaVvHuFVZ4jSoqwJ1-WVM6SnlKIYHlfus01zWZWJ9KPpsq-7nQV630_07GKmO-5rMHgsWMSA6Dx3ZxuUMJpuwU4_QeQL2gtKhC7kxJGyzA-aW2yTq8wWZyjbY:1pqYbT:P0rfUecirARZz9Kmmbg1ZNW7V4NAJUDQdri_wQKDUN0','2023-05-07 12:14:03.909708'),('gyvbsaw7humsw8n70imwlzy9a3bni4hy','.eJxVjMsOwiAQRf-FtSE8pjC4dO83EBhAqgaS0q6M_65NutDtPefcF_NhW6vfRl78nNiZaRDs9LvGQI_cdpTuod06p97WZY58V_hBB7_2lJ-Xw_07qGHUb10SgjNSOLDoBDhpTQSJFgMklEqTNHpStpAqFJXQ2oRMU85klQOVkL0_8kQ3LA:1prEsx:QRgD3Kh8ltyF4T_Fr8hxPi8gDutrU2cQLNUue3ommwQ','2023-05-09 09:22:55.577443'),('gzle4fjsdut3co1s2bk53oz1vcjvvkhl','.eJxVjMEOgjAQRP-lZ9N0KWxbj975hma3bAU1JaFwMv67kHDQOb55M28VaVvHuFVZ4jSoqwJ1-WVM6SnlKIYHlfus01zWZWJ9KPpsq-7nQV630_07GKmO-5rMHgsWMSA6Dx3ZxuUMJpuwU4_QeQL2gtKhC7kxJGyzA-aW2yTq8wWZyjbY:1pkUSL:i6lkbs8-yTuKBUCELBjKF0oj1Jz6Re-1hssacXssbm0','2023-04-20 18:35:33.174040'),('h1bkvzdei4yw81s4jcqs3ff3e2u1npd2','.eJxVjMsOwiAQRf-FtSHQ4enSvd9ABgakaiAp7cr479qkC93ec859sYDbWsM28hJmYmcmlWKn3zVieuS2I7pju3WeeluXOfJd4Qcd_NopPy-H-3dQcdRvnaS3OXkhnCI0AF46i-A1TULHiUAWp33RxisnkKQBp0VJCMlEqwoI9v4ACY83Uw:1prEzJ:a8E3Q04zMGcXTbl4GqmFBlASzlDCMm4SW62MY8w-GFI','2023-05-09 09:29:29.688656'),('h1gkgho8owjv8awr44q9a90s2htsjeu7','.eJxVjMEOgjAQRP-lZ9N0KWxbj975hma3bAU1JaFwMv67kHDQOb55M28VaVvHuFVZ4jSoqwJ1-WVM6SnlKIYHlfus01zWZWJ9KPpsq-7nQV630_07GKmO-5rMHgsWMSA6Dx3ZxuUMJpuwU4_QeQL2gtKhC7kxJGyzA-aW2yTq8wWZyjbY:1pqdzd:jyvqz4whaT3HYf50yDvYI-meASLxwD8nyxothyK47jI','2023-05-07 17:59:21.745473'),('h2lva3r7etjlgpkv6mnh71865h7ayqyq','.eJxVjMEOgjAQRP-lZ9N0KWxbj975hma3bAU1JaFwMv67kHDQOb55M28VaVvHuFVZ4jSoqwJ1-WVM6SnlKIYHlfus01zWZWJ9KPpsq-7nQV630_07GKmO-5rMHgsWMSA6Dx3ZxuUMJpuwU4_QeQL2gtKhC7kxJGyzA-aW2yTq8wWZyjbY:1pqzzr:PmfIpPkjo0tlkH9zucUanGdEs-O8T7VI3ftUCD1CswQ','2023-05-08 17:29:03.313179'),('h6kqjr77fnaptf6uvte1thybhtdy24xj','.eJxVjEEOwiAQRe_C2hAKOIBL9z0DGYapVA0kpV0Z765NutDtf-_9l4i4rSVunZc4Z3ERRmtx-l0T0oPrjvId661JanVd5iR3RR60y7Flfl4P9--gYC_fOmXFOGVj0ZN2QUNwnsOgzAAe6WwCeKV0ADbBIdsMAGQnz6TAgVEk3h8gDTeR:1pnFya:AWbxqVXVtbWquGRJ3FZQxC6znJqZDpytBXIkk09UhoI','2023-04-28 09:44:16.874579'),('h7zz68bmwihgclv1hj5xhmzzlx8aunqk','.eJxVjEEOwiAQRe_C2hAKOIBL9z0DGYapVA0kpV0Z765NutDtf-_9l4i4rSVunZc4Z3ERRmtx-l0T0oPrjvId661JanVd5iR3RR60y7Flfl4P9--gYC_fOmXFOGVj0ZN2QUNwnsOgzAAe6WwCeKV0ADbBIdsMAGQnz6TAgVEk3h8gDTeR:1pmdF6:InPHp-aRtS-sjjH-2MTtfCBSq6qNdeRzRxZc4aNlR8E','2023-04-26 16:22:44.206779'),('h89z5a2oazij14sxldt7mnrkt4p1o0ta','.eJxVjMEOgjAQRP-lZ9N0KWxbj975hma3bAU1JaFwMv67kHDQOb55M28VaVvHuFVZ4jSoqwJ1-WVM6SnlKIYHlfus01zWZWJ9KPpsq-7nQV630_07GKmO-5rMHgsWMSA6Dx3ZxuUMJpuwU4_QeQL2gtKhC7kxJGyzA-aW2yTq8wWZyjbY:1pkoxr:pUyhUpFCLARNIZwXpLmeDOE5h2gqoAaKMwb0VxMFAjU','2023-04-21 16:29:27.519802'),('h9vnu1qcbxwh85zfm5spo85ykqzx1lv6','.eJxVjEEOwiAQRe_C2hAKOIBL9z0DGYapVA0kpV0Z765NutDtf-_9l4i4rSVunZc4Z3ERRmtx-l0T0oPrjvId661JanVd5iR3RR60y7Flfl4P9--gYC_fOmXFOGVj0ZN2QUNwnsOgzAAe6WwCeKV0ADbBIdsMAGQnz6TAgVEk3h8gDTeR:1pnFJD:e1SsfPl9QLkP8sylJm1CaWIfOxh7XPVadH5z6tK0YQY','2023-04-28 09:01:31.209213'),('ham8f95d9r0sbqmsg42bwhwvh8wnnejv','.eJxVjDsOwyAQBe9CHSHzNaRM7zMgdheCkwgkY1dR7h5bcpG0b2bem4W4rSVsPS1hJnZlSkp2-V0h4jPVA9Ej1nvj2Oq6zMAPhZ-086lRet1O9--gxF72Wgw-G_IEFgjBmywpaQCE0WTKfiCL6LQTVqHV0Yw7FlmQ0p6c8yKzzxdh3TlA:1psRQl:iA-PKPJK58JOjdvNABiH3BYb3XcGxzqu5YxczGfmw_I','2023-05-12 16:58:47.461382'),('hfn4qeviehgcvpm469chtodi1khq3zcx','.eJxVjMEOgjAQRP-lZ9N0KWxbj975hma3bAU1JaFwMv67kHDQOb55M28VaVvHuFVZ4jSoqwJ1-WVM6SnlKIYHlfus01zWZWJ9KPpsq-7nQV630_07GKmO-5rMHgsWMSA6Dx3ZxuUMJpuwU4_QeQL2gtKhC7kxJGyzA-aW2yTq8wWZyjbY:1pknDV:knfb9eM8XeGSn7e5HDVHyJF_iEJTfX7MGCXeMGsFG00','2023-04-21 14:37:29.412518'),('hi6gd2iuf9gctr8d1pxuhevpo8xg8btw','.eJxVjMEOgjAQRP-lZ9N0KWxbj975hma3bAU1JaFwMv67kHDQOb55M28VaVvHuFVZ4jSoqwJ1-WVM6SnlKIYHlfus01zWZWJ9KPpsq-7nQV630_07GKmO-5rMHgsWMSA6Dx3ZxuUMJpuwU4_QeQL2gtKhC7kxJGyzA-aW2yTq8wWZyjbY:1prffQ:Jgtq81158Ltu6nFmhlaXEt3wmH-pxAecfyNCGbrnBNU','2023-05-10 13:58:44.744938'),('hl2bnj0bet2gwvdgenq6b46awkwm9nxt','.eJxVjMEOgjAQRP-lZ9N0KWxbj975hma3bAU1JaFwMv67kHDQOb55M28VaVvHuFVZ4jSoqwJ1-WVM6SnlKIYHlfus01zWZWJ9KPpsq-7nQV630_07GKmO-5rMHgsWMSA6Dx3ZxuUMJpuwU4_QeQL2gtKhC7kxJGyzA-aW2yTq8wWZyjbY:1piH4w:quqijXf8-Djen3FJO8W9Sy8M_UfjgfLN-ZUBb3ld4aI','2023-04-14 15:54:14.376606'),('hofcox27vfbqg5xp812bqhiuieyefskj','.eJxVjDsOwyAQBe9CHSHzNaRM7zMgdheCkwgkY1dR7h5bcpG0b2bem4W4rSVsPS1hJnZlSkp2-V0h4jPVA9Ej1nvj2Oq6zMAPhZ-086lRet1O9--gxF72Wgw-G_IEFgjBmywpaQCE0WTKfiCL6LQTVqHV0Yw7FlmQ0p6c8yKzzxdh3TlA:1po2Ut:exLTqhSa6Tbu5ZIE8fzX4saTOpnlHBIF07wPKKqVSR0','2023-04-30 13:32:51.094900'),('hrra4j0t3twlbtmhhhqvvborojiajtgl','.eJxVjMsOwiAUBf-FtSFQcgu4dO83EO6jUjWQ9LFq_HfbpAvdzsw5m0p5XUpaZ5nSyOqqLFh1-aWY6SX1UPzM9dE0tbpMI-oj0aed9b2xvG9n-3dQ8lz2dQRDA0pwNHjwzvQ-E1iOmTmaHYDxYswgQhQ6h-gZArgeYwDsyKH6fAE0sjhy:1pnHo4:gbLUe-7dpXaRWFIvVgqG3K7D_MqK4mMR9KHKcA-rnJ0','2023-04-28 11:41:32.372738'),('ht2kls4it4c9o0f97l2p42wn8ovsp2kv','.eJxVjMEOgjAQRP-lZ9N0KWxbj975hma3bAU1JaFwMv67kHDQOb55M28VaVvHuFVZ4jSoqwJ1-WVM6SnlKIYHlfus01zWZWJ9KPpsq-7nQV630_07GKmO-5rMHgsWMSA6Dx3ZxuUMJpuwU4_QeQL2gtKhC7kxJGyzA-aW2yTq8wWZyjbY:1pkjOB:mMArvyo6flJouWWd67wjQbyhIwRBJcQVuaKEGVv2HOg','2023-04-21 10:32:15.498484'),('hzb49kdiidurcfssm4egi2isb5ix2rvp','.eJxVjDsOwyAQBe9CHSHzNaRM7zMgdheCkwgkY1dR7h5bcpG0b2bem4W4rSVsPS1hJnZlSkp2-V0h4jPVA9Ej1nvj2Oq6zMAPhZ-086lRet1O9--gxF72Wgw-G_IEFgjBmywpaQCE0WTKfiCL6LQTVqHV0Yw7FlmQ0p6c8yKzzxdh3TlA:1pnM8N:eCsIVH9_76eSQAKwRbwIFttsI5rHnb4d2HmViQZg0NM','2023-04-28 16:18:47.405917'),('hzbqki3rnba90vr5sdpq5wp4pegacaln','.eJxVjMEOgjAQRP-lZ9N0KWxbj975hma3bAU1JaFwMv67kHDQOb55M28VaVvHuFVZ4jSoqwJ1-WVM6SnlKIYHlfus01zWZWJ9KPpsq-7nQV630_07GKmO-5rMHgsWMSA6Dx3ZxuUMJpuwU4_QeQL2gtKhC7kxJGyzA-aW2yTq8wWZyjbY:1pkp5v:iMt-02aD5096MsBFJCm4G4xfkDs9AUxIdsVRxyEReYo','2023-04-21 16:37:47.371993'),('hze4mymaf2rpct5y8g0gxumtx1c42qt5','.eJxVjMEOgjAQRP-lZ9N0KWxbj975hma3bAU1JaFwMv67kHDQOb55M28VaVvHuFVZ4jSoqwJ1-WVM6SnlKIYHlfus01zWZWJ9KPpsq-7nQV630_07GKmO-5rMHgsWMSA6Dx3ZxuUMJpuwU4_QeQL2gtKhC7kxJGyzA-aW2yTq8wWZyjbY:1pksRF:lmIBpkmGsDdhfJZQU4Pa7c8oRLNH0Dc4wZQ_ztjyMCc','2023-04-21 20:12:01.696428'),('hzo8jfdnehkw36i5j847pem6xl8ywr69','.eJxVjDsOwjAQBe_iGlm2418o6XMGa9e74ACypTipEHeHSCmgfTPzXiLBtpa0dV7STOIsfBSn3xEhP7juhO5Qb03mVtdlRrkr8qBdTo34eTncv4MCvXxrJOVHh1cwRvmINjDyQIZD9I7BsKNgA-ocgMniiKBAa7Yaguc8oBPvDydlOO4:1polTv:ftJOJztlwr4gVHUXDzdNRIDy7xpuyAnyDvyA4YljXik','2023-05-02 13:34:51.768656'),('i1cv2eo24my4d2tao15648e48lqw2x1c','.eJxVjMEOgjAQRP-lZ9N0KWxbj975hma3bAU1JaFwMv67kHDQOb55M28VaVvHuFVZ4jSoqwJ1-WVM6SnlKIYHlfus01zWZWJ9KPpsq-7nQV630_07GKmO-5rMHgsWMSA6Dx3ZxuUMJpuwU4_QeQL2gtKhC7kxJGyzA-aW2yTq8wWZyjbY:1pksPg:dZby0WdDfuqcLgAHNmF--Cg9vhQDWmsGvMUDUHC_qk4','2023-04-21 20:10:24.683848'),('i3gym7uk84bsm5mvgvu09vuv2bsrchka','.eJxVjMEOgjAQRP-lZ9N0KWxbj975hma3bAU1JaFwMv67kHDQOb55M28VaVvHuFVZ4jSoqwJ1-WVM6SnlKIYHlfus01zWZWJ9KPpsq-7nQV630_07GKmO-5rMHgsWMSA6Dx3ZxuUMJpuwU4_QeQL2gtKhC7kxJGyzA-aW2yTq8wWZyjbY:1pks8r:C2MJwjZrT_ODMsv9v8kfkgf8ORB8IFxH4ymNU6nroWA','2023-04-21 19:53:01.965247'),('i7drxx8o19iuk5vdwqkgqloeqpq39c79','.eJxVjMEOgjAQRP-lZ9N0KWxbj975hma3bAU1JaFwMv67kHDQOb55M28VaVvHuFVZ4jSoqwJ1-WVM6SnlKIYHlfus01zWZWJ9KPpsq-7nQV630_07GKmO-5rMHgsWMSA6Dx3ZxuUMJpuwU4_QeQL2gtKhC7kxJGyzA-aW2yTq8wWZyjbY:1pkT06:VeD5uolmBhdiKwGpBHmAtW8XvzHy840fwfFuzgroKn0','2023-04-20 17:02:18.438863'),('ibn860lw4jfygagrsmkytaka92po9xvj','.eJxVjMEOgjAQRP-lZ9N0KWxbj975hma3bAU1JaFwMv67kHDQOb55M28VaVvHuFVZ4jSoqwJ1-WVM6SnlKIYHlfus01zWZWJ9KPpsq-7nQV630_07GKmO-5rMHgsWMSA6Dx3ZxuUMJpuwU4_QeQL2gtKhC7kxJGyzA-aW2yTq8wWZyjbY:1ps0wf:FNK1Np2BIxQ7-eZo0LnUVfvf5JhEKQV8hJOJ-9EZH1s','2023-05-11 12:41:57.251369'),('ibqzvn27scsddkmb7vxf5bog0nf62wam','.eJxVjDsOwyAQBe9CHSHzNaRM7zMgdheCkwgkY1dR7h5bcpG0b2bem4W4rSVsPS1hJnZlSkp2-V0h4jPVA9Ej1nvj2Oq6zMAPhZ-086lRet1O9--gxF72Wgw-G_IEFgjBmywpaQCE0WTKfiCL6LQTVqHV0Yw7FlmQ0p6c8yKzzxdh3TlA:1psQVC:XjhZjgqAXVwHf5gtf6TlevckBmD8VaSejB3ezeydww8','2023-05-12 15:59:18.745544'),('id31e4pz6dfz85dc3ns28p3b2diyocwv','.eJxVjDsOwjAQBe_iGll2_Kekzxms9XqDA8iW4qRC3J1ESgHtm5n3ZhG2tcSt0xLnzK5MqcAuv2sCfFI9UH5AvTeOra7LnPih8JN2PrZMr9vp_h0U6GWv0aYhCKu91gQgHYpJGB8mi5Kc0jmhNdr4QchsQ_LaB3CODBHgbkhgny8hsDhI:1prEan:BoK-3hHrWKJl843jvc9u21MrJJrVGeBn7KYDHkkqSPY','2023-05-09 09:04:09.825055'),('ien18mf1jbyuduzpc8w99983l17txiwb','.eJxVjMEOgjAQRP-lZ9N0KWxbj975hma3bAU1JaFwMv67kHDQOb55M28VaVvHuFVZ4jSoqwJ1-WVM6SnlKIYHlfus01zWZWJ9KPpsq-7nQV630_07GKmO-5rMHgsWMSA6Dx3ZxuUMJpuwU4_QeQL2gtKhC7kxJGyzA-aW2yTq8wWZyjbY:1pkNr3:haqfpDTJovB2DyxdSfCaIpJbS5nZ5F6sB0I52Pj-dUg','2023-04-20 11:32:37.322765'),('ifvmaclbt9wbc8f58llztlt5z5wyumry','.eJxVjMEOgjAQRP-lZ9N0KWxbj975hma3bAU1JaFwMv67kHDQOb55M28VaVvHuFVZ4jSoqwJ1-WVM6SnlKIYHlfus01zWZWJ9KPpsq-7nQV630_07GKmO-5rMHgsWMSA6Dx3ZxuUMJpuwU4_QeQL2gtKhC7kxJGyzA-aW2yTq8wWZyjbY:1pkMb6:4s8b2iPNCmonTTxbEasucfIev9ajV675Id-hMtglrQc','2023-04-20 10:12:04.748566'),('igxgix6r6rohu0cl2ov7d75y2c0z88ee','.eJxVjMEOgjAQRP-lZ9N0KWxbj975hma3bAU1JaFwMv67kHDQOb55M28VaVvHuFVZ4jSoqwJ1-WVM6SnlKIYHlfus01zWZWJ9KPpsq-7nQV630_07GKmO-5rMHgsWMSA6Dx3ZxuUMJpuwU4_QeQL2gtKhC7kxJGyzA-aW2yTq8wWZyjbY:1psSgx:nD78QWyYfnaE_czIK1xGCWk3Ll3xrkAhcPS2NsZj1FI','2023-05-12 18:19:35.115383'),('ijccxvoi3y1o2fkoktazsnc8zs5fv1pm','.eJxVjEEOgjAQRe_StWlombHFpXvOQKYzg6CmTSisjHdXEha6_e-9_zIDbes0bFWXYRZzMa335vS7JuKH5h3JnfKtWC55XeZkd8UetNq-iD6vh_t3MFGdvjVDTKoBx6ZpvbToBBBdxE7PEIA4BM-AHMVB5yjoOEYVpiTMERvP5v0BJB04nw:1pnJEN:mW9Iz4y5kttptxG9-JHZRikFwgYF9OHqnl-zwZ4bYHo','2023-04-28 13:12:47.697553'),('ijugzoyxoyu3qok1guca17qm783tsr8k','.eJxVjMEOgjAQRP-lZ9N0KWxbj975hma3bAU1JaFwMv67kHDQOb55M28VaVvHuFVZ4jSoqwJ1-WVM6SnlKIYHlfus01zWZWJ9KPpsq-7nQV630_07GKmO-5rMHgsWMSA6Dx3ZxuUMJpuwU4_QeQL2gtKhC7kxJGyzA-aW2yTq8wWZyjbY:1pkjPd:wNBDvcPoPZH2rxbZZA9kdvFSMn871gcP-DtZt6nc66I','2023-04-21 10:33:45.359334'),('in6w16xxz9pg453nncn89ajhzh2q4fcn','.eJxVjEEOwiAQRe_C2hAKOIBL9z0DGYapVA0kpV0Z765NutDtf-_9l4i4rSVunZc4Z3ERRmtx-l0T0oPrjvId661JanVd5iR3RR60y7Flfl4P9--gYC_fOmXFOGVj0ZN2QUNwnsOgzAAe6WwCeKV0ADbBIdsMAGQnz6TAgVEk3h8gDTeR:1pn1mB:bcRby8DmXlTYloJ1gzie9HLt3uVXLdFhYAv44b2FtzQ','2023-04-27 18:34:31.423832'),('inaz7n06huxc1j1f1n8zogdy80zpv04j','e30:1pfhOq:cFobCUL9HqEmu80aqyTX9z7XxD9xSq6g9SgOIJEqmDs','2023-04-07 13:24:08.092626'),('iob4mkykvysgi277mea72v41ojgeq8db','e30:1pfep9:8pzmI5nPM6jw47nWiUgvInUQMg5ctLZW1hzz396LfHw','2023-04-07 10:39:07.095882'),('iq2fr6zc1ka4a810guo3l2y34r4q3oni','.eJxVjDsOwyAQBe9CHSHzNaRM7zMgdheCkwgkY1dR7h5bcpG0b2bem4W4rSVsPS1hJnZlSkp2-V0h4jPVA9Ej1nvj2Oq6zMAPhZ-086lRet1O9--gxF72Wgw-G_IEFgjBmywpaQCE0WTKfiCL6LQTVqHV0Yw7FlmQ0p6c8yKzzxdh3TlA:1pnLln:3J-zj4owqn5iklkitJf3m4HXLAFjjNJH3vzT6RiTmr0','2023-04-28 15:55:27.363574'),('ir00551ziylj3lfkax0kt5pcspehtygp','.eJxVjDsOwjAQBe_iGlm2418o6XMGa9e74ACypTipEHeHSCmgfTPzXiLBtpa0dV7STOIsfBSn3xEhP7juhO5Qb03mVtdlRrkr8qBdTo34eTncv4MCvXxrJOVHh1cwRvmINjDyQIZD9I7BsKNgA-ocgMniiKBAa7Yaguc8oBPvDydlOO4:1pqCGU:omOZXmAEy8nacnhjw7iQa7gwULs-m56IDIsO6JCncvI','2023-05-06 12:22:54.189969'),('irw1np52x2uwjstwnz04lw3qch5ni8cu','.eJxVjMEOgjAQRP-lZ9N0KWxbj975hma3bAU1JaFwMv67kHDQOb55M28VaVvHuFVZ4jSoqwJ1-WVM6SnlKIYHlfus01zWZWJ9KPpsq-7nQV630_07GKmO-5rMHgsWMSA6Dx3ZxuUMJpuwU4_QeQL2gtKhC7kxJGyzA-aW2yTq8wWZyjbY:1pqGa5:KAdcuvtbeNIXYAoZ2P9EJGrL89mej4eZpP5zWgVtwoc','2023-05-06 16:59:25.710454'),('itjfbod3j1gctrra37wabeku2b78fm1p','.eJxVjMEOgjAQRP-lZ9N0KWxbj975hma3bAU1JaFwMv67kHDQOb55M28VaVvHuFVZ4jSoqwJ1-WVM6SnlKIYHlfus01zWZWJ9KPpsq-7nQV630_07GKmO-5rMHgsWMSA6Dx3ZxuUMJpuwU4_QeQL2gtKhC7kxJGyzA-aW2yTq8wWZyjbY:1pkjB3:uGEe7AFSGgGpk-E9xJk9AmElmKBReAe80fbJxePb82g','2023-04-21 10:18:41.418200'),('ix2ayfv0vzf4331y137y6ywy9cr5pp7s','.eJxVjDsOwyAQBe9CHSHzNaRM7zMgdheCkwgkY1dR7h5bcpG0b2bem4W4rSVsPS1hJnZlSkp2-V0h4jPVA9Ej1nvj2Oq6zMAPhZ-086lRet1O9--gxF72Wgw-G_IEFgjBmywpaQCE0WTKfiCL6LQTVqHV0Yw7FlmQ0p6c8yKzzxdh3TlA:1ps1Dq:QDzAcOMfgwPtGlY70uu5PdbowgCCERa1eKf33IMStmA','2023-05-11 12:59:42.280185'),('iyt60d2uxnaiqeg38niz6mjflc5yzpwh','.eJxVjEsOgzAMRO-SdRURIwfTZfc9A7Jj09BWQeKzQr17QWLR7kbz3szmOl6X3K2zTd2g7uoCBnf5bYXTy8qB9MnlMfo0lmUaxB-KP-ns76Pa-3a6fweZ57yvG0altg5QkXHEBpPFSnuQiEi0BwCpIRGoCjJJACWIvTG2EtXEfb4jYjie:1pl3uP:ZWOOvC4DgWzBja-DQQ1HQQmU8wQxAvyFK4dDttDqroo','2023-04-22 08:26:53.359418'),('izlo022dy00f3hunxh60x68ugepkg3ks','.eJxVjMEOgjAQRP-lZ9N0KWxbj975hma3bAU1JaFwMv67kHDQOb55M28VaVvHuFVZ4jSoqwJ1-WVM6SnlKIYHlfus01zWZWJ9KPpsq-7nQV630_07GKmO-5rMHgsWMSA6Dx3ZxuUMJpuwU4_QeQL2gtKhC7kxJGyzA-aW2yTq8wWZyjbY:1pkMm9:Cmo7P0-YdV5PlBrhA1GXHX5boDPVlXRjffEwIWShR-4','2023-04-20 10:23:29.472778'),('izsvn3kylscargpaccjgppefd9hrnt5k','.eJxVjMEOgjAQRP-lZ9N0KWxbj975hma3bAU1JaFwMv67kHDQOb55M28VaVvHuFVZ4jSoqwJ1-WVM6SnlKIYHlfus01zWZWJ9KPpsq-7nQV630_07GKmO-5rMHgsWMSA6Dx3ZxuUMJpuwU4_QeQL2gtKhC7kxJGyzA-aW2yTq8wWZyjbY:1prFFv:dl3RGBUgs1gd0Yd1YFWHaLe9gmDz3mDcwZfIabYgVw8','2023-05-09 09:46:39.661601'),('j0lumyp7mkmpk31om8452a3qld5qmmmm','.eJxVjMEOgjAQRP-lZ9N0KWxbj975hma3bAU1JaFwMv67kHDQOb55M28VaVvHuFVZ4jSoqwJ1-WVM6SnlKIYHlfus01zWZWJ9KPpsq-7nQV630_07GKmO-5rMHgsWMSA6Dx3ZxuUMJpuwU4_QeQL2gtKhC7kxJGyzA-aW2yTq8wWZyjbY:1picxB:UtrC3kL73AZNc9Qe1L89LzqFP3t6X1u9EYnISCPipj8','2023-04-15 15:15:41.603984'),('j88sdw0yhv7ggm9xqrd1lbutxn6inqhs','.eJxVjDsOwyAQBe9CHSHzNaRM7zMgdheCkwgkY1dR7h5bcpG0b2bem4W4rSVsPS1hJnZlSkp2-V0h4jPVA9Ej1nvj2Oq6zMAPhZ-086lRet1O9--gxF72Wgw-G_IEFgjBmywpaQCE0WTKfiCL6LQTVqHV0Yw7FlmQ0p6c8yKzzxdh3TlA:1psRfr:NF7xz13GYDWXUVfEK2rWgH-wXnunUr36cvVG8A32L54','2023-05-12 17:14:23.713724'),('j89dqup4f48xlbuu8w7tv7na3bc4tndh','.eJxVjDsOwjAQBe_iGlm2418o6XMGa9e74ACypTipEHeHSCmgfTPzXiLBtpa0dV7STOIsfBSn3xEhP7juhO5Qb03mVtdlRrkr8qBdTo34eTncv4MCvXxrJOVHh1cwRvmINjDyQIZD9I7BsKNgA-ocgMniiKBAa7Yaguc8oBPvDydlOO4:1pqJV0:wz6dW_yJEDaGFP0QcWORMcg-_x6mpNR_tkxMwFRXalY','2023-05-06 20:06:22.170113'),('j8l09qk93bxbxnoj85ef8c75mr1kfrj4','e30:1pfhL7:9M1PvPbopDR3M52u_RjRHEcXafAshgJbyvrmsRxyE28','2023-04-07 13:20:17.610393'),('jd8ubkinsqvbcusrgaolh213ipf3nzrc','.eJxVjMEOgjAQRP-lZ9N0KWxbj975hma3bAU1JaFwMv67kHDQOb55M28VaVvHuFVZ4jSoqwJ1-WVM6SnlKIYHlfus01zWZWJ9KPpsq-7nQV630_07GKmO-5rMHgsWMSA6Dx3ZxuUMJpuwU4_QeQL2gtKhC7kxJGyzA-aW2yTq8wWZyjbY:1pkpIB:rNmTEnD0-ylj12RijQkmYBG5qgwtTuQFBKmk69ZUWWA','2023-04-21 16:50:27.785103'),('jdczsh8l36e0hpbg63iqh07o7vm5ttkb','.eJxVjMEOgjAQRP-lZ9N0KWxbj975hma3bAU1JaFwMv67kHDQOb55M28VaVvHuFVZ4jSoqwJ1-WVM6SnlKIYHlfus01zWZWJ9KPpsq-7nQV630_07GKmO-5rMHgsWMSA6Dx3ZxuUMJpuwU4_QeQL2gtKhC7kxJGyzA-aW2yTq8wWZyjbY:1pqefO:ZvjDT6tQTMrZEqCxJiFsU1CHqv24v6AdjM-tia7Un14','2023-05-07 18:42:30.938028'),('je7oukr0mqhtwontqzxr0z9d3zhgzl05','.eJxVjDsOwyAQBe9CHSHzNaRM7zMgdheCkwgkY1dR7h5bcpG0b2bem4W4rSVsPS1hJnZlSkp2-V0h4jPVA9Ej1nvj2Oq6zMAPhZ-086lRet1O9--gxF72Wgw-G_IEFgjBmywpaQCE0WTKfiCL6LQTVqHV0Yw7FlmQ0p6c8yKzzxdh3TlA:1pqEzc:wNDL7T6KDA84U-BWleC0xccYvVRIQNwlxfQTpuku89E','2023-05-06 15:17:40.197954'),('jeurulqau179aiwddus9oz7jvlt6fo0x','.eJxVjDsOwjAQBe_iGlkYf1hT0nMGa3ftxQHkSHFSIe5OIqWAdmbee6uEy1zT0suUhqwuKoA6_EJCfpa2mfzAdh81j22eBtJbonfb9W3M5XXd27-Dir2uawDPINEgRiM-ROtNLs5aZ1YQgekE4i3iWZgloFBG55COEUJxHkl9vgwTOKw:1pkpi9:d3KJ4kl35gAwyWyalriEVlj1O3MBPEqpQM71j6tKLsQ','2023-04-21 17:17:17.774418'),('jg5y4h5wfhhf50n6ly88fbxuwfckxz1z','.eJxVjMEOgjAQRP-lZ9N0KWxbj975hma3bAU1JaFwMv67kHDQOb55M28VaVvHuFVZ4jSoqwJ1-WVM6SnlKIYHlfus01zWZWJ9KPpsq-7nQV630_07GKmO-5rMHgsWMSA6Dx3ZxuUMJpuwU4_QeQL2gtKhC7kxJGyzA-aW2yTq8wWZyjbY:1pkPZf:KWjdgCi9-OM0jlRQ1Es1QTYvZPAbq3EO5hOyXW0ails','2023-04-20 13:22:47.074221'),('jijprsec40h1allpfe2k6vu3u27f81rp','.eJxVjDsOwyAQBe9CHSHzNaRM7zMgdheCkwgkY1dR7h5bcpG0b2bem4W4rSVsPS1hJnZlSkp2-V0h4jPVA9Ej1nvj2Oq6zMAPhZ-086lRet1O9--gxF72Wgw-G_IEFgjBmywpaQCE0WTKfiCL6LQTVqHV0Yw7FlmQ0p6c8yKzzxdh3TlA:1pnZPm:vsc40pAURy53zRXrGMJTDngqVf5meH9IvDaI7vMQp0g','2023-04-29 06:29:38.057277'),('jiw6ldi7mg0q2o2m97ircby5y1apwfow','.eJxVjMEOgjAQRP-lZ9N0KWxbj975hma3bAU1JaFwMv67kHDQOb55M28VaVvHuFVZ4jSoqwJ1-WVM6SnlKIYHlfus01zWZWJ9KPpsq-7nQV630_07GKmO-5rMHgsWMSA6Dx3ZxuUMJpuwU4_QeQL2gtKhC7kxJGyzA-aW2yTq8wWZyjbY:1pkqSx:TI3wh9m9kEpZBM7fp4sx1s0Jb61ea34yZ2X8ke4gwqo','2023-04-21 18:05:39.258088'),('jjhn4k0y5dutboz7ompbucv4mcrf62pd','.eJxVjEEOwiAQRe_C2hAKOIBL9z0DGYapVA0kpV0Z765NutDtf-_9l4i4rSVunZc4Z3ERRmtx-l0T0oPrjvId661JanVd5iR3RR60y7Flfl4P9--gYC_fOmXFOGVj0ZN2QUNwnsOgzAAe6WwCeKV0ADbBIdsMAGQnz6TAgVEk3h8gDTeR:1pmzl5:UwZuE5v61pMcIMUXZI2Fr2DqD5CfdskL5RRMXeeLHyw','2023-04-27 16:25:15.030227'),('jk4jgvhbkyn1s4knff1j5rp5hd8tffb1','.eJxVjDsOwyAQBe9CHSFjWAMp0_sMaBeW4CQCyZ8qyt0jJBdJ-2bmvUXAYy_h2HgNSxJXoc0oLr8rYXxy7Sg9sN6bjK3u60KyK_Kkm5xb4tftdP8OCm6l1wNNnJUaDINjHZVmw9a7yNmOOcFABgjBJszAniABOkU2a57IZ6fE5wtL4jk4:1psRKT:HqFZd8vup3uYzJBq9Jn-4nuCoOl53YzRBUZ9CTTbVe8','2023-05-12 16:52:17.823212'),('jka4ywcpqpulvd8wc3wbsfadz9xo6p3n','.eJxVjMEOgjAQRP-lZ9N0KWxbj975hma3bAU1JaFwMv67kHDQOb55M28VaVvHuFVZ4jSoqwJ1-WVM6SnlKIYHlfus01zWZWJ9KPpsq-7nQV630_07GKmO-5rMHgsWMSA6Dx3ZxuUMJpuwU4_QeQL2gtKhC7kxJGyzA-aW2yTq8wWZyjbY:1pkht3:7F3ElPiJv11dyHt8Tt0IcOGUy8dTl2dqUbu2I7pBTeA','2023-04-21 08:56:01.153757'),('jkmxqbl3ks4luyjc50o7f9dhm6ivgs3r','.eJxVjDsOwjAQBe_iGll2_GMp6XMGa9de4wBypDipEHeHSCmgfTPzXiLitta4dV7ilMVFaABx-l0J04PbjvId222WaW7rMpHcFXnQLsc58_N6uH8HFXv91sUppQcKmLFQKWzJKfLBWlQADrzmlHwyaI2FwgDWZOAwaCB39sEU8f4ARjs4WQ:1pmDJg:4fP21V_6vFGzCjxbPMgv759vCgALcVgit7wUQxNLhig','2023-04-25 12:41:44.122564'),('jmgsj5i97qeif0108s5zskv5b2ciwaja','.eJxVjDsOwyAQBe9CHSHzNaRM7zMgdheCkwgkY1dR7h5bcpG0b2bem4W4rSVsPS1hJnZlSkp2-V0h4jPVA9Ej1nvj2Oq6zMAPhZ-086lRet1O9--gxF72Wgw-G_IEFgjBmywpaQCE0WTKfiCL6LQTVqHV0Yw7FlmQ0p6c8yKzzxdh3TlA:1po3K2:Q2Jjue1qI7dAaCs8sytux2o2DtNW-hqBi6fUw4jRXfY','2023-04-30 14:25:42.285421'),('jmtyha4relw1ddyqnttqpvjij4bkkgv8','.eJxVjMEOgjAQRP-lZ9N0KWxbj975hma3bAU1JaFwMv67kHDQOb55M28VaVvHuFVZ4jSoqwJ1-WVM6SnlKIYHlfus01zWZWJ9KPpsq-7nQV630_07GKmO-5rMHgsWMSA6Dx3ZxuUMJpuwU4_QeQL2gtKhC7kxJGyzA-aW2yTq8wWZyjbY:1pkO1U:xVktg9dUeK-oQA5dmtjR4XLH7ZKgg3vVRzhy1DOW45I','2023-04-20 11:43:24.863300'),('jmtz0rlrpdnvfu7v2heu5xtcvjbf8677','.eJxVjEsOgzAMRO-SdRURIwfTZfc9A7Jj09BWQeKzQr17QWLR7kbz3szmOl6X3K2zTd2g7uoCBnf5bYXTy8qB9MnlMfo0lmUaxB-KP-ns76Pa-3a6fweZ57yvG0altg5QkXHEBpPFSnuQiEi0BwCpIRGoCjJJACWIvTG2EtXEfb4jYjie:1plBVB:XeneuOU2UF3S8MSoGhDOF6P79Zs4pKidRNL_AUy3_X8','2023-04-22 16:33:21.866981'),('jpmbfjrmaomlzocmto6iizg0wlgtcxt6','.eJxVjDsOwjAQBe_iGlm2418o6XMGa9e74ACypTipEHeHSCmgfTPzXiLBtpa0dV7STOIsfBSn3xEhP7juhO5Qb03mVtdlRrkr8qBdTo34eTncv4MCvXxrJOVHh1cwRvmINjDyQIZD9I7BsKNgA-ocgMniiKBAa7Yaguc8oBPvDydlOO4:1ppj0I:KRETAN2GSm4KE0s-1OBluUiMbbvIuieQ9CBI53czHzc','2023-05-05 05:08:14.911692'),('jtkzo5ieom5gqpg1p7lbdqcs71z70uzv','.eJxVjMEOgjAQRP-lZ9N0KWxbj975hma3bAU1JaFwMv67kHDQOb55M28VaVvHuFVZ4jSoqwJ1-WVM6SnlKIYHlfus01zWZWJ9KPpsq-7nQV630_07GKmO-5rMHgsWMSA6Dx3ZxuUMJpuwU4_QeQL2gtKhC7kxJGyzA-aW2yTq8wWZyjbY:1pklKC:6XLcbiAEOKZsQS6xj-NPwiA7ihyyAxO0wqWiFEncYnI','2023-04-21 12:36:16.179548'),('jux3metuiywielz34wy04ey9bu7mt1uw','.eJxVjEEOwiAQRe_C2hAKOIBL9z0DGYapVA0kpV0Z765NutDtf-_9l4i4rSVunZc4Z3ERRmtx-l0T0oPrjvId661JanVd5iR3RR60y7Flfl4P9--gYC_fOmXFOGVj0ZN2QUNwnsOgzAAe6WwCeKV0ADbBIdsMAGQnz6TAgVEk3h8gDTeR:1pmc8q:zBNDzoFphDXRVN4gf0PyOFk4UaiNG_UhaQ6L7fhXQVM','2023-04-26 15:12:12.914881'),('jyxprktlhtwtwsn3b989tg1tovxtjdne','.eJxVjMEOgjAQRP-lZ9N0KWxbj975hma3bAU1JaFwMv67kHDQOb55M28VaVvHuFVZ4jSoqwJ1-WVM6SnlKIYHlfus01zWZWJ9KPpsq-7nQV630_07GKmO-5rMHgsWMSA6Dx3ZxuUMJpuwU4_QeQL2gtKhC7kxJGyzA-aW2yTq8wWZyjbY:1pr0Ho:fBW_eeeEW2Q9s6z0zcQsiJxrd-yjStWoxIb4VCOSsYE','2023-05-08 17:47:36.900392'),('jz5anyqn9ogzdk7nfyq5tkaboq2n23wh','.eJxVjMEOgjAQRP-lZ9N0KWxbj975hma3bAU1JaFwMv67kHDQOb55M28VaVvHuFVZ4jSoqwJ1-WVM6SnlKIYHlfus01zWZWJ9KPpsq-7nQV630_07GKmO-5rMHgsWMSA6Dx3ZxuUMJpuwU4_QeQL2gtKhC7kxJGyzA-aW2yTq8wWZyjbY:1pq9TH:nQBoWNPHJrBjz301tjz6hd-p29IizKzuesbbovy2xGY','2023-05-06 09:23:55.301376'),('k077b4n0hu9tygy5i584rfhmhajtbhu2','.eJxVjEEOgjAQRe_StWk6pTNQl-49A5l2poIaSCisjHdXEha6_e-9_zI9b-vQb1WXfhRzNtA5c_pdE-eHTjuSO0-32eZ5Wpcx2V2xB632Oos-L4f7dzBwHb61i149CgmgSizghR2JcyEAdiUyEGTXFkJiJdTYaIFUGqQmtaFkNu8PH4U4Nw:1pq5V6:QapILGHy77nXbCfTlijiZEZ2usOKEK1ncx0bvgXZCr4','2023-05-06 05:09:32.673733'),('k0l7hexu2abf42sord8i9vkm37kcs5ok','.eJxVjDsOwyAQBe9CHSHzNaRM7zMgdheCkwgkY1dR7h5bcpG0b2bem4W4rSVsPS1hJnZlSkp2-V0h4jPVA9Ej1nvj2Oq6zMAPhZ-086lRet1O9--gxF72Wgw-G_IEFgjBmywpaQCE0WTKfiCL6LQTVqHV0Yw7FlmQ0p6c8yKzzxdh3TlA:1pqt2v:ngr1ucRzvmw8rzyzd62EyyZGnDLnz0iHxTNuulPFsSI','2023-05-08 10:03:45.966948'),('k2n7kopuvk47v1eviyimshtov4ty2de7','.eJxVjMEOgjAQRP-lZ9N0KWxbj975hma3bAU1JaFwMv67kHDQOb55M28VaVvHuFVZ4jSoqwJ1-WVM6SnlKIYHlfus01zWZWJ9KPpsq-7nQV630_07GKmO-5rMHgsWMSA6Dx3ZxuUMJpuwU4_QeQL2gtKhC7kxJGyzA-aW2yTq8wWZyjbY:1pqYfn:-BopuBWH_CwzjvGVquYI1xdIybkCO6kb3v4Ibulug2k','2023-05-07 12:18:31.546192'),('k4gh4r8bai7am0eqxvsxg95cu06bsc2a','.eJxVjMEOgjAQRP-lZ9N0KWxbj975hma3bAU1JaFwMv67kHDQOb55M28VaVvHuFVZ4jSoqwJ1-WVM6SnlKIYHlfus01zWZWJ9KPpsq-7nQV630_07GKmO-5rMHgsWMSA6Dx3ZxuUMJpuwU4_QeQL2gtKhC7kxJGyzA-aW2yTq8wWZyjbY:1pqeX4:JXhC0PhagcHiJZtsN0Hlg4N9SgmEsquDmGiFdXBmZpw','2023-05-07 18:33:54.538211'),('k6dy65ozdbd8mpfktf58ziqxsmy6n09o','.eJxVjEEOwiAQRe_C2hAKOIBL9z0DGYapVA0kpV0Z765NutDtf-_9l4i4rSVunZc4Z3ERRmtx-l0T0oPrjvId661JanVd5iR3RR60y7Flfl4P9--gYC_fOmXFOGVj0ZN2QUNwnsOgzAAe6WwCeKV0ADbBIdsMAGQnz6TAgVEk3h8gDTeR:1pnHbC:HjpLQIL6hBobbN8yaIk8m51Mu1Nw-deephaG1nwput8','2023-04-28 11:28:14.990289'),('k7k8fxddp2ce7d3uj2tutqh27v1eiogc','.eJxVjDsOwjAQBe_iGlm2418o6XMGa9e74ACypTipEHeHSCmgfTPzXiLBtpa0dV7STOIsfBSn3xEhP7juhO5Qb03mVtdlRrkr8qBdTo34eTncv4MCvXxrJOVHh1cwRvmINjDyQIZD9I7BsKNgA-ocgMniiKBAa7Yaguc8oBPvDydlOO4:1polYz:inu14l9Deoxerm4-4S4FrVxPY6yFwDRKWMikgKrkpmQ','2023-05-02 13:40:05.954597'),('k9cmk2s1u8yrlb3w3pcojp95ph2v3tkq','.eJxVjEEOwiAQRe_C2hAKOIBL9z0DGYapVA0kpV0Z765NutDtf-_9l4i4rSVunZc4Z3ERRmtx-l0T0oPrjvId661JanVd5iR3RR60y7Flfl4P9--gYC_fOmXFOGVj0ZN2QUNwnsOgzAAe6WwCeKV0ADbBIdsMAGQnz6TAgVEk3h8gDTeR:1pmZH5:weIji96RhDx0gcX4BUOSPzQh_WxmRwnb-93qE9KtRgQ','2023-04-26 12:08:31.993447'),('kbrth9wyyt5rv3cxiopw3o7bqlvjbh3x','.eJxVjMEOgjAQRP-lZ9N0KWxbj975hma3bAU1JaFwMv67kHDQOb55M28VaVvHuFVZ4jSoqwJ1-WVM6SnlKIYHlfus01zWZWJ9KPpsq-7nQV630_07GKmO-5rMHgsWMSA6Dx3ZxuUMJpuwU4_QeQL2gtKhC7kxJGyzA-aW2yTq8wWZyjbY:1pkseJ:guObHNZJuagYMZZ49x42otVdKbs82Nt7LCVsfGRt4QM','2023-04-21 20:25:31.574238'),('kf8b1ikf760hzbwir6s3lt0k7iqh9x8p','.eJxVjMEOgjAQRP-lZ9N0KWxbj975hma3bAU1JaFwMv67kHDQOb55M28VaVvHuFVZ4jSoqwJ1-WVM6SnlKIYHlfus01zWZWJ9KPpsq-7nQV630_07GKmO-5rMHgsWMSA6Dx3ZxuUMJpuwU4_QeQL2gtKhC7kxJGyzA-aW2yTq8wWZyjbY:1pkPm3:PJlv6d3ZFK31BiEbt_elvXk_f_Z8BjuJSfzgDF3WVkQ','2023-04-20 13:35:35.060681'),('kfj4gcwc8m6skmrt8hw1u3albad73gng','e30:1pkLJC:2PZyxaF8sgXffSJB_Igj4NL_hGO98u9WXVNcCcOwrj4','2023-04-20 08:49:30.126798'),('kheo6ihio20mnust4wgdrbbc0i565a7c','.eJxVjDsOwjAQBe_iGlm2418o6XMGa9e74ACypTipEHeHSCmgfTPzXiLBtpa0dV7STOIsfBSn3xEhP7juhO5Qb03mVtdlRrkr8qBdTo34eTncv4MCvXxrJOVHh1cwRvmINjDyQIZD9I7BsKNgA-ocgMniiKBAa7Yaguc8oBPvDydlOO4:1ppSrY:vhO7lma6vx_NygOM2OWNW1O8e0cRHDM4pYIikXTRU64','2023-05-04 11:54:08.070386'),('kiotst0j2drb7pvu1lv150cqoehsq4x4','.eJxVjEEOwiAQRe_C2hAKOIBL9z0DGYapVA0kpV0Z765NutDtf-_9l4i4rSVunZc4Z3ERRmtx-l0T0oPrjvId661JanVd5iR3RR60y7Flfl4P9--gYC_fOmXFOGVj0ZN2QUNwnsOgzAAe6WwCeKV0ADbBIdsMAGQnz6TAgVEk3h8gDTeR:1pnFSs:OtNK-ipRxt-kvwT78lvpcdve-9qAYDaM4wtJh0aujqM','2023-04-28 09:11:30.514066'),('kjnilr1qjlck7ovl9oozo1vfmrjbmzsn','.eJxVjMEOgjAQRP-lZ9N0KWxbj975hma3bAU1JaFwMv67kHDQOb55M28VaVvHuFVZ4jSoqwJ1-WVM6SnlKIYHlfus01zWZWJ9KPpsq-7nQV630_07GKmO-5rMHgsWMSA6Dx3ZxuUMJpuwU4_QeQL2gtKhC7kxJGyzA-aW2yTq8wWZyjbY:1pq9Qz:UI9NBtIW61tvmDemFGC58IDMsuDagoOroHpfu4x-FOc','2023-05-06 09:21:33.749462'),('kk2mvcnbdr0ht4m8eh9ubf2ptepradac','.eJxVjDsOwyAQBe9CHSHzNaRM7zMgdheCkwgkY1dR7h5bcpG0b2bem4W4rSVsPS1hJnZlSkp2-V0h4jPVA9Ej1nvj2Oq6zMAPhZ-086lRet1O9--gxF72Wgw-G_IEFgjBmywpaQCE0WTKfiCL6LQTVqHV0Yw7FlmQ0p6c8yKzzxdh3TlA:1po065:EvXNo4T1fIEOFk7oFNS1PneXPmAWPs9NVZvYrYXp07s','2023-04-30 10:59:05.446960'),('klpz1t9b2h4kkktdn2ejf31wgv889epr','.eJxVjDsOwjAQBe_iGlm2418o6XMGa9e74ACypTipEHeHSCmgfTPzXiLBtpa0dV7STOIsfBSn3xEhP7juhO5Qb03mVtdlRrkr8qBdTo34eTncv4MCvXxrJOVHh1cwRvmINjDyQIZD9I7BsKNgA-ocgMniiKBAa7Yaguc8oBPvDydlOO4:1ppX4H:eAherNro0kAjj_xHGY3BJ7XHDcIXDF0R9cL955YmHl0','2023-05-04 16:23:33.751767'),('kqedhuemlamgyr888xu5wm58bkt61e2f','.eJxVjEEOwiAQRe_C2hAKOIBL9z0DGYapVA0kpV0Z765NutDtf-_9l4i4rSVunZc4Z3ERRmtx-l0T0oPrjvId661JanVd5iR3RR60y7Flfl4P9--gYC_fOmXFOGVj0ZN2QUNwnsOgzAAe6WwCeKV0ADbBIdsMAGQnz6TAgVEk3h8gDTeR:1pmbmW:hN6ezSiV4kWQnckKEk_MIMgUHowVdL-1msGAtTGo--w','2023-04-26 14:49:08.561696'),('kqowfnr0aqmyt6owdn1ujl9ij6bzh4s4','.eJxVjMEOgjAQRP-lZ9N0KWxbj975hma3bAU1JaFwMv67kHDQOb55M28VaVvHuFVZ4jSoqwJ1-WVM6SnlKIYHlfus01zWZWJ9KPpsq-7nQV630_07GKmO-5rMHgsWMSA6Dx3ZxuUMJpuwU4_QeQL2gtKhC7kxJGyzA-aW2yTq8wWZyjbY:1pqYlr:5y9Typjav1hh_X3OXJUeKDd3T-huDNBqcSqN-5g6MF0','2023-05-07 12:24:47.205363'),('kqy7lnhmnoaj2k38remi0957p6c7biup','.eJxVjDsOwyAQBe9CHSHzNaRM7zMgdheCkwgkY1dR7h5bcpG0b2bem4W4rSVsPS1hJnZlSkp2-V0h4jPVA9Ej1nvj2Oq6zMAPhZ-086lRet1O9--gxF72Wgw-G_IEFgjBmywpaQCE0WTKfiCL6LQTVqHV0Yw7FlmQ0p6c8yKzzxdh3TlA:1pnPBB:t2kqox3zpfrdIpQ-DT6LyzP4CCGgoTxtLROSeKqfIjw','2023-04-28 19:33:53.188779'),('krr9g03d5k4sit4klnm0unaaza8zet25','.eJxVjDsOwjAQBe_iGlm2418o6XMGa9e74ACypTipEHeHSCmgfTPzXiLBtpa0dV7STOIsfBSn3xEhP7juhO5Qb03mVtdlRrkr8qBdTo34eTncv4MCvXxrJOVHh1cwRvmINjDyQIZD9I7BsKNgA-ocgMniiKBAa7Yaguc8oBPvDydlOO4:1pojL0:4VR0tcKfuHZaPoP7EpWRCmHNrBY5sLnm6hNu9ej99nQ','2023-05-02 11:17:30.841145'),('kt8n6bs5u9mqgww3vi6veh6hq4quwjwd','.eJxVjDsOwyAQBe9CHSHzNaRM7zMgdheCkwgkY1dR7h5bcpG0b2bem4W4rSVsPS1hJnZlSkp2-V0h4jPVA9Ej1nvj2Oq6zMAPhZ-086lRet1O9--gxF72Wgw-G_IEFgjBmywpaQCE0WTKfiCL6LQTVqHV0Yw7FlmQ0p6c8yKzzxdh3TlA:1pnbg4:uTbBnckGopUbfMmmrd2o0jGqhK5xFtKOK6LFVhXsMMI','2023-04-29 08:54:36.212166'),('kv9oal6tb0dea7jj04l0d40vue8360ka','.eJxVjDsOwjAQBe_iGlm2418o6XMGa9e74ACypTipEHeHSCmgfTPzXiLBtpa0dV7STOIsfBSn3xEhP7juhO5Qb03mVtdlRrkr8qBdTo34eTncv4MCvXxrJOVHh1cwRvmINjDyQIZD9I7BsKNgA-ocgMniiKBAa7Yaguc8oBPvDydlOO4:1pp7Gv:DMs32xMXtVRx0zTOJ9VkZd28nXkh5k5pjg1sAVBflto','2023-05-03 12:50:53.914189'),('kvwlo75753w4eh5ai286t0ik61vsygbs','.eJxVjDsOwjAQBe_iGlkYf1hT0nMGa3ftxQHkSHFSIe5OIqWAdmbee6uEy1zT0suUhqwuKoA6_EJCfpa2mfzAdh81j22eBtJbonfb9W3M5XXd27-Dir2uawDPINEgRiM-ROtNLs5aZ1YQgekE4i3iWZgloFBG55COEUJxHkl9vgwTOKw:1pl1kf:lAOijSTVwWp-APZyktygKihYswOGFFZTrs93CCeRpJk','2023-04-22 06:08:41.798177'),('kx6tj6j6yg3jyi5nlts91fawklh5xpqh','.eJxVjDsOwjAQBe_iGlm2418o6XMGa9e74ACypTipEHeHSCmgfTPzXiLBtpa0dV7STOIsfBSn3xEhP7juhO5Qb03mVtdlRrkr8qBdTo34eTncv4MCvXxrJOVHh1cwRvmINjDyQIZD9I7BsKNgA-ocgMniiKBAa7Yaguc8oBPvDydlOO4:1pqCvA:UNJASx7zEiUUxtWy9YpR3icskfFYWc37ip06SlvxkR8','2023-05-06 13:04:56.321355'),('kzirop0tv5mxnnz0if5jtfhz2481mg3p','.eJxVjMEOgjAQRP-lZ9N0KWxbj975hma3bAU1JaFwMv67kHDQOb55M28VaVvHuFVZ4jSoqwJ1-WVM6SnlKIYHlfus01zWZWJ9KPpsq-7nQV630_07GKmO-5rMHgsWMSA6Dx3ZxuUMJpuwU4_QeQL2gtKhC7kxJGyzA-aW2yTq8wWZyjbY:1pkpCi:ilYKSWEICCQXPfER5s0AhlxGfUuhheo9pb2_WO9I9Ts','2023-04-21 16:44:48.451409'),('l19o35ve0cncvry17nxggvk7nnkkb6e3','.eJxVjDsOwjAQBe_iGlm2418o6XMGa9e74ACypTipEHeHSCmgfTPzXiLBtpa0dV7STOIsfBSn3xEhP7juhO5Qb03mVtdlRrkr8qBdTo34eTncv4MCvXxrJOVHh1cwRvmINjDyQIZD9I7BsKNgA-ocgMniiKBAa7Yaguc8oBPvDydlOO4:1pqCwy:_IhD74XLB5IyBdvr3aZo3mpJu2ma6NNipGsf9BhV5IE','2023-05-06 13:06:48.882549'),('l2ljkrr216bdc2vx1es65s9oq15ifbos','.eJxVjDsOwyAQBe9CHSHzNaRM7zMgdheCkwgkY1dR7h5bcpG0b2bem4W4rSVsPS1hJnZlSkp2-V0h4jPVA9Ej1nvj2Oq6zMAPhZ-086lRet1O9--gxF72Wgw-G_IEFgjBmywpaQCE0WTKfiCL6LQTVqHV0Yw7FlmQ0p6c8yKzzxdh3TlA:1pqwM3:SqD2YplIlU8Bwmco71oEE7yKpZgiZSfLmu2SoS6Ka4M','2023-05-08 13:35:43.305262'),('l33fn9yg95fdllr9ee9dxpguq8zb16nd','.eJxVjMEOgjAQRP-lZ9N0KWxbj975hma3bAU1JaFwMv67kHDQOb55M28VaVvHuFVZ4jSoqwJ1-WVM6SnlKIYHlfus01zWZWJ9KPpsq-7nQV630_07GKmO-5rMHgsWMSA6Dx3ZxuUMJpuwU4_QeQL2gtKhC7kxJGyzA-aW2yTq8wWZyjbY:1pqJ3O:zQ1OE5bp0FM4uJwo7iuDiBJTDofV2gMsUvStszoxWlY','2023-05-06 19:37:50.030321'),('l3ef4il65t2klmsg9fi7dmyhpzzzeipt','.eJxVjMEOgjAQRP-lZ9N0KWxbj975hma3bAU1JaFwMv67kHDQOb55M28VaVvHuFVZ4jSoqwJ1-WVM6SnlKIYHlfus01zWZWJ9KPpsq-7nQV630_07GKmO-5rMHgsWMSA6Dx3ZxuUMJpuwU4_QeQL2gtKhC7kxJGyzA-aW2yTq8wWZyjbY:1pkr3D:IU5OazzdlTJARAf0oAqg__JtUed1zDx3SO4bCI3PFUI','2023-04-21 18:43:07.244571'),('l5mkfjn3h2afpnpodpwa5hqt94scntl6','.eJxVjEEOwiAQRe_C2hAKOIBL9z0DGYapVA0kpV0Z765NutDtf-_9l4i4rSVunZc4Z3ERRmtx-l0T0oPrjvId661JanVd5iR3RR60y7Flfl4P9--gYC_fOmXFOGVj0ZN2QUNwnsOgzAAe6WwCeKV0ADbBIdsMAGQnz6TAgVEk3h8gDTeR:1pmz6P:-6d8NRx-NIVjxjp-uKQps5jTrtoiWAYHGDa_NJeFDAM','2023-04-27 15:43:13.460042'),('l6emzvj99k9y38fu844fp0t3eagv6t9h','.eJxVjDsOwyAQBe9CHSHzNaRM7zMgdheCkwgkY1dR7h5bcpG0b2bem4W4rSVsPS1hJnZlSkp2-V0h4jPVA9Ej1nvj2Oq6zMAPhZ-086lRet1O9--gxF72Wgw-G_IEFgjBmywpaQCE0WTKfiCL6LQTVqHV0Yw7FlmQ0p6c8yKzzxdh3TlA:1pndD8:yPHL28ayPu8gH2yFZsSIIhg9IxrMX1vpNlNQGmaNWgE','2023-04-29 10:32:50.862268'),('l7kde7ypown19id99eu3j2r6jp9xu8to','.eJxVjDsOwjAQBe_iGlm2418o6XMGa9e74ACypTipEHeHSCmgfTPzXiLBtpa0dV7STOIsfBSn3xEhP7juhO5Qb03mVtdlRrkr8qBdTo34eTncv4MCvXxrJOVHh1cwRvmINjDyQIZD9I7BsKNgA-ocgMniiKBAa7Yaguc8oBPvDydlOO4:1pr0Ff:usnLyhn_GhyBqeEvGARFP3Nu2Q-xu_x18vG4uUxzG6o','2023-05-08 17:45:23.748792'),('l9q9doxelzxv1p6q6bk5egxe49b2w591','.eJxVjMEOgjAQRP-lZ9N0KWxbj975hma3bAU1JaFwMv67kHDQOb55M28VaVvHuFVZ4jSoqwJ1-WVM6SnlKIYHlfus01zWZWJ9KPpsq-7nQV630_07GKmO-5rMHgsWMSA6Dx3ZxuUMJpuwU4_QeQL2gtKhC7kxJGyzA-aW2yTq8wWZyjbY:1pknEz:1ykQZxGJhzW0oQ_Q2zhC7gebJ2wue4v5KAfDdCcfDTs','2023-04-21 14:39:01.878954'),('ladd0hqzstr0khqfpimyo9ayb1ce1lbp','.eJxVjEEOwiAQRe_C2hAKOIBL9z0DGYapVA0kpV0Z765NutDtf-_9l4i4rSVunZc4Z3ERRmtx-l0T0oPrjvId661JanVd5iR3RR60y7Flfl4P9--gYC_fOmXFOGVj0ZN2QUNwnsOgzAAe6WwCeKV0ADbBIdsMAGQnz6TAgVEk3h8gDTeR:1pnF63:4YaiAEVru6Qw38LB8hkIzoHlo-81waHxY45mgpu1sBM','2023-04-28 08:47:55.927734'),('lakeafqag8ukzw54jk5o5t4gjl8cks68','.eJxVjMEOgjAQRP-lZ9N0KWxbj975hma3bAU1JaFwMv67kHDQOb55M28VaVvHuFVZ4jSoqwJ1-WVM6SnlKIYHlfus01zWZWJ9KPpsq-7nQV630_07GKmO-5rMHgsWMSA6Dx3ZxuUMJpuwU4_QeQL2gtKhC7kxJGyzA-aW2yTq8wWZyjbY:1pkp1R:RvIKZKQsUYZOKMzHP3xKilMf7xfrQmoNUpk9oQ6XKlA','2023-04-21 16:33:09.698209'),('lanx2vp8onc4pze5zr5g7d3lu93lpzix','.eJxVjMEOgjAQRP-lZ9N0KWxbj975hma3bAU1JaFwMv67kHDQOb55M28VaVvHuFVZ4jSoqwJ1-WVM6SnlKIYHlfus01zWZWJ9KPpsq-7nQV630_07GKmO-5rMHgsWMSA6Dx3ZxuUMJpuwU4_QeQL2gtKhC7kxJGyzA-aW2yTq8wWZyjbY:1prA8h:uNrMIWHOmIbTh9BmGdHNoButw7NNIrzxiUeCGAuZWGs','2023-05-09 04:18:51.554415'),('lcbiw9a72i9fcmzmgrv65g4ea5c8ihrd','.eJxVjMEOgjAQRP-lZ9N0KWxbj975hma3bAU1JaFwMv67kHDQOb55M28VaVvHuFVZ4jSoqwJ1-WVM6SnlKIYHlfus01zWZWJ9KPpsq-7nQV630_07GKmO-5rMHgsWMSA6Dx3ZxuUMJpuwU4_QeQL2gtKhC7kxJGyzA-aW2yTq8wWZyjbY:1pkUhz:22t-9hP7s33A0wATkWWHnehsLKvvEsyBh3L05dJoMMk','2023-04-20 18:51:43.564864'),('lgck8282me1v18tvq6hxj1e35zej8ibg','.eJxVjDsOwyAQBe9CHSHzNaRM7zMgdheCkwgkY1dR7h5bcpG0b2bem4W4rSVsPS1hJnZlSkp2-V0h4jPVA9Ej1nvj2Oq6zMAPhZ-086lRet1O9--gxF72Wgw-G_IEFgjBmywpaQCE0WTKfiCL6LQTVqHV0Yw7FlmQ0p6c8yKzzxdh3TlA:1png3Y:8wTWvULssFCYPMvR5T0DwI6urhrJvBJ5a4g6Ct9GdVI','2023-04-29 13:35:08.197492'),('li2jwsilfiaesrk12xdl3ikpmq1ns6st','.eJxVjMEOgjAQRP-lZ9N0KWxbj975hma3bAU1JaFwMv67kHDQOb55M28VaVvHuFVZ4jSoqwJ1-WVM6SnlKIYHlfus01zWZWJ9KPpsq-7nQV630_07GKmO-5rMHgsWMSA6Dx3ZxuUMJpuwU4_QeQL2gtKhC7kxJGyzA-aW2yTq8wWZyjbY:1pkQYP:AwR9SA235hFprwLaZ-Q8QEQ6lP9XTPEFesLufFbo5hQ','2023-04-20 14:25:33.949341'),('liqxun28aafw84ugwj7ic58svzmg869d','.eJxVjMEOgjAQRP-lZ9N0KWxbj975hma3bAU1JaFwMv67kHDQOb55M28VaVvHuFVZ4jSoqwJ1-WVM6SnlKIYHlfus01zWZWJ9KPpsq-7nQV630_07GKmO-5rMHgsWMSA6Dx3ZxuUMJpuwU4_QeQL2gtKhC7kxJGyzA-aW2yTq8wWZyjbY:1pkMzJ:vZ6a_f_qHtahwfmnspnGRKJ8l6JtBqOPvAbWWRV_aGY','2023-04-20 10:37:05.273658'),('lluaktjmezcw5ezjz9yy57qn690ovvow','.eJxVjMEOgjAQRP-lZ9N0KWxbj975hma3bAU1JaFwMv67kHDQOb55M28VaVvHuFVZ4jSoqwJ1-WVM6SnlKIYHlfus01zWZWJ9KPpsq-7nQV630_07GKmO-5rMHgsWMSA6Dx3ZxuUMJpuwU4_QeQL2gtKhC7kxJGyzA-aW2yTq8wWZyjbY:1pk5lE:6memn8vMLCgVn_305XlOX7Z7eCzyRTlsgCXHmhJwO7Q','2023-04-19 16:13:24.255867'),('lmg3wknc5qm2nr0wba89tzxufhctnljx','.eJxVjEEOwiAQRe_C2hAKOIBL9z0DGYapVA0kpV0Z765NutDtf-_9l4i4rSVunZc4Z3ERRmtx-l0T0oPrjvId661JanVd5iR3RR60y7Flfl4P9--gYC_fOmXFOGVj0ZN2QUNwnsOgzAAe6WwCeKV0ADbBIdsMAGQnz6TAgVEk3h8gDTeR:1pnGFT:jjlSARHgPOmPKYb6fRlGxoy7ZEvf-ach1nPnbsV63FY','2023-04-28 10:01:43.408667'),('lmuws96tlr4viyx4hlx92z93ih42pjzz','.eJxVjDsOwjAQRO_iGln-sFlDSZ8zWBuvFwdQLMVJhbg7iZQCypn3Zt4q0rqUuLY8x5HVVaFXp99yoPTM0074QdO96lSnZR4HvSv6oE33lfPrdrh_B4Va2dbOEogluQQWw4iQyNluQMuct2i8Z0gdGHQGg1AQgLOY7FBAAgKqzxcSADft:1ppYGU:5-hCt3_0rskgXfbycMV7o3Apq3i8kw0tFp7dFmLr-I0','2023-05-04 17:40:14.806601'),('lrhd6n2o4n3gs4nbfc9omgtakmphz2t6','.eJxVjDsOwjAQBe_iGlmO1x9CSZ8zWOvdDQ4gR4qTCnF3iJQC2jcz76USbmtJW5MlTawuCqxTp981Iz2k7ojvWG-zprmuy5T1ruiDNj3MLM_r4f4dFGzlW3fU4ygEzkeDMXZBjEcPgTkgSZ8ZLbksITJ4A3AmT84EY4CszwCjen8APQc4UQ:1poQH4:XK7Qv4ogMZwckAu2bLweTalyZDjSF7WkJAYEZdaoWX8','2023-05-01 14:56:10.549916'),('lrvt626fx6iyx1fakeuhmv66zoh804iw','.eJxVjDsOwyAQBe9CHSHzNaRM7zMgdheCkwgkY1dR7h5bcpG0b2bem4W4rSVsPS1hJnZlSkp2-V0h4jPVA9Ej1nvj2Oq6zMAPhZ-086lRet1O9--gxF72Wgw-G_IEFgjBmywpaQCE0WTKfiCL6LQTVqHV0Yw7FlmQ0p6c8yKzzxdh3TlA:1pngLg:JUnNz2NLyqUQuuDPTJYJBi1mcgiprUPyknukJEa8LFg','2023-04-29 13:53:52.314006'),('lsh0zweg4envf6t1ysdtgqrzrfro9uo8','.eJxVjEEOwiAQRe_C2hAKOIBL9z0DGYapVA0kpV0Z765NutDtf-_9l4i4rSVunZc4Z3ERRmtx-l0T0oPrjvId661JanVd5iR3RR60y7Flfl4P9--gYC_fOmXFOGVj0ZN2QUNwnsOgzAAe6WwCeKV0ADbBIdsMAGQnz6TAgVEk3h8gDTeR:1pmznd:6ZiosZ6XHxrELuwVIVeq0sEdZ2Z5c3_vOp-9c9fca0U','2023-04-27 16:27:53.788477'),('lu1de570gxgfjkogl0xomu327i4bohdx','.eJxVjMEOgjAQRP-lZ9N0KWxbj975hma3bAU1JaFwMv67kHDQOb55M28VaVvHuFVZ4jSoqwJ1-WVM6SnlKIYHlfus01zWZWJ9KPpsq-7nQV630_07GKmO-5rMHgsWMSA6Dx3ZxuUMJpuwU4_QeQL2gtKhC7kxJGyzA-aW2yTq8wWZyjbY:1pkl5U:oiOB3I0VUtE3jbfvwgrUks4RA6J_TBWVESfkviIldCE','2023-04-21 12:21:04.389086'),('lufyuj2ayqftdxoet3qyuxz5doc17g3y','.eJxVjDsOwyAQBe9CHSHzNaRM7zMgdheCkwgkY1dR7h5bcpG0b2bem4W4rSVsPS1hJnZlSkp2-V0h4jPVA9Ej1nvj2Oq6zMAPhZ-086lRet1O9--gxF72Wgw-G_IEFgjBmywpaQCE0WTKfiCL6LQTVqHV0Yw7FlmQ0p6c8yKzzxdh3TlA:1pnLoM:2y8TTZcTWRsaeIFo4kX1aqVceti_w86BH7vTV_42cAU','2023-04-28 15:58:06.903933'),('lv085apk3q2e8wol9brlsweqa2hmbrnq','.eJxVjMEOgjAQRP-lZ9N0KWxbj975hma3bAU1JaFwMv67kHDQOb55M28VaVvHuFVZ4jSoqwJ1-WVM6SnlKIYHlfus01zWZWJ9KPpsq-7nQV630_07GKmO-5rMHgsWMSA6Dx3ZxuUMJpuwU4_QeQL2gtKhC7kxJGyzA-aW2yTq8wWZyjbY:1pkQDT:VmMJRYZaQD9X3pSOGw-WKMCuqFxo0QfegXAPOV16mDQ','2023-04-20 14:03:55.245725'),('lvwpah3jbnt3jp2d4houb4ddyw5ed6do','.eJxVjDsOwjAQBe_iGlmO1x9CSZ8zWOvdDQ4gR4qTCnF3iJQC2jcz76USbmtJW5MlTawuCqxTp981Iz2k7ojvWG-zprmuy5T1ruiDNj3MLM_r4f4dFGzlW3fU4ygEzkeDMXZBjEcPgTkgSZ8ZLbksITJ4A3AmT84EY4CszwCjen8APQc4UQ:1polbZ:F5n9wyeBhcSeapXR_I3naxHuydwDrjoTlkCSQoa6njY','2023-05-02 13:42:45.678278'),('lwcw3iot492dcshutacoqf0kkvo7rw30','.eJxVjEsOgzAMRO-SdRURIwfTZfc9A7Jj09BWQeKzQr17QWLR7kbz3szmOl6X3K2zTd2g7uoCBnf5bYXTy8qB9MnlMfo0lmUaxB-KP-ns76Pa-3a6fweZ57yvG0altg5QkXHEBpPFSnuQiEi0BwCpIRGoCjJJACWIvTG2EtXEfb4jYjie:1pl4cc:nE9t_zD9-fKJWLQ7hPXLFGHKGcBVut4XIm0gA9ACx7A','2023-04-22 09:12:34.777815'),('m0phqg24e7vv2y050tpdtlu2ms74qbbm','.eJxVjEEOwiAQRe_C2pDCDBRcuvcMBGZAqoYmpV0Z765NutDtf-_9lwhxW2vYel7CxOIs9KjE6XdNkR657Yjvsd1mSXNblynJXZEH7fI6c35eDvfvoMZev7WLdlAIQJ6QPCCQBauLcczWajSKMBZDqiRfWBFpdCNqyDwojQQk3h8UMTfQ:1psSsK:P3AJKi20r5027lqxwnPJlVmetsQSkW9a6yt3GHXqK3Q','2023-05-12 18:31:20.718092'),('m1ojat8vsc3hlk42ia4bjkiqujodktt5','.eJxVjMEOgjAQRP-lZ9N0KWxbj975hma3bAU1JaFwMv67kHDQOb55M28VaVvHuFVZ4jSoqwJ1-WVM6SnlKIYHlfus01zWZWJ9KPpsq-7nQV630_07GKmO-5rMHgsWMSA6Dx3ZxuUMJpuwU4_QeQL2gtKhC7kxJGyzA-aW2yTq8wWZyjbY:1prETg:2PAf17hCsp5cBVNtwdqeThBhv3M6a6wrgq-v_x2LDu4','2023-05-09 08:56:48.225607'),('m2madh5fa0x9739fuirsbf4qnqx1c2q7','.eJxVjEEOwiAQRe_C2hAKOIBL9z0DGYapVA0kpV0Z765NutDtf-_9l4i4rSVunZc4Z3ERRmtx-l0T0oPrjvId661JanVd5iR3RR60y7Flfl4P9--gYC_fOmXFOGVj0ZN2QUNwnsOgzAAe6WwCeKV0ADbBIdsMAGQnz6TAgVEk3h8gDTeR:1pnFTE:xmMVra6A2HiOkziIhFc4Jv2FlDUfgccdfH10H44sBVU','2023-04-28 09:11:52.146131'),('m6b4dyveczbnj880qfz0smro10m6v0em','.eJxVjMEOwiAQRP-FsyEsIAWP3v0GssCuVA1NSnsy_rtt0oPOcd6beYuI61Lj2mmOYxEXAQ7E6bdNmJ_UdlQe2O6TzFNb5jHJXZEH7fI2FXpdD_fvoGKv2xrZobHa2y1UigtkA8PA5CxmbUxSXjEAIYLzQGceWHNQpiCF4B2LzxcxoDh6:1prFDO:zHmQw79b1DjfazHHeey5GpECTs5Zf7rvtd38BylzRUA','2023-05-09 09:44:02.660111'),('m7et0753mydt3f4g0zjdztffn2u9aem5','.eJxVjDsOwjAQBe_iGlm2418o6XMGa9e74ACypTipEHeHSCmgfTPzXiLBtpa0dV7STOIsfBSn3xEhP7juhO5Qb03mVtdlRrkr8qBdTo34eTncv4MCvXxrJOVHh1cwRvmINjDyQIZD9I7BsKNgA-ocgMniiKBAa7Yaguc8oBPvDydlOO4:1pojBd:uxkNgx6zByh_N29wB4kamqH3YkC77Ay8OSFItjgf4tE','2023-05-02 11:07:49.649720'),('m9qckxf7fntwfci28iya4j1bgz7yipta','.eJxVjMEOgjAQRP-lZ9N0KWxbj975hma3bAU1JaFwMv67kHDQOb55M28VaVvHuFVZ4jSoqwJ1-WVM6SnlKIYHlfus01zWZWJ9KPpsq-7nQV630_07GKmO-5rMHgsWMSA6Dx3ZxuUMJpuwU4_QeQL2gtKhC7kxJGyzA-aW2yTq8wWZyjbY:1pklgw:2a4OX91yyBQrpGwWGxI3JaA4t_JDhZQ44ghS_YVX6s0','2023-04-21 12:59:46.372370'),('mecqs8kgqs0tlpwh6v12n1s4r52gysj4','.eJxVjDsOwjAQBe_iGlm2418o6XMGa9e74ACypTipEHeHSCmgfTPzXiLBtpa0dV7STOIsfBSn3xEhP7juhO5Qb03mVtdlRrkr8qBdTo34eTncv4MCvXxrJOVHh1cwRvmINjDyQIZD9I7BsKNgA-ocgMniiKBAa7Yaguc8oBPvDydlOO4:1pp71J:qx95SWt0Dipkyl1ldSJWM9HunJDZhNAMBd0thazKC0c','2023-05-03 12:34:45.615272'),('mfnwbjuxy67jbc8vs289c0s5fk9poi9g','.eJxVjMEOgjAQRP-lZ9N0KWxbj975hma3bAU1JaFwMv67kHDQOb55M28VaVvHuFVZ4jSoqwJ1-WVM6SnlKIYHlfus01zWZWJ9KPpsq-7nQV630_07GKmO-5rMHgsWMSA6Dx3ZxuUMJpuwU4_QeQL2gtKhC7kxJGyzA-aW2yTq8wWZyjbY:1pkPee:i51IHBkDF5oCO-1hkzPpdHTByik_fdyJ06la9qpPfbw','2023-04-20 13:27:56.488267'),('mgfqwm2z6ikeei661gk1go2a63rypc40','.eJxVjDsOwjAQBe_iGlle_5eSPmewbK-DA8iR4qRC3J1ESgHtzLz3ZiFuaw1bL0uYiF2Z0-zyC1PMz9IOQ4_Y7jPPc1uXKfEj4aftfJipvG5n-3dQY6_7WlqvvcqjBeOFcTIDgROAkryyGlDv3OCYKJMAhYAuovamKGeTzCjZ5wvCGDZD:1ppYHz:Mkusb4olDze7QUs25lZTM7EARoqAAHr1Dox3iO0DHak','2023-05-04 17:41:47.740156'),('mjgw4s8daaa5ndu0km93tgg24mfnj77k','.eJxVjMEOgjAQRP-lZ9N0KWxbj975hma3bAU1JaFwMv67kHDQOb55M28VaVvHuFVZ4jSoqwJ1-WVM6SnlKIYHlfus01zWZWJ9KPpsq-7nQV630_07GKmO-5rMHgsWMSA6Dx3ZxuUMJpuwU4_QeQL2gtKhC7kxJGyzA-aW2yTq8wWZyjbY:1pkr8y:NnFNcCHqQr5a0YaOeB6fjqg7Z-Mq0uuLsz6MM02mZ4E','2023-04-21 18:49:04.112591'),('ml3hf2nmbvszbqko9wjn7dq07sighco1','.eJxVjMEOgjAQRP-lZ9N0KWxbj975hma3bAU1JaFwMv67kHDQOb55M28VaVvHuFVZ4jSoqwJ1-WVM6SnlKIYHlfus01zWZWJ9KPpsq-7nQV630_07GKmO-5rMHgsWMSA6Dx3ZxuUMJpuwU4_QeQL2gtKhC7kxJGyzA-aW2yTq8wWZyjbY:1pklAk:0MnTjkftxN6niD8DaQXlcO24NvV6b4m8XP7y77BS93c','2023-04-21 12:26:30.888496'),('mlb2k2r0j7azmdrjk5tda3del7jg93ya','.eJxVjMEOgjAQRP-lZ9N0KWxbj975hma3bAU1JaFwMv67kHDQOb55M28VaVvHuFVZ4jSoqwJ1-WVM6SnlKIYHlfus01zWZWJ9KPpsq-7nQV630_07GKmO-5rMHgsWMSA6Dx3ZxuUMJpuwU4_QeQL2gtKhC7kxJGyzA-aW2yTq8wWZyjbY:1ps147:R9jNcDe-nr3dSy635KWosdRts6bruvp38ymyJbpczNQ','2023-05-11 12:49:39.017499'),('mnsc7juts0gapzabpsxd63unqz3in7l0','.eJxVjDsOwyAQBe9CHSHzNaRM7zMgdheCkwgkY1dR7h5bcpG0b2bem4W4rSVsPS1hJnZlSkp2-V0h4jPVA9Ej1nvj2Oq6zMAPhZ-086lRet1O9--gxF72Wgw-G_IEFgjBmywpaQCE0WTKfiCL6LQTVqHV0Yw7FlmQ0p6c8yKzzxdh3TlA:1pqdyo:byyzcYWiXfU0NPFh8GOA1Xumkw936xbTudQQSn3E8ZY','2023-05-07 17:58:30.503250'),('mqisw1k3u0vypne4jh0tzrhl2vvt5yao','.eJxVjDsOwjAQBe_iGlkYf1hT0nMGa3ftxQHkSHFSIe5OIqWAdmbee6uEy1zT0suUhqwuKoA6_EJCfpa2mfzAdh81j22eBtJbonfb9W3M5XXd27-Dir2uawDPINEgRiM-ROtNLs5aZ1YQgekE4i3iWZgloFBG55COEUJxHkl9vgwTOKw:1pkqOJ:AgJAugqOHOtRCsSfEDbFOHxh4to5QutheswoB8c7YfQ','2023-04-21 18:00:51.014046'),('mt0kmg945zcqhclt0t072iasrbci5gew','.eJxVjDsOwyAQBe9CHSHzNaRM7zMgdheCkwgkY1dR7h5bcpG0b2bem4W4rSVsPS1hJnZlSkp2-V0h4jPVA9Ej1nvj2Oq6zMAPhZ-086lRet1O9--gxF72Wgw-G_IEFgjBmywpaQCE0WTKfiCL6LQTVqHV0Yw7FlmQ0p6c8yKzzxdh3TlA:1pnXol:jKVPm7ZnC0_giJeFjAHWaUi9W00oWcCYJ_4ahk070Bo','2023-04-29 04:47:19.205159'),('mujrc5bicfyh6erfvgz87es0ti02hvas','.eJxVjDsOwyAQBe9CHSHzNaRM7zMgdheCkwgkY1dR7h5bcpG0b2bem4W4rSVsPS1hJnZlSkp2-V0h4jPVA9Ej1nvj2Oq6zMAPhZ-086lRet1O9--gxF72Wgw-G_IEFgjBmywpaQCE0WTKfiCL6LQTVqHV0Yw7FlmQ0p6c8yKzzxdh3TlA:1po1R2:e1QmE60lFzXstTj9IGXiveyj5vGVHsAUXZoSsjoK6-Q','2023-04-30 12:24:48.456697'),('muqonvqqsz8ooag1g104fi8h5yntc7ri','.eJxVjDsOwyAQBe9CHSHzNaRM7zMgdheCkwgkY1dR7h5bcpG0b2bem4W4rSVsPS1hJnZlSkp2-V0h4jPVA9Ej1nvj2Oq6zMAPhZ-086lRet1O9--gxF72Wgw-G_IEFgjBmywpaQCE0WTKfiCL6LQTVqHV0Yw7FlmQ0p6c8yKzzxdh3TlA:1pnLdh:FAYCiqXsE7Y55ZXP4ay5H8BvnI1nFPt4xADb4XMeheU','2023-04-28 15:47:05.268420'),('mvwq5oky6i48ztzwvlpla4itidinclua','.eJxVjMEOgjAQRP-lZ9N0KWxbj975hma3bAU1JaFwMv67kHDQOb55M28VaVvHuFVZ4jSoqwJ1-WVM6SnlKIYHlfus01zWZWJ9KPpsq-7nQV630_07GKmO-5rMHgsWMSA6Dx3ZxuUMJpuwU4_QeQL2gtKhC7kxJGyzA-aW2yTq8wWZyjbY:1pqfGe:dPWYvbgurayxhdwE0fKLDvPRHMWnK2AJ-b8svTn11vo','2023-05-07 19:21:00.220003'),('mwixksph5254z9m6px9dyg90wgkle3jb','.eJxVjDsOwyAQBe9CHSHzNaRM7zMgdheCkwgkY1dR7h5bcpG0b2bem4W4rSVsPS1hJnZlSkp2-V0h4jPVA9Ej1nvj2Oq6zMAPhZ-086lRet1O9--gxF72Wgw-G_IEFgjBmywpaQCE0WTKfiCL6LQTVqHV0Yw7FlmQ0p6c8yKzzxdh3TlA:1pngGI:tyOTnxC4MVxN8M1YWy3AkMtHPwfK37FRcYPCo-iZf7k','2023-04-29 13:48:18.156070'),('mxl3er6p1gsjktzhmwvbqcxwi3ap9ude','.eJxVjMEOgjAQRP-lZ9N0KWxbj975hma3bAU1JaFwMv67kHDQOb55M28VaVvHuFVZ4jSoqwJ1-WVM6SnlKIYHlfus01zWZWJ9KPpsq-7nQV630_07GKmO-5rMHgsWMSA6Dx3ZxuUMJpuwU4_QeQL2gtKhC7kxJGyzA-aW2yTq8wWZyjbY:1pkoyW:2ohLfdFqlxe_Adp2IdLL41EcTIzx7_5_dQiGGk-MoWw','2023-04-21 16:30:08.850898'),('n0gc11pvl2p14iul95i3azze7ud3l150','.eJxVjEEOwiAQRe_C2hAKOIBL9z0DGYapVA0kpV0Z765NutDtf-_9l4i4rSVunZc4Z3ERRmtx-l0T0oPrjvId661JanVd5iR3RR60y7Flfl4P9--gYC_fOmXFOGVj0ZN2QUNwnsOgzAAe6WwCeKV0ADbBIdsMAGQnz6TAgVEk3h8gDTeR:1pmboH:vLx6oCTEZFI010suUjmlz3GofiBDGHKKaBj7sGKHzDU','2023-04-26 14:50:57.657266'),('n0lg27tj9ne1wgiz9nartkd2vjor0y79','.eJxVjDsOwyAQBe9CHSHzNaRM7zMgdheCkwgkY1dR7h5bcpG0b2bem4W4rSVsPS1hJnZlSkp2-V0h4jPVA9Ej1nvj2Oq6zMAPhZ-086lRet1O9--gxF72Wgw-G_IEFgjBmywpaQCE0WTKfiCL6LQTVqHV0Yw7FlmQ0p6c8yKzzxdh3TlA:1pndCG:Adzu1K2lq8XPbcVRd6OGjHndUTSHzHBTKfUB6XFgbJU','2023-04-29 10:31:56.715150'),('n1xgu8ijnwxmi96g6r9gglmtsn07f54d','.eJxVjDsOwjAQBe_iGlm2418o6XMGa9e74ACypTipEHeHSCmgfTPzXiLBtpa0dV7STOIsfBSn3xEhP7juhO5Qb03mVtdlRrkr8qBdTo34eTncv4MCvXxrJOVHh1cwRvmINjDyQIZD9I7BsKNgA-ocgMniiKBAa7Yaguc8oBPvDydlOO4:1ppRt2:qFXKRifxCWkkJvgi0zVrcRcLlC2Ef9XfL_gn-OFDRVU','2023-05-04 10:51:36.113548'),('n36tyrwzfssh8eo2qofeqmbwi8hyet9v','.eJxVjEEOwiAQRe_C2hAKOIBL9z0DGYapVA0kpV0Z765NutDtf-_9l4i4rSVunZc4Z3ERRmtx-l0T0oPrjvId661JanVd5iR3RR60y7Flfl4P9--gYC_fOmXFOGVj0ZN2QUNwnsOgzAAe6WwCeKV0ADbBIdsMAGQnz6TAgVEk3h8gDTeR:1pn1C7:kM1GPWhaSO_-ZAjwdyaTsgvU_xhMAeHCyoyGLyDLHDs','2023-04-27 17:57:15.676019'),('n6lairhmye8d0cv7x67w4gq3eqcuwiz4','.eJxVjLsOAiEQAP-F2hBYeVra-w1kYRc5NVxyj8r474bkCm1nJvMWCfetpX3lJU0kLuIMIE6_NGN5ch-KHtjvsyxz35Ypy5HIw67yNhO_rkf7N2i4tjHWMXiA6LSNmSM4Cj4oCwxBO0PKoK9excqK2HnNRA5tAVVLKJzRiM8X90c36w:1pnJ6F:CeAgNXCvsUJSKyfxFa47Eyt8kXpfKOal4rWD4Vkn7Zg','2023-04-28 13:04:23.786566'),('n91zy2o7a79jmjz2duelvj5sv12ooczl','.eJxVjDsOwjAQBe_iGlkYf1hT0nMGa3ftxQHkSHFSIe5OIqWAdmbee6uEy1zT0suUhqwuKoA6_EJCfpa2mfzAdh81j22eBtJbonfb9W3M5XXd27-Dir2uawDPINEgRiM-ROtNLs5aZ1YQgekE4i3iWZgloFBG55COEUJxHkl9vgwTOKw:1pl1iH:6EAYHoNKG_ATRFCJUMcPvIeiS97TeFjnBJE1hANXn-U','2023-04-22 06:06:13.699773'),('navq29rq3lkmo48zw2azpykx72vs4ca2','.eJxVjMEOgjAQRP-lZ9N0KWxbj975hma3bAU1JaFwMv67kHDQOb55M28VaVvHuFVZ4jSoqwJ1-WVM6SnlKIYHlfus01zWZWJ9KPpsq-7nQV630_07GKmO-5rMHgsWMSA6Dx3ZxuUMJpuwU4_QeQL2gtKhC7kxJGyzA-aW2yTq8wWZyjbY:1pqt8V:Mh7-RC09vBiATUeBximW6964QJVY01bhtu1jzY29MC0','2023-05-08 10:09:31.451743'),('ndywbjnvn06h1nh1kf2gakjclpscb47y','.eJxVjMEOgjAQRP-lZ9N0KWxbj975hma3bAU1JaFwMv67kHDQOb55M28VaVvHuFVZ4jSoqwJ1-WVM6SnlKIYHlfus01zWZWJ9KPpsq-7nQV630_07GKmO-5rMHgsWMSA6Dx3ZxuUMJpuwU4_QeQL2gtKhC7kxJGyzA-aW2yTq8wWZyjbY:1pkoxa:kISSHBz_GFzZ-AW42K8MxrhH71e8ik2twQscYE_stgo','2023-04-21 16:29:10.334134'),('ng6hv5lxe56cifxl2riaezrn4k3nlito','e30:1pfhN5:BxxAWE-1hBCXubnM5fHTW6sT8KtKnC9WDR7hr03muKE','2023-04-07 13:22:19.176349'),('niris30j7myfchfta1rpwy7jyg2877ne','.eJxVjMEOgjAQRP-lZ9N0KWxbj975hma3bAU1JaFwMv67kHDQOb55M28VaVvHuFVZ4jSoqwJ1-WVM6SnlKIYHlfus01zWZWJ9KPpsq-7nQV630_07GKmO-5rMHgsWMSA6Dx3ZxuUMJpuwU4_QeQL2gtKhC7kxJGyzA-aW2yTq8wWZyjbY:1pklgU:u1fFeIs8usd-eoWq1LR88GTkT82Bobx5NbVBb5bK7ug','2023-04-21 12:59:18.992896'),('nlixxuzwtg9qcmfbpxm56t668x3gvkxp','.eJxVjDsOwyAQBe9CHSHzNaRM7zMgdheCkwgkY1dR7h5bcpG0b2bem4W4rSVsPS1hJnZlSkp2-V0h4jPVA9Ej1nvj2Oq6zMAPhZ-086lRet1O9--gxF72Wgw-G_IEFgjBmywpaQCE0WTKfiCL6LQTVqHV0Yw7FlmQ0p6c8yKzzxdh3TlA:1pnM3S:qS7NuMlZ2uj14pID8EvJQe-bqL3pY-3Qq3fDR55OOMw','2023-04-28 16:13:42.121970'),('nmxcr2pelwj7xzvxdnx21jmdn4ynief6','.eJxVjDsOwyAQBe9CHSHzNaRM7zMgdheCkwgkY1dR7h5bcpG0b2bem4W4rSVsPS1hJnZlSkp2-V0h4jPVA9Ej1nvj2Oq6zMAPhZ-086lRet1O9--gxF72Wgw-G_IEFgjBmywpaQCE0WTKfiCL6LQTVqHV0Yw7FlmQ0p6c8yKzzxdh3TlA:1pnbhb:J8KIqN-gzVvsEQW0yEqLsVm8u3D9WKHBRzJR1Q-qBNs','2023-04-29 08:56:11.089226'),('nn672c9c8aribcfsvlsnwoccjrbyj9az','.eJxVjMEOgjAQRP-lZ9N0KWxbj975hma3bAU1JaFwMv67kHDQOb55M28VaVvHuFVZ4jSoqwJ1-WVM6SnlKIYHlfus01zWZWJ9KPpsq-7nQV630_07GKmO-5rMHgsWMSA6Dx3ZxuUMJpuwU4_QeQL2gtKhC7kxJGyzA-aW2yTq8wWZyjbY:1pkjKn:34plOgun1hpp9uAPFLRMGbqa3AL44x4r_AvV0c7GYz0','2023-04-21 10:28:45.831723'),('nrdh2q6fdcf2hya1nind0k529bnc68qq','.eJxVjMEOgjAQRP-lZ9N0KWxbj975hma3bAU1JaFwMv67kHDQOb55M28VaVvHuFVZ4jSoqwJ1-WVM6SnlKIYHlfus01zWZWJ9KPpsq-7nQV630_07GKmO-5rMHgsWMSA6Dx3ZxuUMJpuwU4_QeQL2gtKhC7kxJGyzA-aW2yTq8wWZyjbY:1pkjSq:upYlPrE_tDdDXMDBEsSIcDRL-jeZ1AGajW2UWGsowbM','2023-04-21 10:37:04.375974'),('nrxs1hhsttlbak7bdzqphiix7g167m9e','.eJxVjMEOgjAQRP-lZ9N0KWxbj975hma3bAU1JaFwMv67kHDQOb55M28VaVvHuFVZ4jSoqwJ1-WVM6SnlKIYHlfus01zWZWJ9KPpsq-7nQV630_07GKmO-5rMHgsWMSA6Dx3ZxuUMJpuwU4_QeQL2gtKhC7kxJGyzA-aW2yTq8wWZyjbY:1pkQZ3:li30ZJs2GqZbNsEM-Pe-CjGMteqRdkoKqshk0o-51-Q','2023-04-20 14:26:13.266812'),('nsa2qlal5295fpl3g7umsnsotcxyzaya','.eJxVjMEOgjAQRP-lZ9N0KWxbj975hma3bAU1JaFwMv67kHDQOb55M28VaVvHuFVZ4jSoqwJ1-WVM6SnlKIYHlfus01zWZWJ9KPpsq-7nQV630_07GKmO-5rMHgsWMSA6Dx3ZxuUMJpuwU4_QeQL2gtKhC7kxJGyzA-aW2yTq8wWZyjbY:1pkMkz:yGnb1Y9DIZPzvUveg7zdr7xSQD7ovqPDyCDqR-y6Brc','2023-04-20 10:22:17.542393'),('nt8pzq2vlxd1c1gijledo7xjil5xhk7m','.eJxVjMEOgjAQRP-lZ9N0KWxbj975hma3bAU1JaFwMv67kHDQOb55M28VaVvHuFVZ4jSoqwJ1-WVM6SnlKIYHlfus01zWZWJ9KPpsq-7nQV630_07GKmO-5rMHgsWMSA6Dx3ZxuUMJpuwU4_QeQL2gtKhC7kxJGyzA-aW2yTq8wWZyjbY:1pkhK4:zxmwKEsNzZsEIFUcQXCFjdUkeyUi8aH4Nv6svZO3TvA','2023-04-21 08:19:52.205124'),('nx6n053yixuhdboy3aqq0aj6n7vqzx6z','e30:1pkLJp:QiEHNO2JfeHgHPjvFBIsVGXKstz4i-dJn4d5_fQujdc','2023-04-20 08:50:09.297305'),('nzrswfhrnxmk1ahu9jdv5w7u8z4n6qnq','e30:1pfhOA:rQFs52jjv5DRRHv1r0Ja0v2h8YNVLBpJpQ44UsISjdk','2023-04-07 13:23:26.994763'),('o0csdrznhrui3nmfernvtq60pzz7bq33','.eJxVjDsOwyAQBe9CHSHzNaRM7zMgdheCkwgkY1dR7h5bcpG0b2bem4W4rSVsPS1hJnZlSkp2-V0h4jPVA9Ej1nvj2Oq6zMAPhZ-086lRet1O9--gxF72Wgw-G_IEFgjBmywpaQCE0WTKfiCL6LQTVqHV0Yw7FlmQ0p6c8yKzzxdh3TlA:1pncST:ExYVeQzJQPobC_mzm3yVtxhARN_qk9u0CV_I_GsxV64','2023-04-29 09:44:37.220705'),('o0gv1jxw3rcq2flmjcosdfl1ouu6px5o','.eJxVjEEOwiAQRe_C2hAKOIBL9z0DGYapVA0kpV0Z765NutDtf-_9l4i4rSVunZc4Z3ERRmtx-l0T0oPrjvId661JanVd5iR3RR60y7Flfl4P9--gYC_fOmXFOGVj0ZN2QUNwnsOgzAAe6WwCeKV0ADbBIdsMAGQnz6TAgVEk3h8gDTeR:1pmzSv:fRh6oJaHqHQ7MZA78ZWx8BpXnGUgMhX53OwO6hiFAwk','2023-04-27 16:06:29.368834'),('o1jg3j0gaesla8kjneubbdctlig509bg','.eJxVjDsOwjAQBe_iGlkYf1hT0nMGa3ftxQHkSHFSIe5OIqWAdmbee6uEy1zT0suUhqwuKoA6_EJCfpa2mfzAdh81j22eBtJbonfb9W3M5XXd27-Dir2uawDPINEgRiM-ROtNLs5aZ1YQgekE4i3iWZgloFBG55COEUJxHkl9vgwTOKw:1pl1kD:vERj4_u2Q74_H8rHv_aNRVk0mE2QIOghs5KD8q-krR0','2023-04-22 06:08:13.177206'),('o1odkah2necc98318wysyqvov78zo3xm','.eJxVjMEOgjAQRP-lZ9N0KWxbj975hma3bAU1JaFwMv67kHDQOb55M28VaVvHuFVZ4jSoqwJ1-WVM6SnlKIYHlfus01zWZWJ9KPpsq-7nQV630_07GKmO-5rMHgsWMSA6Dx3ZxuUMJpuwU4_QeQL2gtKhC7kxJGyzA-aW2yTq8wWZyjbY:1pqt2P:B-QJfO_DbhqnAOM8urbWPrsoCo9LsF43H7Ahi5SBEOk','2023-05-08 10:03:13.265999'),('o2zp92xhlniyyecng1ile8kthpyqza0m','.eJxVjDsOwyAQBe9CHSHzNaRM7zMgdheCkwgkY1dR7h5bcpG0b2bem4W4rSVsPS1hJnZlSkp2-V0h4jPVA9Ej1nvj2Oq6zMAPhZ-086lRet1O9--gxF72Wgw-G_IEFgjBmywpaQCE0WTKfiCL6LQTVqHV0Yw7FlmQ0p6c8yKzzxdh3TlA:1pnLkR:qs9PR9P7evzp_DOvQFx5ywWWlkDnR9sI8ZcLw_Axfqw','2023-04-28 15:54:03.683820'),('o53r9xgbbchimu9f090kjydpeaejmki1','.eJxVjEEOgjAQRe_StWk6SBnq0j1naKYzU4saSCisjHdXEha6_e-9_zKRtrXEreoSRzEXA-jN6XdNxA-ddiR3mm6z5XlalzHZXbEHrXaYRZ_Xw_07KFTLt3ZNpiQBsndN25FK0zrnE3II2ErIwIgsnc_gVLOAngEwJe4ZFan35v0BOuE4zg:1pr02B:nB1HyHVWuz2kgCLIPGf0tLyVsg8SOWJ7pum2ZdwheGU','2023-05-08 17:31:27.799488'),('o5n0xrpsw584qqxxd1uiu2496j823sv5','.eJxVjDsOwyAQBe9CHSHzNaRM7zMgdheCkwgkY1dR7h5bcpG0b2bem4W4rSVsPS1hJnZlSkp2-V0h4jPVA9Ej1nvj2Oq6zMAPhZ-086lRet1O9--gxF72Wgw-G_IEFgjBmywpaQCE0WTKfiCL6LQTVqHV0Yw7FlmQ0p6c8yKzzxdh3TlA:1pnLSX:8TjRzVlxMwWaSmWwVNLTQOvtCTehW6rxtZQgY-0m52w','2023-04-28 15:35:33.288257'),('o7lq0v6mku5qt2ouxfdq919f2e74u26b','.eJxVjEEOwiAQRe_C2hAKOIBL9z0DGYapVA0kpV0Z765NutDtf-_9l4i4rSVunZc4Z3ERRmtx-l0T0oPrjvId661JanVd5iR3RR60y7Flfl4P9--gYC_fOmXFOGVj0ZN2QUNwnsOgzAAe6WwCeKV0ADbBIdsMAGQnz6TAgVEk3h8gDTeR:1pnEtu:GSG_vhEpdD8WhXNyABUIxCDEB4bjTJ2rwzAq0f_Vfrs','2023-04-28 08:35:22.940138'),('o8zklw4pzll9vep91smmx5qwjsd7cgf5','.eJxVjDsOwjAQBe_iGlkYf1hT0nMGa3ftxQHkSHFSIe5OIqWAdmbee6uEy1zT0suUhqwuKoA6_EJCfpa2mfzAdh81j22eBtJbonfb9W3M5XXd27-Dir2uawDPINEgRiM-ROtNLs5aZ1YQgekE4i3iWZgloFBG55COEUJxHkl9vgwTOKw:1pkpxN:9K_xfCW_N8b2ZtDumJE-KVI7UWmq_gpiaNyXorWLBdI','2023-04-21 17:33:01.024521'),('o98y1k2wrrc6jauu1bdq5vpmvyltagws','.eJxVjMEOgjAQRP-lZ9N0KWxbj975hma3bAU1JaFwMv67kHDQOb55M28VaVvHuFVZ4jSoqwJ1-WVM6SnlKIYHlfus01zWZWJ9KPpsq-7nQV630_07GKmO-5rMHgsWMSA6Dx3ZxuUMJpuwU4_QeQL2gtKhC7kxJGyzA-aW2yTq8wWZyjbY:1pkpUE:JpheYHsGvroNz0s5kxMod6b75tBkqOljlO6cFdBzZdU','2023-04-21 17:02:54.894982'),('o9qwkvyoopxjdv372fswg6alvnnivr97','.eJxVjMEOwiAQRP-FsyHCIiwevfcbCOyCVA1NSnsy_rtt0oPeJvPezFuEuC41rD3PYWRxFWBAnH7bFOmZ2474Edt9kjS1ZR6T3BV50C6HifPrdrh_BzX2uq1zMmh1RsXE5K3xFrZAJmnUgJ7BFFakkbPDMzgqBJcS0aqUlDIOxecLQP04fQ:1prEYB:N5s3twwqXVOiVjB3DbyK7zHMo6UQn-6ZjVtJ45iY6EY','2023-05-09 09:01:27.088794'),('oahjj684tclygwexzfkok8eztce3lzkt','.eJxVjMEOgjAQRP-lZ9N0KWxbj975hma3bAU1JaFwMv67kHDQOb55M28VaVvHuFVZ4jSoqwJ1-WVM6SnlKIYHlfus01zWZWJ9KPpsq-7nQV630_07GKmO-5rMHgsWMSA6Dx3ZxuUMJpuwU4_QeQL2gtKhC7kxJGyzA-aW2yTq8wWZyjbY:1pkQ9D:_vlaeI2CxuSlSEbaai-39rm1g1NjdpW7f015k5R76Wk','2023-04-20 13:59:31.769738'),('oap3voeuu8tepwhawk7xu7rgiiobr13l','.eJxVjDsOwjAQBe_iGlm2418o6XMGa9e74ACypTipEHeHSCmgfTPzXiLBtpa0dV7STOIsfBSn3xEhP7juhO5Qb03mVtdlRrkr8qBdTo34eTncv4MCvXxrJOVHh1cwRvmINjDyQIZD9I7BsKNgA-ocgMniiKBAa7Yaguc8oBPvDydlOO4:1pqwPw:-2bGX27oIoX1A45WGNeqEGIvclO791H8Rcyikx982WA','2023-05-08 13:39:44.833562'),('of2wwafc3b568mjcvllvimsxqba8fkle','.eJxVjMEOgjAQRP-lZ9N0KWxbj975hma3bAU1JaFwMv67kHDQOb55M28VaVvHuFVZ4jSoqwJ1-WVM6SnlKIYHlfus01zWZWJ9KPpsq-7nQV630_07GKmO-5rMHgsWMSA6Dx3ZxuUMJpuwU4_QeQL2gtKhC7kxJGyzA-aW2yTq8wWZyjbY:1pshaR:3y_1vVRkel7QnRMgS_EV4oZxO3jUQ5vTW_ADy8-Ww7E','2023-05-13 10:13:51.288924'),('oghnk5tes40phjmvm2pnnlvs2rtq9rl1','.eJxVjEEOgjAQRe_StWnGzgCtS_eegcx0iqCmTSisjHcXEha6fe_9_zY9r8vYrzXN_aTmYtA5c_qlwvGZ8q70wflebCx5mSexe2IPW-2taHpdj_bvYOQ6bmuHpBJ08JogNDp04lS7gL7FDXMQ8gCCANQ6YIwYsKUUPch5YGrIfL40czgE:1pnJ7W:qbyXkQvN3N06IrGJ84oBMuVm4M2dVfa1txAUvuK--vw','2023-04-28 13:05:42.558245'),('oi92pjsr1a84y4pbwrf4hk078qgcpu0k','.eJxVjE0OwiAYBe_C2hCgIODSvWcg3w-VqoGktCvj3W2TLnQ7M--9RYJ1KWnteU4Ti4vQbhCnX4pAz1x3xQ-o9yap1WWeUO6JPGyXt8b5dT3av4MCvWxrcjFE0gPCebTMioy17BUDbSB6RcgW9agjIWSDHDAGM0THqIP1COLzBVM5OVQ:1prEwD:5rr_sjqEd-2wNuqZNqOcN0sJPqgyMaNr6eDBZhoLNNI','2023-05-09 09:26:17.678918'),('ov02ae2hf7riajibnnflcs9yjk674isn','.eJxVjEEOwiAQRe_C2hA6QAWX7nsGMsOMUjU0Ke3KeHfbpAvd_vfef6uE61LS2mROI6uLsjao0-9KmJ9Sd8QPrPdJ56ku80h6V_RBmx4mltf1cP8OCray1RGs7YRcYLGBnUMEFGcCRE_CmNFR7G9mc8T72BOANVGETZeZ4OzU5ws41ziO:1prEmj:R8H_e8I5Y5xNnrrjs70UCWao_Sv6MFH4tRBh_3NhRSw','2023-05-09 09:16:29.481026'),('ov1yat27qhz77woyhwvgc5wruxucwtb4','.eJxVjMEOgjAQRP-lZ9N0KWxbj975hma3bAU1JaFwMv67kHDQOb55M28VaVvHuFVZ4jSoqwJ1-WVM6SnlKIYHlfus01zWZWJ9KPpsq-7nQV630_07GKmO-5rMHgsWMSA6Dx3ZxuUMJpuwU4_QeQL2gtKhC7kxJGyzA-aW2yTq8wWZyjbY:1pkQgx:Nh4teALETbkkxHLr6DFFdlNryoric8iKNKGAGalNhrY','2023-04-20 14:34:23.219008'),('ownsxphq42wy32ajwfqq1el4ochb48qm','.eJxVjDsOwjAQBe_iGlm2418o6XMGa9e74ACypTipEHeHSCmgfTPzXiLBtpa0dV7STOIsfBSn3xEhP7juhO5Qb03mVtdlRrkr8qBdTo34eTncv4MCvXxrJOVHh1cwRvmINjDyQIZD9I7BsKNgA-ocgMniiKBAa7Yaguc8oBPvDydlOO4:1ppmnI:SfYrt5evko4fwIoI3BVwT3llg6UBWT3udquyXNyS71E','2023-05-05 09:11:04.956430'),('owsh16dma5d5bnwi5uiia0thj1uidtiz','.eJxVjMEOgjAQRP-lZ9N0KWxbj975hma3bAU1JaFwMv67kHDQOb55M28VaVvHuFVZ4jSoqwJ1-WVM6SnlKIYHlfus01zWZWJ9KPpsq-7nQV630_07GKmO-5rMHgsWMSA6Dx3ZxuUMJpuwU4_QeQL2gtKhC7kxJGyzA-aW2yTq8wWZyjbY:1pk5zI:oln19Lnz67EYBNJ-xHQ5PlNHm5LOykvLQuEUS-Co47c','2023-04-19 16:27:56.870650'),('oyiep91vdg8md0etf146g97qlix382nr','.eJxVjEEOwiAQRe_C2hBoZQZcuu8ZyAwMtmpKUtqV8e7apAvd_vfef6lI2zrGrckSp6wuCr06_Y5M6SHzTvKd5lvVqc7rMrHeFX3Qpoea5Xk93L-Dkdr4reVMACR93wGCz8iBIQARJkQLRkIyTME4a8UWX5xxzpXkAxUB7hjV-wMIdTgj:1poo6k:BEKslGrgeJKxDcwFcd8W6WNOf9VYmyyDQSaSx7Dknok','2023-05-02 16:23:06.147543'),('ozdpffgxfbyes5mizi9szkzwcuq0kpkz','.eJxVjMEOgjAQRP-lZ9N0KWxbj975hma3bAU1JaFwMv67kHDQOb55M28VaVvHuFVZ4jSoqwJ1-WVM6SnlKIYHlfus01zWZWJ9KPpsq-7nQV630_07GKmO-5rMHgsWMSA6Dx3ZxuUMJpuwU4_QeQL2gtKhC7kxJGyzA-aW2yTq8wWZyjbY:1pkUkx:goU0VbfGNJFAq7_SmxJFX8sdmQ0_i053FDfnB6IF3R8','2023-04-20 18:54:47.139703'),('ozy0sep3ggi0ruhhpwdustet31oku7dz','.eJxVjDsOwyAQBe9CHSHzNaRM7zMgdheCkwgkY1dR7h5bcpG0b2bem4W4rSVsPS1hJnZlSkp2-V0h4jPVA9Ej1nvj2Oq6zMAPhZ-086lRet1O9--gxF72Wgw-G_IEFgjBmywpaQCE0WTKfiCL6LQTVqHV0Yw7FlmQ0p6c8yKzzxdh3TlA:1po0Mw:AaBdVFmEG9iKv3I17pKZaAgiqOsHlohiE6aExWQ_D_I','2023-04-30 11:16:30.915766'),('p0ab0n3musf76hhkakruxglq6uk0682g','e30:1pffHs:LSYlKuKNAkC8D_tKf6hxtkY59U_5Y1E_3nCBi8MGGJQ','2023-04-07 11:08:48.510902'),('p0mx0b44vo7vfcyi2zufbino0xj2lr2p','.eJxVjMEOgjAQRP-lZ9N0KWxbj975hma3bAU1JaFwMv67kHDQOb55M28VaVvHuFVZ4jSoqwJ1-WVM6SnlKIYHlfus01zWZWJ9KPpsq-7nQV630_07GKmO-5rMHgsWMSA6Dx3ZxuUMJpuwU4_QeQL2gtKhC7kxJGyzA-aW2yTq8wWZyjbY:1pklHp:Bu_rF4vRSlXTnJrhnZn95vAI1hQv2U3En9_GwmuJhMI','2023-04-21 12:33:49.640524'),('p26c44olxlmeyqptvtquo10708yfjlgl','.eJxVjMEOgjAQRP-lZ9N0KWxbj975hma3bAU1JaFwMv67kHDQOb55M28VaVvHuFVZ4jSoqwJ1-WVM6SnlKIYHlfus01zWZWJ9KPpsq-7nQV630_07GKmO-5rMHgsWMSA6Dx3ZxuUMJpuwU4_QeQL2gtKhC7kxJGyzA-aW2yTq8wWZyjbY:1pkqRz:FJIbfQNRRPdyIjE2wLnB6yBcmGBzeznzuj7_Hr-0JHY','2023-04-21 18:04:39.328728'),('p4aqrhyu2djjqq5lksqpuosoz548myv7','.eJxVjEEOwiAQRe_C2hAKOIBL9z0DGYapVA0kpV0Z765NutDtf-_9l4i4rSVunZc4Z3ERRmtx-l0T0oPrjvId661JanVd5iR3RR60y7Flfl4P9--gYC_fOmXFOGVj0ZN2QUNwnsOgzAAe6WwCeKV0ADbBIdsMAGQnz6TAgVEk3h8gDTeR:1pmbYW:u4ImwxyWWgQPjDiO5ciix5bIjDq-63_a3YYpGRteOdI','2023-04-26 14:34:40.706913'),('p55iaido3l4ml03mhz150noe5qh7g2jz','.eJxVjDsOwjAQBe_iGlm2418o6XMGa9e74ACypTipEHeHSCmgfTPzXiLBtpa0dV7STOIsfBSn3xEhP7juhO5Qb03mVtdlRrkr8qBdTo34eTncv4MCvXxrJOVHh1cwRvmINjDyQIZD9I7BsKNgA-ocgMniiKBAa7Yaguc8oBPvDydlOO4:1pooT7:ajcGhXYZ8ano9kITgtho-ffEDpd6X7-mcrLqJTM4UBg','2023-05-02 16:46:13.666794'),('p96elavpcjsel7a0c5tu52s4nlh8v89r','.eJxVjDsOwyAQBe9CHSHzNaRM7zMgdheCkwgkY1dR7h5bcpG0b2bem4W4rSVsPS1hJnZlSkp2-V0h4jPVA9Ej1nvj2Oq6zMAPhZ-086lRet1O9--gxF72Wgw-G_IEFgjBmywpaQCE0WTKfiCL6LQTVqHV0Yw7FlmQ0p6c8yKzzxdh3TlA:1pnfOB:c9ZMzCyXpj85SBWCVJI1UgpNM2Yq6CIxwjQqAPp-ZE8','2023-04-29 12:52:23.371158'),('p9oica8h07ymhifwrk6f5y6m3q1nlj6q','.eJxVjMsKwyAQAP_Fc5E1u4r22Hu_QVZXa9qSQB6n0H8vQg7tdWaYQ0Xetxb3tSxxFHVVOFh1-aWJ86tMXcmTp8es8zxty5h0T_RpV32fpbxvZ_s3aLy2PmZKkDwBJApOIDgDAQt48hYcURYk9FQxB6yVUMBkGchYysWwH9TnC_phNwc:1polau:R_p0geGnxp4GVdQ98KnXowBIRN-PTXseQgdFshHIYQU','2023-05-02 13:42:04.943328'),('pc643p3dom2wy7vnqa62fmfdlpeu7h2c','.eJxVjDsOwyAQBe9CHSHzNaRM7zMgdheCkwgkY1dR7h5bcpG0b2bem4W4rSVsPS1hJnZlSkp2-V0h4jPVA9Ej1nvj2Oq6zMAPhZ-086lRet1O9--gxF72Wgw-G_IEFgjBmywpaQCE0WTKfiCL6LQTVqHV0Yw7FlmQ0p6c8yKzzxdh3TlA:1pnLFi:8IaiwqRqu1xfku2MGps8LoQoT_QbjdPSPcdkRDUTCRQ','2023-04-28 15:22:18.524542'),('pcywjft8q1hd3y9o67na1sdiyb507knl','.eJxVjMEOgjAQRP-lZ9N0KWxbj975hma3bAU1JaFwMv67kHDQOb55M28VaVvHuFVZ4jSoqwJ1-WVM6SnlKIYHlfus01zWZWJ9KPpsq-7nQV630_07GKmO-5rMHgsWMSA6Dx3ZxuUMJpuwU4_QeQL2gtKhC7kxJGyzA-aW2yTq8wWZyjbY:1pknvA:XA5Kef6iddzRBEgA2nI3_HpRVV3kVJHhCDJB9fCRYYc','2023-04-21 15:22:36.769385'),('pf6rui3dsex88y7rjx8z6r0d84srpacc','.eJxVjEEOwiAQRe_C2hAKOIBL9z0DGYapVA0kpV0Z765NutDtf-_9l4i4rSVunZc4Z3ERRmtx-l0T0oPrjvId661JanVd5iR3RR60y7Flfl4P9--gYC_fOmXFOGVj0ZN2QUNwnsOgzAAe6WwCeKV0ADbBIdsMAGQnz6TAgVEk3h8gDTeR:1pnFYy:CuwK3vjB1jepgaTeB8VspvSujwA950MDU3Fkga8Pwz8','2023-04-28 09:17:48.569108'),('pgiw1p4z68xm1gzibjenzwcade0qpx90','.eJxVjEsOwjAMBe-SNYrSWPmYJXvOEDm2SwuolZp2hbg7VOoCtm9m3ssU2tahbE2XMoo5my4mc_pdK_FDpx3JnabbbHme1mWsdlfsQZu9zqLPy-H-HQzUhm_ticQJVowgpMnnzKwVIVIngBRD8JBrcuwlBlZQ5T6D6x3mkBHQvD9LlDiE:1prF5j:QkNd-NEYFHyWTZ344RUv30ARa7XwLSrqIbBQX4FYVdo','2023-05-09 09:36:07.631837'),('phvv75j1mkscjj30zm882upajj9x0h3k','.eJxVjMEOgjAQRP-lZ9N0KWxbj975hma3bAU1JaFwMv67kHDQOb55M28VaVvHuFVZ4jSoqwJ1-WVM6SnlKIYHlfus01zWZWJ9KPpsq-7nQV630_07GKmO-5rMHgsWMSA6Dx3ZxuUMJpuwU4_QeQL2gtKhC7kxJGyzA-aW2yTq8wWZyjbY:1pksZ2:-LeSYN4Fo7m-7uOZuBX59SWm5zRyM9mf6NuZvOSp5W4','2023-04-21 20:20:04.223858'),('pmm3vkgaj550tug77jty1j7ik53ubkyk','.eJxVjMEOgjAQRP-lZ9N0KWxbj975hma3bAU1JaFwMv67kHDQOb55M28VaVvHuFVZ4jSoqwJ1-WVM6SnlKIYHlfus01zWZWJ9KPpsq-7nQV630_07GKmO-5rMHgsWMSA6Dx3ZxuUMJpuwU4_QeQL2gtKhC7kxJGyzA-aW2yTq8wWZyjbY:1pqWyw:ghHXaykMjI7tMS2mG8IcA2pxIGAQXc5VCLBbXNhyKXw','2023-05-07 10:30:10.592349'),('po4sp9ppwj1wgmwfrgs81zds3t86xg03','.eJxVjDsOwyAQBe9CHSHzNaRM7zMgdheCkwgkY1dR7h5bcpG0b2bem4W4rSVsPS1hJnZlSkp2-V0h4jPVA9Ej1nvj2Oq6zMAPhZ-086lRet1O9--gxF72Wgw-G_IEFgjBmywpaQCE0WTKfiCL6LQTVqHV0Yw7FlmQ0p6c8yKzzxdh3TlA:1psSju:LKzcMcQuKRkQ2DMhnHh3oONqzcOWWg0Q1UihpV8CXLc','2023-05-12 18:22:38.129834'),('pq7mvbm6867hf30dbyn8l9kfff81dnwt','.eJxVjMEOgjAQRP-lZ9N0KWxbj975hma3bAU1JaFwMv67kHDQOb55M28VaVvHuFVZ4jSoqwJ1-WVM6SnlKIYHlfus01zWZWJ9KPpsq-7nQV630_07GKmO-5rMHgsWMSA6Dx3ZxuUMJpuwU4_QeQL2gtKhC7kxJGyzA-aW2yTq8wWZyjbY:1pqUjh:kc9vPqPwgjLymWNLDiXYTh7j7l5gAy6MY__xYm7NIPc','2023-05-07 08:06:17.722469'),('pt83paa2nxj4b8u5fd3hn5czdlkh7rb5','.eJxVjDsOwyAQBe9CHSHzNaRM7zMgdheCkwgkY1dR7h5bcpG0b2bem4W4rSVsPS1hJnZlSkp2-V0h4jPVA9Ej1nvj2Oq6zMAPhZ-086lRet1O9--gxF72Wgw-G_IEFgjBmywpaQCE0WTKfiCL6LQTVqHV0Yw7FlmQ0p6c8yKzzxdh3TlA:1pnzGq:Roevw0vwyawLrRTOLhR6ghafVtaq7F_ta9GvaFAJe-4','2023-04-30 10:06:08.398856'),('pu6gttndrfbkdvl3giszj9yz5e99fj6j','e30:1pfhKq:Ar0pEkmjs4NMrdUUM6p8ekTxo_eKQw1_lFdYPQo5gaA','2023-04-07 13:20:00.293151'),('pux0pnakadbo3stb9q9ke2gyyh3lvv46','.eJxVjDsOwjAQBe_iGlm2418o6XMGa9e74ACypTipEHeHSCmgfTPzXiLBtpa0dV7STOIsfBSn3xEhP7juhO5Qb03mVtdlRrkr8qBdTo34eTncv4MCvXxrJOVHh1cwRvmINjDyQIZD9I7BsKNgA-ocgMniiKBAa7Yaguc8oBPvDydlOO4:1pojGO:FKSukZxzLohqAVkhOHchivQv9W54N79BMFXPZT4QdUg','2023-05-02 11:12:44.138134'),('puzsvnbcvxpe0j9rf0yi5aexk16i515q','.eJxVjMEOgjAQRP-lZ9N0KWxbj975hma3bAU1JaFwMv67kHDQOb55M28VaVvHuFVZ4jSoqwJ1-WVM6SnlKIYHlfus01zWZWJ9KPpsq-7nQV630_07GKmO-5rMHgsWMSA6Dx3ZxuUMJpuwU4_QeQL2gtKhC7kxJGyzA-aW2yTq8wWZyjbY:1pkQE7:ASMXI_Kwr5pdCUnCz6BdRPLttxDuE9_TFikVplLRI6k','2023-04-20 14:04:35.126153'),('pxq3l9o1hrqnxchumcqw3yk9k0ol56dh','.eJxVjDsOwyAQBe9CHSHzNaRM7zMgdheCkwgkY1dR7h5bcpG0b2bem4W4rSVsPS1hJnZlSkp2-V0h4jPVA9Ej1nvj2Oq6zMAPhZ-086lRet1O9--gxF72Wgw-G_IEFgjBmywpaQCE0WTKfiCL6LQTVqHV0Yw7FlmQ0p6c8yKzzxdh3TlA:1poGt1:j9HcnUGr5hmQYBKSsJuHmfWxJSRPLcFiO_YLxtKaMvs','2023-05-01 04:54:43.546129'),('py3hl93uqvj74395rp6ygxwjmxg0uab6','.eJxVjEEOwiAQRe_C2hAKOIBL9z0DGYapVA0kpV0Z765NutDtf-_9l4i4rSVunZc4Z3ERRmtx-l0T0oPrjvId661JanVd5iR3RR60y7Flfl4P9--gYC_fOmXFOGVj0ZN2QUNwnsOgzAAe6WwCeKV0ADbBIdsMAGQnz6TAgVEk3h8gDTeR:1pmbtE:AEyxvr2NT89B8YjbO2Q0ryuPQV8wHzoaXh9ofF3heaU','2023-04-26 14:56:04.397785'),('q07689v5lbw3wpbpxxeld1ie8go7sxja','.eJxVjDsOwyAQBe9CHSHzNaRM7zMgdheCkwgkY1dR7h5bcpG0b2bem4W4rSVsPS1hJnZlSkp2-V0h4jPVA9Ej1nvj2Oq6zMAPhZ-086lRet1O9--gxF72Wgw-G_IEFgjBmywpaQCE0WTKfiCL6LQTVqHV0Yw7FlmQ0p6c8yKzzxdh3TlA:1pnYRM:Gla00GQ6nJlYy-l0KtrpIA7ZEYdDIwW2FxsNz9U5QoE','2023-04-29 05:27:12.140780'),('q4q139pyb14ssxrbckibi44h3gi4grhj','.eJxVjDsOwyAQBe9CHSHzNaRM7zMgdheCkwgkY1dR7h5bcpG0b2bem4W4rSVsPS1hJnZlSkp2-V0h4jPVA9Ej1nvj2Oq6zMAPhZ-086lRet1O9--gxF72Wgw-G_IEFgjBmywpaQCE0WTKfiCL6LQTVqHV0Yw7FlmQ0p6c8yKzzxdh3TlA:1po0kd:VZ8YbfEIZrSBOh4_7dU3GT0Y8t_vW8aetc846aHutRM','2023-04-30 11:40:59.201977'),('q5miuso6016j8weggacg0xpt7v3f66lw','.eJxVjDsOwyAQBe9CHSHzNaRM7zMgdheCkwgkY1dR7h5bcpG0b2bem4W4rSVsPS1hJnZlSkp2-V0h4jPVA9Ej1nvj2Oq6zMAPhZ-086lRet1O9--gxF72Wgw-G_IEFgjBmywpaQCE0WTKfiCL6LQTVqHV0Yw7FlmQ0p6c8yKzzxdh3TlA:1pnYSi:n5pqby1eT68krhs3fHuuykOKvhf8mAGP0LFwz2eHCw4','2023-04-29 05:28:36.645829'),('q7yfx6ls065d5hb2a0j9o2qowcioqyla','.eJxVjMEOgjAQRP-lZ9N0KWxbj975hma3bAU1JaFwMv67kHDQOb55M28VaVvHuFVZ4jSoqwJ1-WVM6SnlKIYHlfus01zWZWJ9KPpsq-7nQV630_07GKmO-5rMHgsWMSA6Dx3ZxuUMJpuwU4_QeQL2gtKhC7kxJGyzA-aW2yTq8wWZyjbY:1pl25S:iZKD9uaWg70WTIxIJ5uevai1OXlAZ5TuHbhJWlo0-tk','2023-04-22 06:30:10.159350'),('q9odcwrw9zgs4i2m7wh2xyroyi06v3lf','.eJxVjMEOgjAQRP-lZ9N0KWxbj975hma3bAU1JaFwMv67kHDQOb55M28VaVvHuFVZ4jSoqwJ1-WVM6SnlKIYHlfus01zWZWJ9KPpsq-7nQV630_07GKmO-5rMHgsWMSA6Dx3ZxuUMJpuwU4_QeQL2gtKhC7kxJGyzA-aW2yTq8wWZyjbY:1pqXX6:mQdT74vPCfPCndc0-a_7lg3fRpIN6VqE3Q0ookAyxe4','2023-05-07 11:05:28.267103'),('qa2fc9uqzh1pllmfem55uxc0ldhvbq44','.eJxVjMEOgjAQRP-lZ9N0KWxbj975hma3bAU1JaFwMv67kHDQOb55M28VaVvHuFVZ4jSoqwJ1-WVM6SnlKIYHlfus01zWZWJ9KPpsq-7nQV630_07GKmO-5rMHgsWMSA6Dx3ZxuUMJpuwU4_QeQL2gtKhC7kxJGyzA-aW2yTq8wWZyjbY:1pkjzu:PrIp4sct_qwY7-U45LhJ7bC6aTbwvSvOmtTy5WWUgnE','2023-04-21 11:11:14.581178'),('qa9zvszdpi8xhiek9g7iwezx8nip9xxh','.eJxVjEEOwiAQRe_C2hAKOIBL9z0DGYapVA0kpV0Z765NutDtf-_9l4i4rSVunZc4Z3ERRmtx-l0T0oPrjvId661JanVd5iR3RR60y7Flfl4P9--gYC_fOmXFOGVj0ZN2QUNwnsOgzAAe6WwCeKV0ADbBIdsMAGQnz6TAgVEk3h8gDTeR:1pmzvR:Ogqh8dIgupYwVTWoqDrCVpCrfNoRp7Jwhm4YBsettL0','2023-04-27 16:35:57.851740'),('qg5411gxfnwq5p6unebtxec8mzbs3g7l','.eJxVjMEOgjAQRP-lZ9N0KWxbj975hma3bAU1JaFwMv67kHDQOb55M28VaVvHuFVZ4jSoqwJ1-WVM6SnlKIYHlfus01zWZWJ9KPpsq-7nQV630_07GKmO-5rMHgsWMSA6Dx3ZxuUMJpuwU4_QeQL2gtKhC7kxJGyzA-aW2yTq8wWZyjbY:1pkp8p:GBbPbvPmSBbZ1kOkflIbpyAIO_AB01GsV79Cd0j1puU','2023-04-21 16:40:47.036010'),('qg8wbsajroma85pggi1wuceg5a2mldda','.eJxVjEEOgjAQRe_StWk6pTNQl-49A5l2poIaSCisjHdXEha6_e-9_zI9b-vQb1WXfhRzNtA5c_pdE-eHTjuSO0-32eZ5Wpcx2V2xB632Oos-L4f7dzBwHb61i149CgmgSizghR2JcyEAdiUyEGTXFkJiJdTYaIFUGqQmtaFkNu8PH4U4Nw:1pqJKn:1m-9eE6ksiRznAiw5CB7_UdPL1uAiUO4snHtC7lmsvc','2023-05-06 19:55:49.222927'),('qgtce5wmadgci00w7ul5rlr3zaughzmc','.eJxVjMEOgjAQRP-lZ9N0KWxbj975hma3bAU1JaFwMv67kHDQOb55M28VaVvHuFVZ4jSoqwJ1-WVM6SnlKIYHlfus01zWZWJ9KPpsq-7nQV630_07GKmO-5rMHgsWMSA6Dx3ZxuUMJpuwU4_QeQL2gtKhC7kxJGyzA-aW2yTq8wWZyjbY:1pqt37:4Smog-8mGHqwmVERGnOw3XpOuwAlm3lYIMuKIBaNeU8','2023-05-08 10:03:57.777863'),('qinb52f4n6qonsg1f4cib735e8mwnt15','.eJxVjMEOgjAQRP-lZ9N0KWxbj975hma3bAU1JaFwMv67kHDQOb55M28VaVvHuFVZ4jSoqwJ1-WVM6SnlKIYHlfus01zWZWJ9KPpsq-7nQV630_07GKmO-5rMHgsWMSA6Dx3ZxuUMJpuwU4_QeQL2gtKhC7kxJGyzA-aW2yTq8wWZyjbY:1pkMbY:fP8IIIMDInqoIwRK5HoWf22HbBnjudg1M0Qr1aqPfME','2023-04-20 10:12:32.484002'),('qj6860ohphdjqdi0qr6o1w9hmoqmz1z0','.eJxVjEEOwiAQRe_C2hBoZQZcuu8ZyAwMtmpKUtqV8e7apAvd_vfef6lI2zrGrckSp6wuCr06_Y5M6SHzTvKd5lvVqc7rMrHeFX3Qpoea5Xk93L-Dkdr4reVMACR93wGCz8iBIQARJkQLRkIyTME4a8UWX5xxzpXkAxUB7hjV-wMIdTgj:1ppYGG:Qh3vKl0cW8AcndM26_j4tLyrMC2G-sqXvSZnmjuJBOE','2023-05-04 17:40:00.744840'),('qll66zvgnhhk5ppwgi4s0igapb3qtesp','.eJxVjDsOwjAQBe_iGlkYf1hT0nMGa3ftxQHkSHFSIe5OIqWAdmbee6uEy1zT0suUhqwuKoA6_EJCfpa2mfzAdh81j22eBtJbonfb9W3M5XXd27-Dir2uawDPINEgRiM-ROtNLs5aZ1YQgekE4i3iWZgloFBG55COEUJxHkl9vgwTOKw:1poQVX:p7yHfl8e8Otky2xHGLfklp9FltrWMj2Nd6pBxHjP7BY','2023-05-01 15:11:07.800357'),('qpkvdt073orbfry4ajukzn5xodib5u0c','.eJxVjMEOgjAQRP-lZ9N0KWxbj975hma3bAU1JaFwMv67kHDQOb55M28VaVvHuFVZ4jSoqwJ1-WVM6SnlKIYHlfus01zWZWJ9KPpsq-7nQV630_07GKmO-5rMHgsWMSA6Dx3ZxuUMJpuwU4_QeQL2gtKhC7kxJGyzA-aW2yTq8wWZyjbY:1psQbi:lLM34Rok_25AzMfwUB7j5s7PgMCgrQFWj29IfTM9qls','2023-05-12 16:06:02.389056'),('qpveh56q8os11ackkw490p7co4xb3sh2','.eJxVjEEOwiAQRe_C2hAKOIBL9z0DGYapVA0kpV0Z765NutDtf-_9l4i4rSVunZc4Z3ERRmtx-l0T0oPrjvId661JanVd5iR3RR60y7Flfl4P9--gYC_fOmXFOGVj0ZN2QUNwnsOgzAAe6WwCeKV0ADbBIdsMAGQnz6TAgVEk3h8gDTeR:1pmcgS:_0HsJJ-eJ37zocMKKQbwjs94eTWH9NV9S_QJ2krsN5k','2023-04-26 15:46:56.341157'),('qq9us8qussdoovh86y31rs2z0r4b99rd','.eJxVjDsOwyAQBe9CHSHzNaRM7zMgdheCkwgkY1dR7h5bcpG0b2bem4W4rSVsPS1hJnZlSkp2-V0h4jPVA9Ej1nvj2Oq6zMAPhZ-086lRet1O9--gxF72Wgw-G_IEFgjBmywpaQCE0WTKfiCL6LQTVqHV0Yw7FlmQ0p6c8yKzzxdh3TlA:1pnfdt:x2ncQKjEOivXhxdGlcWUg81uHNtWwpIcNrZfFpYPRrM','2023-04-29 13:08:37.931653'),('qrbwkroclx4rgjgqqok7omkiz3jl9r8t','.eJxVjMEOgjAQRP-lZ9N0KWxbj975hma3bAU1JaFwMv67kHDQOb55M28VaVvHuFVZ4jSoqwJ1-WVM6SnlKIYHlfus01zWZWJ9KPpsq-7nQV630_07GKmO-5rMHgsWMSA6Dx3ZxuUMJpuwU4_QeQL2gtKhC7kxJGyzA-aW2yTq8wWZyjbY:1pkPj0:GMxbxbv4ZApF7oEbCEsLZ72Ddj8fd851Mr_3gfYr6rE','2023-04-20 13:32:26.884187'),('qrzvbhzr7slc82ia2opxdlp2hzscy7n0','.eJxVjEEOwiAQRe_C2hAKOIBL9z0DGYapVA0kpV0Z765NutDtf-_9l4i4rSVunZc4Z3ERRmtx-l0T0oPrjvId661JanVd5iR3RR60y7Flfl4P9--gYC_fOmXFOGVj0ZN2QUNwnsOgzAAe6WwCeKV0ADbBIdsMAGQnz6TAgVEk3h8gDTeR:1pnFGY:00_1T7KsNOVNP0MGD2DqkcGKeQWp06RQuICc6QDgmis','2023-04-28 08:58:46.753837'),('qsjvwzocvfs5oj1c8r1anvzqschrahm8','.eJxVjEEOwiAQRe_C2hAKOIBL9z0DGYapVA0kpV0Z765NutDtf-_9l4i4rSVunZc4Z3ERRmtx-l0T0oPrjvId661JanVd5iR3RR60y7Flfl4P9--gYC_fOmXFOGVj0ZN2QUNwnsOgzAAe6WwCeKV0ADbBIdsMAGQnz6TAgVEk3h8gDTeR:1pn0a3:J49bmOpdv-0LS8Vl_L3TcARwA_Y2chuhYNoW6yq6y_U','2023-04-27 17:17:55.761660'),('qt5adggoye19prse4ra61212lh8eryz0','.eJxVjDsOwjAQBe_iGlmO1x9CSZ8zWOvdDQ4gR4qTCnF3iJQC2jcz76USbmtJW5MlTawuCqxTp981Iz2k7ojvWG-zprmuy5T1ruiDNj3MLM_r4f4dFGzlW3fU4ygEzkeDMXZBjEcPgTkgSZ8ZLbksITJ4A3AmT84EY4CszwCjen8APQc4UQ:1poQHL:n75xIxFprFAVUKTh7D8tyFBj0-nXLpez5ulK5EsilZc','2023-05-01 14:56:27.619406'),('qtln11yzbs3c4mvxzptlzs7xlialh24r','.eJxVjDsOwyAQBe9CHSHzNaRM7zMgdheCkwgkY1dR7h5bcpG0b2bem4W4rSVsPS1hJnZlSkp2-V0h4jPVA9Ej1nvj2Oq6zMAPhZ-086lRet1O9--gxF72Wgw-G_IEFgjBmywpaQCE0WTKfiCL6LQTVqHV0Yw7FlmQ0p6c8yKzzxdh3TlA:1pnXHU:fV6UqVWxCKhyKJP9429NC9_jJMxcLN2awQRt-532pcY','2023-04-29 04:12:56.152324'),('qtuuawdj3ekevmkuk3a7u2m0ebdvvsx9','.eJxVjMEOgjAQRP-lZ9N0KWxbj975hma3bAU1JaFwMv67kHDQOb55M28VaVvHuFVZ4jSoqwJ1-WVM6SnlKIYHlfus01zWZWJ9KPpsq-7nQV630_07GKmO-5rMHgsWMSA6Dx3ZxuUMJpuwU4_QeQL2gtKhC7kxJGyzA-aW2yTq8wWZyjbY:1pqEaa:5DTcyg9o_q7dSCvI4tWY9mCY9KNirrt_26TFar_EtdY','2023-05-06 14:51:48.798724'),('qudt4lkut11pdxldcv0bgtn88vrbb2be','.eJxVjMEOgjAQRP-lZ9N0KWxbj975hma3bAU1JaFwMv67kHDQOb55M28VaVvHuFVZ4jSoqwJ1-WVM6SnlKIYHlfus01zWZWJ9KPpsq-7nQV630_07GKmO-5rMHgsWMSA6Dx3ZxuUMJpuwU4_QeQL2gtKhC7kxJGyzA-aW2yTq8wWZyjbY:1pqr7J:9Cj6wAyMmwI3dYQTFMKPBUkbXdTERd42NFQUrLZXAOY','2023-05-08 08:00:09.990233'),('qui0803atzzn0qe7bv68ph33v8sn9djr','.eJxVjMEOgjAQRP-lZ9N0KWxbj975hma3bAU1JaFwMv67kHDQOb55M28VaVvHuFVZ4jSoqwJ1-WVM6SnlKIYHlfus01zWZWJ9KPpsq-7nQV630_07GKmO-5rMHgsWMSA6Dx3ZxuUMJpuwU4_QeQL2gtKhC7kxJGyzA-aW2yTq8wWZyjbY:1pqWvT:Th-m3bhJoO0yVlL5fvHs2W9f2JCzWlyOHq06bycSqbk','2023-05-07 10:26:35.719759'),('qvd00v2s0z6w555zk7g3l84mfltdq9us','.eJxVjDsOwyAQBe9CHSHzNaRM7zMgdheCkwgkY1dR7h5bcpG0b2bem4W4rSVsPS1hJnZlSkp2-V0h4jPVA9Ej1nvj2Oq6zMAPhZ-086lRet1O9--gxF72Wgw-G_IEFgjBmywpaQCE0WTKfiCL6LQTVqHV0Yw7FlmQ0p6c8yKzzxdh3TlA:1pnfrC:lm23iYBkIVdlpSQwDQr5JxG9isk-bw8tJx0eGOJrtXE','2023-04-29 13:22:22.217481'),('qvksbzp5pq4ch4q6q8z4vyooysw9sx2i','.eJxVjDsOwyAQBe9CHSHzNaRM7zMgdheCkwgkY1dR7h5bcpG0b2bem4W4rSVsPS1hJnZlSkp2-V0h4jPVA9Ej1nvj2Oq6zMAPhZ-086lRet1O9--gxF72Wgw-G_IEFgjBmywpaQCE0WTKfiCL6LQTVqHV0Yw7FlmQ0p6c8yKzzxdh3TlA:1pnYRA:rUmE1kmoHfgDm2N331rbN7CZVm3qW5D4mrN-lWc30h4','2023-04-29 05:27:00.111803'),('qvwmh3cjzht69kol1j61qp21neokzhb0','.eJxVjMEOgjAQRP-lZ9N0KWxbj975hma3bAU1JaFwMv67kHDQOb55M28VaVvHuFVZ4jSoqwJ1-WVM6SnlKIYHlfus01zWZWJ9KPpsq-7nQV630_07GKmO-5rMHgsWMSA6Dx3ZxuUMJpuwU4_QeQL2gtKhC7kxJGyzA-aW2yTq8wWZyjbY:1pqt9D:nDXkSHBidCdAQp2XKrzaI4U1DYTfMI64_9jU36CKrFQ','2023-05-08 10:10:15.120174'),('qylwxctuwwtiawiq5z7nbvflb792u4x3','.eJxVjMEOgjAQRP-lZ9N0KWxbj975hma3bAU1JaFwMv67kHDQOb55M28VaVvHuFVZ4jSoqwJ1-WVM6SnlKIYHlfus01zWZWJ9KPpsq-7nQV630_07GKmO-5rMHgsWMSA6Dx3ZxuUMJpuwU4_QeQL2gtKhC7kxJGyzA-aW2yTq8wWZyjbY:1pkPiy:OdjKNkNxwUlExtWno0M8W_p55Cg-H89jba5TmtIWyeg','2023-04-20 13:32:24.097447'),('qyx8n01v1r0t5z8yzpfxb1dfuvl6g7u3','.eJxVjDsOwjAQBe_iGlm2418o6XMGa9e74ACypTipEHeHSCmgfTPzXiLBtpa0dV7STOIsfBSn3xEhP7juhO5Qb03mVtdlRrkr8qBdTo34eTncv4MCvXxrJOVHh1cwRvmINjDyQIZD9I7BsKNgA-ocgMniiKBAa7Yaguc8oBPvDydlOO4:1pqtL8:ruoQ3Bgz8pm9Oal0_Wm1HLDtei-ZpmyEYbx-p8FcmLE','2023-05-08 10:22:34.897468'),('r0d0sl3acts1k5mumdmbyy5lrlcjs661','.eJxVjMEOgjAQRP-lZ9N0KWxbj975hma3bAU1JaFwMv67kHDQOb55M28VaVvHuFVZ4jSoqwJ1-WVM6SnlKIYHlfus01zWZWJ9KPpsq-7nQV630_07GKmO-5rMHgsWMSA6Dx3ZxuUMJpuwU4_QeQL2gtKhC7kxJGyzA-aW2yTq8wWZyjbY:1pkpRg:IVomBFRoH5aVQm5GAa15NJ_2VDGdEmhES_fyekb6j4w','2023-04-21 17:00:16.977693'),('r1cbha9q3ye65jgmt9di82vso84ofvnt','.eJxVjDsOwjAQBe_iGlkYf1hT0nMGa3ftxQHkSHFSIe5OIqWAdmbee6uEy1zT0suUhqwuKoA6_EJCfpa2mfzAdh81j22eBtJbonfb9W3M5XXd27-Dir2uawDPINEgRiM-ROtNLs5aZ1YQgekE4i3iWZgloFBG55COEUJxHkl9vgwTOKw:1pksiD:9bptca3hrv2eNhYtfEV59lTHkHy4gCH-y3bAJFb8D3U','2023-04-21 20:29:33.225040'),('r2u9jnfsio1k9xht0m9nb7jwgizsiz2q','.eJxVjDsOwyAQBe9CHSHzNaRM7zMgdheCkwgkY1dR7h5bcpG0b2bem4W4rSVsPS1hJnZlSkp2-V0h4jPVA9Ej1nvj2Oq6zMAPhZ-086lRet1O9--gxF72Wgw-G_IEFgjBmywpaQCE0WTKfiCL6LQTVqHV0Yw7FlmQ0p6c8yKzzxdh3TlA:1pnfOt:VPe8-M_vCjdjerQm5lgcvkNBh_D8tCm2IgoZuNoUZUk','2023-04-29 12:53:07.581295'),('r2xoqpgk88bposd9dqkavhmpee0475vt','.eJxVjMEOgjAQRP-lZ9N0KWxbj975hma3bAU1JaFwMv67kHDQOb55M28VaVvHuFVZ4jSoqwJ1-WVM6SnlKIYHlfus01zWZWJ9KPpsq-7nQV630_07GKmO-5rMHgsWMSA6Dx3ZxuUMJpuwU4_QeQL2gtKhC7kxJGyzA-aW2yTq8wWZyjbY:1pkPjD:Cl5JVXXftSOHKcYNIHRFS0MjMiosCvUw1-cz3RSzxTo','2023-04-20 13:32:39.444213'),('r6merpjui7mjqjasa7d1qys9pq8hnc7n','.eJxVjEEOwiAQRe_C2hBoZQZcuu8ZyAwMtmpKUtqV8e7apAvd_vfef6lI2zrGrckSp6wuCr06_Y5M6SHzTvKd5lvVqc7rMrHeFX3Qpoea5Xk93L-Dkdr4reVMACR93wGCz8iBIQARJkQLRkIyTME4a8UWX5xxzpXkAxUB7hjV-wMIdTgj:1pr02c:9jvLucR5qy1_5R-ikS0gNwKxh7tXDl7x-jLhu7-8mIQ','2023-05-08 17:31:54.475909'),('r6t1flaeykhofny9t9of54g31743js7n','.eJxVjDsOwyAQBe9CHSHzNaRM7zMgdheCkwgkY1dR7h5bcpG0b2bem4W4rSVsPS1hJnZlSkp2-V0h4jPVA9Ej1nvj2Oq6zMAPhZ-086lRet1O9--gxF72Wgw-G_IEFgjBmywpaQCE0WTKfiCL6LQTVqHV0Yw7FlmQ0p6c8yKzzxdh3TlA:1pnK3n:-WO0Xx074P8XFV2iA0G_AfITaO7AskgcHer6Hf3j0ks','2023-04-28 14:05:55.113697'),('r7iqdh8obo223y3j8ne75a2doy4g8k0z','.eJxVjMEOgjAQRP-lZ9N0KWxbj975hma3bAU1JaFwMv67kHDQOb55M28VaVvHuFVZ4jSoqwJ1-WVM6SnlKIYHlfus01zWZWJ9KPpsq-7nQV630_07GKmO-5rMHgsWMSA6Dx3ZxuUMJpuwU4_QeQL2gtKhC7kxJGyzA-aW2yTq8wWZyjbY:1pq9WL:Nk9taElFSwdUA6teUrjwPXbd1_udfiviA-muSQYOlFI','2023-05-06 09:27:05.441483'),('r8buhtwxignr6vs33am6tfg6mpp4c8y6','.eJxVjMEOgjAQRP-lZ9N0KWxbj975hma3bAU1JaFwMv67kHDQOb55M28VaVvHuFVZ4jSoqwJ1-WVM6SnlKIYHlfus01zWZWJ9KPpsq-7nQV630_07GKmO-5rMHgsWMSA6Dx3ZxuUMJpuwU4_QeQL2gtKhC7kxJGyzA-aW2yTq8wWZyjbY:1pkUTp:lzQ7c_-uJYDhv47pnB4ecUsfaw2lTB2W2hOespSPa5c','2023-04-20 18:37:05.039379'),('r9y0euwdbht73fjryfpx3huq8srxm7x3','e30:1pfiZy:qLD6oz7PT2F-tWNW0qU20er9yaWyFHtZTG1PbIDyubU','2023-04-07 14:39:42.039124'),('rex148rq10fmpazok3on21893sroyjl4','.eJxVjMEOgjAQRP-lZ9N0KWxbj975hma3bAU1JaFwMv67kHDQOb55M28VaVvHuFVZ4jSoqwJ1-WVM6SnlKIYHlfus01zWZWJ9KPpsq-7nQV630_07GKmO-5rMHgsWMSA6Dx3ZxuUMJpuwU4_QeQL2gtKhC7kxJGyzA-aW2yTq8wWZyjbY:1pks5w:wrUvatkYKfyCu5SIDDz2QEtEPtfkEDhQP4Yx8lOLmxU','2023-04-21 19:50:00.086165'),('rfrhndmi84291kd8ur3v15eebs7gjwma','.eJxVjMEOgjAQRP-lZ9N0KWxbj975hma3bAU1JaFwMv67kHDQOb55M28VaVvHuFVZ4jSoqwJ1-WVM6SnlKIYHlfus01zWZWJ9KPpsq-7nQV630_07GKmO-5rMHgsWMSA6Dx3ZxuUMJpuwU4_QeQL2gtKhC7kxJGyzA-aW2yTq8wWZyjbY:1pk5jC:R5qTHTLKeQ4y7WGRlng09KhHvY2zkFR3xKw9LVRVYuI','2023-04-19 16:11:18.479686'),('rnm74ny1vzvybnbu23rtl75ogl6xntjg','.eJxVjDsOwjAQBe_iGlm2418o6XMGa9e74ACypTipEHeHSCmgfTPzXiLBtpa0dV7STOIsfBSn3xEhP7juhO5Qb03mVtdlRrkr8qBdTo34eTncv4MCvXxrJOVHh1cwRvmINjDyQIZD9I7BsKNgA-ocgMniiKBAa7Yaguc8oBPvDydlOO4:1ppqYa:04LT9QvfJoiDVNPJqrbVIXtrSd6EpBp7Lhdh8syjWo0','2023-05-05 13:12:08.312925'),('rqicssfslmpgoky6l0jr9yb4mzhu87fr','.eJxVjMEOgjAQRP-lZ9N0KWxbj975hma3bAU1JaFwMv67kHDQOb55M28VaVvHuFVZ4jSoqwJ1-WVM6SnlKIYHlfus01zWZWJ9KPpsq-7nQV630_07GKmO-5rMHgsWMSA6Dx3ZxuUMJpuwU4_QeQL2gtKhC7kxJGyzA-aW2yTq8wWZyjbY:1pq9OL:Ty75CA3MiqQ3VBWbbEJPKpsiD3FFKHtDaUQu2sKt8LQ','2023-05-06 09:18:49.121847'),('rqjg6dfmezsbbsfgd91cxzafhp6vdv9t','.eJxVjMEOgjAQRP-lZ9N0KWxbj975hma3bAU1JaFwMv67kHDQOb55M28VaVvHuFVZ4jSoqwJ1-WVM6SnlKIYHlfus01zWZWJ9KPpsq-7nQV630_07GKmO-5rMHgsWMSA6Dx3ZxuUMJpuwU4_QeQL2gtKhC7kxJGyzA-aW2yTq8wWZyjbY:1pqBvS:-B6J4rELXIWj1QFyb3F6U01iSmsi4eoJtqSWccisNik','2023-05-06 12:01:10.330637'),('rskio2qge6psftily529cl1j75t4cdev','.eJxVjEEOwiAQRe_C2hAKOIBL9z0DGYapVA0kpV0Z765NutDtf-_9l4i4rSVunZc4Z3ERRmtx-l0T0oPrjvId661JanVd5iR3RR60y7Flfl4P9--gYC_fOmXFOGVj0ZN2QUNwnsOgzAAe6WwCeKV0ADbBIdsMAGQnz6TAgVEk3h8gDTeR:1pmuyI:RVUjV-1zW9jKIB_CPcX-GO9x-fBjUP2IFtAznMNsfps','2023-04-27 11:18:34.915298'),('rt37q2gwq5qc9c2zejg688y2hsvlnpim','.eJxVjMEOgjAQRP-lZ9N0KWxbj975hma3bAU1JaFwMv67kHDQOb55M28VaVvHuFVZ4jSoqwJ1-WVM6SnlKIYHlfus01zWZWJ9KPpsq-7nQV630_07GKmO-5rMHgsWMSA6Dx3ZxuUMJpuwU4_QeQL2gtKhC7kxJGyzA-aW2yTq8wWZyjbY:1pqYvt:n2aYgcfff9Vxayft8lTxpDG1U5PrSZe5PpoRQLp1eK0','2023-05-07 12:35:09.499018'),('rth4h2hkyszera22vakuaxlkds5nxzk7','.eJxVjMEOgjAQRP-lZ9N0KWxbj975hma3bAU1JaFwMv67kHDQOb55M28VaVvHuFVZ4jSoqwJ1-WVM6SnlKIYHlfus01zWZWJ9KPpsq-7nQV630_07GKmO-5rMHgsWMSA6Dx3ZxuUMJpuwU4_QeQL2gtKhC7kxJGyzA-aW2yTq8wWZyjbY:1pl1XH:qR8_PQHjIqYUw_lMs1_9vPTAw-pDTL2iA29Zuyak07c','2023-04-22 05:54:51.341262'),('rtjfir3r3lsds5p67pg0283g0twl8bre','.eJxVjEEOwiAQRe_C2hBoZQZcuu8ZyAwMtmpKUtqV8e7apAvd_vfef6lI2zrGrckSp6wuCr06_Y5M6SHzTvKd5lvVqc7rMrHeFX3Qpoea5Xk93L-Dkdr4reVMACR93wGCz8iBIQARJkQLRkIyTME4a8UWX5xxzpXkAxUB7hjV-wMIdTgj:1pr0IB:Vs55qwZWorwSyU_vMt9m0iQ0BiKlXsIzXGHCBCblMrM','2023-05-08 17:47:59.409571'),('rxsz8ejogdb6rqtvnwk88pgcymnu0fbs','.eJxVjMEOgjAQRP-lZ9N0KWxbj975hma3bAU1JaFwMv67kHDQOb55M28VaVvHuFVZ4jSoqwJ1-WVM6SnlKIYHlfus01zWZWJ9KPpsq-7nQV630_07GKmO-5rMHgsWMSA6Dx3ZxuUMJpuwU4_QeQL2gtKhC7kxJGyzA-aW2yTq8wWZyjbY:1pkp9b:RYl9bWkh58I-Nermuf7OYq9L0hYSaOWwsTFUtun61kA','2023-04-21 16:41:35.700195'),('ryfbz9cw0g6r2a2yv8lxffu1tggs1116','.eJxVjDsOwyAQBe9CHSHzNaRM7zMgdheCkwgkY1dR7h5bcpG0b2bem4W4rSVsPS1hJnZlSkp2-V0h4jPVA9Ej1nvj2Oq6zMAPhZ-086lRet1O9--gxF72Wgw-G_IEFgjBmywpaQCE0WTKfiCL6LQTVqHV0Yw7FlmQ0p6c8yKzzxdh3TlA:1pqtOW:_3xOMj5vizr4XITQkA_yJKdnAjoXQ2X19cZe82OSfT0','2023-05-08 10:26:04.645563'),('ryua7h590ua9e9gwxp0i6jjzg8fcmxzh','.eJxVjDsOwyAQBe9CHSHzNaRM7zMgdheCkwgkY1dR7h5bcpG0b2bem4W4rSVsPS1hJnZlSkp2-V0h4jPVA9Ej1nvj2Oq6zMAPhZ-086lRet1O9--gxF72Wgw-G_IEFgjBmywpaQCE0WTKfiCL6LQTVqHV0Yw7FlmQ0p6c8yKzzxdh3TlA:1pnKl3:L8k5T5lhH0cit2s5-2oKoaaPMOu1OxIbYXjn4B9FBog','2023-04-28 14:50:37.355960'),('s0q4dz4trpekwlql3irg8oxzihg7wdi7','.eJxVjMEOgjAQRP-lZ9N0KWxbj975hma3bAU1JaFwMv67kHDQOb55M28VaVvHuFVZ4jSoqwJ1-WVM6SnlKIYHlfus01zWZWJ9KPpsq-7nQV630_07GKmO-5rMHgsWMSA6Dx3ZxuUMJpuwU4_QeQL2gtKhC7kxJGyzA-aW2yTq8wWZyjbY:1pk4r4:PnzePbh1k8C5dgoVEeOJOYKXcIRGXmmrpEOaOYqiZtM','2023-04-19 15:15:22.245787'),('s1m3j5g29gp613f0s0jtqpx2bhw25alv','.eJxVjMEOgjAQRP-lZ9N0KWxbj975hma3bAU1JaFwMv67kHDQOb55M28VaVvHuFVZ4jSoqwJ1-WVM6SnlKIYHlfus01zWZWJ9KPpsq-7nQV630_07GKmO-5rMHgsWMSA6Dx3ZxuUMJpuwU4_QeQL2gtKhC7kxJGyzA-aW2yTq8wWZyjbY:1pkMao:GgwRGI2kj10yOBzKCU0KYxz71PzJK_wtA6tV3wP4gxI','2023-04-20 10:11:46.634575'),('s2usw12cewxo291mgzvkh4dmot9d109x','.eJxVjMEOgjAQRP-lZ9N0KWxbj975hma3bAU1JaFwMv67kHDQOb55M28VaVvHuFVZ4jSoqwJ1-WVM6SnlKIYHlfus01zWZWJ9KPpsq-7nQV630_07GKmO-5rMHgsWMSA6Dx3ZxuUMJpuwU4_QeQL2gtKhC7kxJGyzA-aW2yTq8wWZyjbY:1pk5ex:NO1cOhKSDiAvdbvnzfVTg6keajuuj1ZgCtkCft6cN4o','2023-04-19 16:06:55.876126'),('s5civoaiqk5wtefunk23b3t8k55wfs7g','.eJxVjEEOgjAQRe_StWk6pTNQl-49A5l2poIaSCisjHdXEha6_e-9_zI9b-vQb1WXfhRzNtA5c_pdE-eHTjuSO0-32eZ5Wpcx2V2xB632Oos-L4f7dzBwHb61i149CgmgSizghR2JcyEAdiUyEGTXFkJiJdTYaIFUGqQmtaFkNu8PH4U4Nw:1ppS5b:RAxcK9LBPjvLHOBknYZU0tjhHwC2gekqMXwsee1_TE0','2023-05-04 11:04:35.627047'),('s5lm8rypfb8wlhvygnsg2c5769fvmmi2','.eJxVjMEOgjAQRP-lZ9N0KWxbj975hma3bAU1JaFwMv67kHDQOb55M28VaVvHuFVZ4jSoqwJ1-WVM6SnlKIYHlfus01zWZWJ9KPpsq-7nQV630_07GKmO-5rMHgsWMSA6Dx3ZxuUMJpuwU4_QeQL2gtKhC7kxJGyzA-aW2yTq8wWZyjbY:1pq6Vc:O8zkkEBungHKYM7q5mdGtdts61BC5LpQop6AuQ2M_sw','2023-05-06 06:14:08.607224'),('s7chkceugspwormoztk41ennfn9vf7vp','.eJxVjMEOgjAQRP-lZ9N0KWxbj975hma3bAU1JaFwMv67kHDQOb55M28VaVvHuFVZ4jSoqwJ1-WVM6SnlKIYHlfus01zWZWJ9KPpsq-7nQV630_07GKmO-5rMHgsWMSA6Dx3ZxuUMJpuwU4_QeQL2gtKhC7kxJGyzA-aW2yTq8wWZyjbY:1pk64O:nOq5lv5ga2yuhN7uNnujAlqLorbNGsRY_BIVM2584wk','2023-04-19 16:33:12.090934'),('s8zciriavyq0lxvo3oauwzmvuejsbhta','.eJxVjEEOwiAQRe_C2hAKOIBL9z0DGYapVA0kpV0Z765NutDtf-_9l4i4rSVunZc4Z3ERRmtx-l0T0oPrjvId661JanVd5iR3RR60y7Flfl4P9--gYC_fOmXFOGVj0ZN2QUNwnsOgzAAe6WwCeKV0ADbBIdsMAGQnz6TAgVEk3h8gDTeR:1pnIPD:bvZMdqpmx0AHWQPAXx7yzhLp3WT3JOeCP1CbctwyCes','2023-04-28 12:19:55.837730'),('s9n4xxq0eb99s236tzy11k6rqizkvthm','.eJxVjMEOgjAQRP-lZ9N0KWxbj975hma3bAU1JaFwMv67kHDQOb55M28VaVvHuFVZ4jSoqwJ1-WVM6SnlKIYHlfus01zWZWJ9KPpsq-7nQV630_07GKmO-5rMHgsWMSA6Dx3ZxuUMJpuwU4_QeQL2gtKhC7kxJGyzA-aW2yTq8wWZyjbY:1pk5wd:PJycaz7eACru4Ke_YVNBWS4MSTgbDpyf-DWQ_Mzu8_s','2023-04-19 16:25:11.255889'),('sa86m8cyivt7etx6u7bigkevs7tnrc1b','.eJxVjDsOwjAQBe_iGlm2418o6XMGa9e74ACypTipEHeHSCmgfTPzXiLBtpa0dV7STOIsfBSn3xEhP7juhO5Qb03mVtdlRrkr8qBdTo34eTncv4MCvXxrJOVHh1cwRvmINjDyQIZD9I7BsKNgA-ocgMniiKBAa7Yaguc8oBPvDydlOO4:1pqwDf:oNEuKZZLRP8S7qNWOB3X4_PFg87JENGycUkKPU6rF8w','2023-05-08 13:27:03.309137'),('saksqxdcem4x4s32z7puad7fnbyl401c','.eJxVjDsOwjAQBe_iGlm2418o6XMGa9e74ACypTipEHeHSCmgfTPzXiLBtpa0dV7STOIsfBSn3xEhP7juhO5Qb03mVtdlRrkr8qBdTo34eTncv4MCvXxrJOVHh1cwRvmINjDyQIZD9I7BsKNgA-ocgMniiKBAa7Yaguc8oBPvDydlOO4:1pp1lW:m5GBlbQF2o-KPjqNnJHADeZRn0LM0tGJU85KScKfG44','2023-05-03 06:58:06.612270'),('sepba5h9fgfwoo0eq350yr3jusofir74','.eJxVjMEOgjAQRP-lZ9N0KWxbj975hma3bAU1JaFwMv67kHDQOb55M28VaVvHuFVZ4jSoqwJ1-WVM6SnlKIYHlfus01zWZWJ9KPpsq-7nQV630_07GKmO-5rMHgsWMSA6Dx3ZxuUMJpuwU4_QeQL2gtKhC7kxJGyzA-aW2yTq8wWZyjbY:1pklYw:Uwq1msxhCFz-q0i51Q7Ar-U5ocJvuynEaHOpsl35q4U','2023-04-21 12:51:30.322247'),('sfw3hzjf7v3ramhqynmh0h8hvbejjaib','.eJxVjMEOgjAQRP-lZ9N0KWxbj975hma3bAU1JaFwMv67kHDQOb55M28VaVvHuFVZ4jSoqwJ1-WVM6SnlKIYHlfus01zWZWJ9KPpsq-7nQV630_07GKmO-5rMHgsWMSA6Dx3ZxuUMJpuwU4_QeQL2gtKhC7kxJGyzA-aW2yTq8wWZyjbY:1pkPkS:x3KxwkkXfHwzZLppJuu6d_YcschEJ7sLY6x1E4ziOuo','2023-04-20 13:33:56.770800'),('sh87xrdj2aipnrjh97lvfup47008nd3f','.eJxVjMEOgjAQRP-lZ9N0KWxbj975hma3bAU1JaFwMv67kHDQOb55M28VaVvHuFVZ4jSoqwJ1-WVM6SnlKIYHlfus01zWZWJ9KPpsq-7nQV630_07GKmO-5rMHgsWMSA6Dx3ZxuUMJpuwU4_QeQL2gtKhC7kxJGyzA-aW2yTq8wWZyjbY:1pl1hO:Eyr2ofK1RdjnXq3gdudxPlyfm_f5EhklXzWh5bDo0l8','2023-04-22 06:05:18.876002'),('skkwy5vsav39cukk1i20zbhndsioq6l9','.eJxVjM0OwiAQhN-FsyGU8iMevfsMZNldpGogKe3J-O62SQ96m8z3zbxFhHUpce08x4nERYx6FKffNgE-ue6IHlDvTWKryzwluSvyoF3eGvHrerh_BwV62dbJG2PPELwhS5DRWm8UuzBoNpRMHjNmt-UBia1C1l4ljyoAKOcArPh8ATfPOMM:1pmdxt:oBpK_PvnV4h5fNPQdicmZxej1nV0y8Pb86JpBdZGjVM','2023-04-26 17:09:01.434741'),('sq727nigqjgj4g8scv2fchc5r4bh0e8t','.eJxVjMEOgjAQRP-lZ9N0KWxbj975hma3bAU1JaFwMv67kHDQOb55M28VaVvHuFVZ4jSoqwJ1-WVM6SnlKIYHlfus01zWZWJ9KPpsq-7nQV630_07GKmO-5rMHgsWMSA6Dx3ZxuUMJpuwU4_QeQL2gtKhC7kxJGyzA-aW2yTq8wWZyjbY:1pk6Ba:ttyucMsn9Skd6v1ZZ6ApJIXKHIqqQ6bJTgwf5D-3gfk','2023-04-19 16:40:38.828434'),('ss3rlgky8mff5iubahda0e31asant4r8','.eJxVjMEOgjAQRP-lZ9N0KWxbj975hma3bAU1JaFwMv67kHDQOb55M28VaVvHuFVZ4jSoqwJ1-WVM6SnlKIYHlfus01zWZWJ9KPpsq-7nQV630_07GKmO-5rMHgsWMSA6Dx3ZxuUMJpuwU4_QeQL2gtKhC7kxJGyzA-aW2yTq8wWZyjbY:1pl28a:3PXqjwSjliyybzw1gRuQGbS1WnIBD0yStrN8H6c9vb4','2023-04-22 06:33:24.624603'),('sxjivq8o87103v9jxo8a056z4ju1ycxa','.eJxVjDsOwyAQBe9CHSHzNaRM7zMgdheCkwgkY1dR7h5bcpG0b2bem4W4rSVsPS1hJnZlSkp2-V0h4jPVA9Ej1nvj2Oq6zMAPhZ-086lRet1O9--gxF72Wgw-G_IEFgjBmywpaQCE0WTKfiCL6LQTVqHV0Yw7FlmQ0p6c8yKzzxdh3TlA:1pnKOK:r3iNQv68qKht8MbkYNrZveGm7mzmG16SGNFUx9_r270','2023-04-28 14:27:08.000929'),('syna8bx0fed7k3nphbgc1478uy8b2mc7','.eJxVjDsOwyAQBe9CHSHzNaRM7zMgdheCkwgkY1dR7h5bcpG0b2bem4W4rSVsPS1hJnZlSkp2-V0h4jPVA9Ej1nvj2Oq6zMAPhZ-086lRet1O9--gxF72Wgw-G_IEFgjBmywpaQCE0WTKfiCL6LQTVqHV0Yw7FlmQ0p6c8yKzzxdh3TlA:1pnMHE:29J5AHhyToIRPcpdJqfhinReUHQA_VV9v7jiAjrbnrg','2023-04-28 16:27:56.520611'),('t0jo7goh29x70nathjvp6pci3a80tm7m','.eJxVjDsOwjAQBe_iGlm2418o6XMGa9e74ACypTipEHeHSCmgfTPzXiLBtpa0dV7STOIsfBSn3xEhP7juhO5Qb03mVtdlRrkr8qBdTo34eTncv4MCvXxrJOVHh1cwRvmINjDyQIZD9I7BsKNgA-ocgMniiKBAa7Yaguc8oBPvDydlOO4:1ponLM:QegQhWPQTh28ONrvivlqkCLg6wLJbeDhF17naMx6_40','2023-05-02 15:34:08.853790'),('t0t41a17n2rb5dtb33g541awuxmexma6','.eJxVjMsOwiAQRf-FtSG8Cy7d-w1kBgapGkhKuzL-uzbpQrf3nHNfLMK21rgNWuKc2ZlJL9npd0VID2o7yndot85Tb-syI98VftDBrz3T83K4fwcVRv3WpEOxVhg7uUwFJaH2YLQtCVBppYoBH0QBNaWSHJogpQkQlCe0wvnA3h86GjhG:1pmAz6:N7iC8Tr5y9ZcjhtR-XtCGUv83BisqGpeQhXKxRO4mEY','2023-04-25 10:12:20.623358'),('t316sqnvw0hv9dkqr7rlf4gkhgi0y5g5','.eJxVjDsOwjAQBe_iGlm2418o6XMGa9e74ACypTipEHeHSCmgfTPzXiLBtpa0dV7STOIsfBSn3xEhP7juhO5Qb03mVtdlRrkr8qBdTo34eTncv4MCvXxrJOVHh1cwRvmINjDyQIZD9I7BsKNgA-ocgMniiKBAa7Yaguc8oBPvDydlOO4:1pqEtB:Az_U_wAIU5ol-gq5Oh8QxnHE7_QIuLLRvchADI6hBBg','2023-05-06 15:11:01.226390'),('t3iya93dpyer1d4vshd8akellgqzj43a','.eJxVjMEOgjAQRP-lZ9N0KWxbj975hma3bAU1JaFwMv67kHDQOb55M28VaVvHuFVZ4jSoqwJ1-WVM6SnlKIYHlfus01zWZWJ9KPpsq-7nQV630_07GKmO-5rMHgsWMSA6Dx3ZxuUMJpuwU4_QeQL2gtKhC7kxJGyzA-aW2yTq8wWZyjbY:1pkMzF:JULXQjesnuX8L4VKP1zyA0u73nqZZhl1vXTjxepIaRA','2023-04-20 10:37:01.116724'),('t4a2m8uguir4l3j1gxrzyd1xiq3covf4','.eJxVjDsOwjAQBe_iGlm2418o6XMGa9e74ACypTipEHeHSCmgfTPzXiLBtpa0dV7STOIsfBSn3xEhP7juhO5Qb03mVtdlRrkr8qBdTo34eTncv4MCvXxrJOVHh1cwRvmINjDyQIZD9I7BsKNgA-ocgMniiKBAa7Yaguc8oBPvDydlOO4:1pqt7P:enKq3zUDbfQvaq5U1XagcXCxcCXTT2XtUgopJrCV1qQ','2023-05-08 10:08:23.253359'),('t78f0disaxgu1e9pnww687y8cqjq20d4','.eJxVjMEOgjAQRP-lZ9N0KWxbj975hma3bAU1JaFwMv67kHDQOb55M28VaVvHuFVZ4jSoqwJ1-WVM6SnlKIYHlfus01zWZWJ9KPpsq-7nQV630_07GKmO-5rMHgsWMSA6Dx3ZxuUMJpuwU4_QeQL2gtKhC7kxJGyzA-aW2yTq8wWZyjbY:1pqzkx:_zMLRu47O3jVmVvv7DUBRY004XcJrQ5bFeNVWjJKbB4','2023-05-08 17:13:39.364635'),('t7y681ntbhh298adktriqs19m7w5mlvz','.eJxVjEEOwiAQRe_C2hAKOIBL9z0DGYapVA0kpV0Z765NutDtf-_9l4i4rSVunZc4Z3ERRmtx-l0T0oPrjvId661JanVd5iR3RR60y7Flfl4P9--gYC_fOmXFOGVj0ZN2QUNwnsOgzAAe6WwCeKV0ADbBIdsMAGQnz6TAgVEk3h8gDTeR:1pnI4A:mrcV5WPj3feQUMcR7N1090czPbjQ5TZqABXjA1WqRJE','2023-04-28 11:58:10.883055'),('t8inn6vofnoj2oc2m2btf99q971o4d06','.eJxVjDsOwyAQBe9CHSHzNaRM7zMgdheCkwgkY1dR7h5bcpG0b2bem4W4rSVsPS1hJnZlSkp2-V0h4jPVA9Ej1nvj2Oq6zMAPhZ-086lRet1O9--gxF72Wgw-G_IEFgjBmywpaQCE0WTKfiCL6LQTVqHV0Yw7FlmQ0p6c8yKzzxdh3TlA:1pnYEI:FIDkL7NNwee8ZRXZQpfoz_rHvah0LN3mw1p81Y1g2lc','2023-04-29 05:13:42.365220'),('tewpgaqobpglrd7s7awzf8ddzv1mcbfj','.eJxVjMEOgjAQRP-lZ9N0KWxbj975hma3bAU1JaFwMv67kHDQOb55M28VaVvHuFVZ4jSoqwJ1-WVM6SnlKIYHlfus01zWZWJ9KPpsq-7nQV630_07GKmO-5rMHgsWMSA6Dx3ZxuUMJpuwU4_QeQL2gtKhC7kxJGyzA-aW2yTq8wWZyjbY:1pqJGM:zqzqvMNXyNBKifF06m7MOdwWlTfcK6Y1mUo2s6CKfIA','2023-05-06 19:51:14.525947'),('tls1ie6udrduuuu53zs1dgqyih0di4eu','.eJxVjDsOwyAQBe9CHSHzNaRM7zMgdheCkwgkY1dR7h5bcpG0b2bem4W4rSVsPS1hJnZlSkp2-V0h4jPVA9Ej1nvj2Oq6zMAPhZ-086lRet1O9--gxF72Wgw-G_IEFgjBmywpaQCE0WTKfiCL6LQTVqHV0Yw7FlmQ0p6c8yKzzxdh3TlA:1pnXNg:uOcppS4buL2PtEYs7NjeX_tHHu34Ogjtt2EEM495U-I','2023-04-29 04:19:20.238131'),('tmbo4ftbrai0yyt8l2rgq6wsy20euvkl','.eJxVjDsOwyAQBe9CHSHzNaRM7zMgdheCkwgkY1dR7h5bcpG0b2bem4W4rSVsPS1hJnZlSkp2-V0h4jPVA9Ej1nvj2Oq6zMAPhZ-086lRet1O9--gxF72Wgw-G_IEFgjBmywpaQCE0WTKfiCL6LQTVqHV0Yw7FlmQ0p6c8yKzzxdh3TlA:1pnZUK:x5acUW05-sW0968dW0hiyTvLMPLQZemtG5eXfMdZ7Bw','2023-04-29 06:34:20.544880'),('tmfh88pt9gbeq8dvft3o0bq8x8sf9jva','.eJxVjEEOwiAQRe_C2hAKOIBL9z0DGYapVA0kpV0Z765NutDtf-_9l4i4rSVunZc4Z3ERRmtx-l0T0oPrjvId661JanVd5iR3RR60y7Flfl4P9--gYC_fOmXFOGVj0ZN2QUNwnsOgzAAe6WwCeKV0ADbBIdsMAGQnz6TAgVEk3h8gDTeR:1pmdDt:rZePwkobZEhGtpVllMygLX8jLD7pXq9oEumH-5zxeX8','2023-04-26 16:21:29.133790'),('tms1zn76m488dy0jn296z6yx3h7bv7f6','.eJxVjMEOgjAQRP-lZ9N0KWxbj975hma3bAU1JaFwMv67kHDQOb55M28VaVvHuFVZ4jSoqwJ1-WVM6SnlKIYHlfus01zWZWJ9KPpsq-7nQV630_07GKmO-5rMHgsWMSA6Dx3ZxuUMJpuwU4_QeQL2gtKhC7kxJGyzA-aW2yTq8wWZyjbY:1pk6GK:-6r48U3eHQd4Zi8OLOwA9eLOJjRwTHZaiVGfD2oz4yc','2023-04-19 16:45:32.094652'),('tntp2h7pw2q0u03r5ond06myv5eirkf2','.eJxVjDsOwyAQBe9CHSHzNaRM7zMgdheCkwgkY1dR7h5bcpG0b2bem4W4rSVsPS1hJnZlSkp2-V0h4jPVA9Ej1nvj2Oq6zMAPhZ-086lRet1O9--gxF72Wgw-G_IEFgjBmywpaQCE0WTKfiCL6LQTVqHV0Yw7FlmQ0p6c8yKzzxdh3TlA:1pnKSo:JlrtGzluN3RxuKvwuUP_YTTS1Xi8CBsw_fepbypjgdA','2023-04-28 14:31:46.459318'),('tqiba2gn9h0y7sr2nhepa5fkrfxjzsev','.eJxVjDsOwyAQBe9CHSHzNaRM7zMgdheCkwgkY1dR7h5bcpG0b2bem4W4rSVsPS1hJnZlSkp2-V0h4jPVA9Ej1nvj2Oq6zMAPhZ-086lRet1O9--gxF72Wgw-G_IEFgjBmywpaQCE0WTKfiCL6LQTVqHV0Yw7FlmQ0p6c8yKzzxdh3TlA:1pnYAK:h07QsKrsOEcLz6W0cBiCv7o49XxWjvcd6s2Jf1uFirY','2023-04-29 05:09:36.464343'),('tr3jagx48ct3z3sj299xm0mua275ubsl','.eJxVjMEOgjAQRP-lZ9N0KWxbj975hma3bAU1JaFwMv67kHDQOb55M28VaVvHuFVZ4jSoqwJ1-WVM6SnlKIYHlfus01zWZWJ9KPpsq-7nQV630_07GKmO-5rMHgsWMSA6Dx3ZxuUMJpuwU4_QeQL2gtKhC7kxJGyzA-aW2yTq8wWZyjbY:1pqtlF:qiCqkr9h3giYwUwoq-7e3XnHFoyR4z81AqdOqFXGpsI','2023-05-08 10:49:33.391411'),('ts5x8m6epo9pq4zkuulc59w5vg845dxu','.eJxVjEEOgjAQRe_StWk6pTNQl-49A5l2poIaSCisjHdXEha6_e-9_zI9b-vQb1WXfhRzNtA5c_pdE-eHTjuSO0-32eZ5Wpcx2V2xB632Oos-L4f7dzBwHb61i149CgmgSizghR2JcyEAdiUyEGTXFkJiJdTYaIFUGqQmtaFkNu8PH4U4Nw:1prFKb:KPzY_wsFX9OBNWH4buqrtCzW4G_hVUOJ2CWx1rQbuiU','2023-05-09 09:51:29.858550'),('ts6esyrdvmok9tj9c3666bvcv09p6pzh','.eJxVjEEOwiAQRe_C2hAKOIBL9z0DGYapVA0kpV0Z765NutDtf-_9l4i4rSVunZc4Z3ERRmtx-l0T0oPrjvId661JanVd5iR3RR60y7Flfl4P9--gYC_fOmXFOGVj0ZN2QUNwnsOgzAAe6WwCeKV0ADbBIdsMAGQnz6TAgVEk3h8gDTeR:1pmbtd:nn42l47ZIrT_fXzLypBIhlln_dfZgjWA2CpVxz0H-VY','2023-04-26 14:56:29.746017'),('tsv98qbcu2mlg8sqs9724zxmpm2wwjgq','.eJxVjEEOwiAQRe_C2hAKOIBL9z0DGYapVA0kpV0Z765NutDtf-_9l4i4rSVunZc4Z3ERRmtx-l0T0oPrjvId661JanVd5iR3RR60y7Flfl4P9--gYC_fOmXFOGVj0ZN2QUNwnsOgzAAe6WwCeKV0ADbBIdsMAGQnz6TAgVEk3h8gDTeR:1pn0Zl:LzGyEklRHAxIqvM2e5FngffrrxryBiXpkezckQr5mds','2023-04-27 17:17:37.423206'),('tww6bxz4nmusvfx6th57vh2h92c624u7','.eJxVjMEOgjAQRP-lZ9N0KWxbj975hma3bAU1JaFwMv67kHDQOb55M28VaVvHuFVZ4jSoqwJ1-WVM6SnlKIYHlfus01zWZWJ9KPpsq-7nQV630_07GKmO-5rMHgsWMSA6Dx3ZxuUMJpuwU4_QeQL2gtKhC7kxJGyzA-aW2yTq8wWZyjbY:1pkQ4t:RheRX9zeqDlhHbHQ2E0diyhaHL8TBXagbScPqXZEPck','2023-04-20 13:55:03.669007'),('tzt7exfkarik8ebbfvnqpd3wh6tf2iry','.eJxVjMEOgjAQRP-lZ9N0KWxbj975hma3bAU1JaFwMv67kHDQOb55M28VaVvHuFVZ4jSoqwJ1-WVM6SnlKIYHlfus01zWZWJ9KPpsq-7nQV630_07GKmO-5rMHgsWMSA6Dx3ZxuUMJpuwU4_QeQL2gtKhC7kxJGyzA-aW2yTq8wWZyjbY:1pkQD9:2EzBFlL_QYp0AotWDioysXA101pMUxsP8Q6395TNddE','2023-04-20 14:03:35.570230'),('u2d4iocgsy876rf4tebsxmsokbfrepkx','.eJxVjDsOwjAQBe_iGlm2418o6XMGa9e74ACypTipEHeHSCmgfTPzXiLBtpa0dV7STOIsfBSn3xEhP7juhO5Qb03mVtdlRrkr8qBdTo34eTncv4MCvXxrJOVHh1cwRvmINjDyQIZD9I7BsKNgA-ocgMniiKBAa7Yaguc8oBPvDydlOO4:1psQdY:iJm8-3Aosd-u7vcrYNAceZkA9X5vpBzoHr68ofcuZOs','2023-05-12 16:07:56.956717'),('u2sz673unk8khet1o82vk2on02ddo4vt','.eJxVjDsOwjAQBe_iGlm2418o6XMGa9e74ACypTipEHeHSCmgfTPzXiLBtpa0dV7STOIsfBSn3xEhP7juhO5Qb03mVtdlRrkr8qBdTo34eTncv4MCvXxrJOVHh1cwRvmINjDyQIZD9I7BsKNgA-ocgMniiKBAa7Yaguc8oBPvDydlOO4:1ppneQ:EHLbqU5mvKUFfh13cM0OmwopN758FpTqa5VpfJCs-AA','2023-05-05 10:05:58.690787'),('u33kp16k8c4yjjrzthdvagx6ljun61d2','.eJxVjEEOwiAUBe_C2pD-AgVcuvcM5MMDWzU0Ke3KeHdt0oVu38y8lwi8rWPYWl7CBHEWSpE4_a6R0yPXHeHO9TbLNNd1maLcFXnQJq8z8vNyuH8HI7fxW5MvZBGH2BcFJOfJmV7ZzMlT8TA9EItmEPwAqzskbTyBuHNkWbF4fwBE8zjI:1prEQl:W_4QTAJU_UCLKpveDkxthUTAfmVl8Zlpg8danWVu0rw','2023-05-09 08:53:47.809824'),('ubzfgmjmc19eruneqxnzz9lg5chejxhi','.eJxVjEEOwiAQRe_C2hAKOIBL9z0DGYapVA0kpV0Z765NutDtf-_9l4i4rSVunZc4Z3ERRmtx-l0T0oPrjvId661JanVd5iR3RR60y7Flfl4P9--gYC_fOmXFOGVj0ZN2QUNwnsOgzAAe6WwCeKV0ADbBIdsMAGQnz6TAgVEk3h8gDTeR:1pmdSE:QA9lG-HxW9Qu704FFY8LpJTpcDmkNLLeiHYSn0vVjgA','2023-04-26 16:36:18.544505'),('ugoqt5seanoj77jx6suk35k32tsydnra','.eJxVjDsOwjAQBe_iGlkYf1hT0nMGa3ftxQHkSHFSIe5OIqWAdmbee6uEy1zT0suUhqwuKoA6_EJCfpa2mfzAdh81j22eBtJbonfb9W3M5XXd27-Dir2uawDPINEgRiM-ROtNLs5aZ1YQgekE4i3iWZgloFBG55COEUJxHkl9vgwTOKw:1pkpbS:q_ZgAw64h3IFgcgqJWrSiQNuy6b6f3TsTt-fbiCr7hU','2023-04-21 17:10:22.216682'),('uicbg5u87z3gskpe0fxdbmv5izchyptr','.eJxVjDsOwyAQBe9CHSHzNaRM7zMgdheCkwgkY1dR7h5bcpG0b2bem4W4rSVsPS1hJnZlSkp2-V0h4jPVA9Ej1nvj2Oq6zMAPhZ-086lRet1O9--gxF72Wgw-G_IEFgjBmywpaQCE0WTKfiCL6LQTVqHV0Yw7FlmQ0p6c8yKzzxdh3TlA:1pnLeh:fkjk0ye0JmdXbfHbWUOL0WP_crD4HwcZFFjp9jcmGuA','2023-04-28 15:48:07.766512'),('ujf3z13imxha17bbanlq0189iidyk5s1','.eJxVjEsOgzAMRO-SdRURIwfTZfc9A7Jj09BWQeKzQr17QWLR7kbz3szmOl6X3K2zTd2g7uoCBnf5bYXTy8qB9MnlMfo0lmUaxB-KP-ns76Pa-3a6fweZ57yvG0altg5QkXHEBpPFSnuQiEi0BwCpIRGoCjJJACWIvTG2EtXEfb4jYjie:1pl4gY:4HswsfrKzfgZnjdTGDFmOf1Sk6-FJFOyq02nKLO2Ung','2023-04-22 09:16:38.064482'),('ujum58oyielnit3njrg676wl8j9na1u0','.eJxVjMEOgjAQRP-lZ9N0KWxbj975hma3bAU1JaFwMv67kHDQOb55M28VaVvHuFVZ4jSoqwJ1-WVM6SnlKIYHlfus01zWZWJ9KPpsq-7nQV630_07GKmO-5rMHgsWMSA6Dx3ZxuUMJpuwU4_QeQL2gtKhC7kxJGyzA-aW2yTq8wWZyjbY:1pqsWR:l1rV--i1oYzWoxdRnLUiY8QCzsqXirga6CmiFdlhkiY','2023-05-08 09:30:11.019809'),('umgwh3n6atufvp8ylcklpnwojfdyxzs8','.eJxVjDsOwyAQBe9CHSHzNaRM7zMgdheCkwgkY1dR7h5bcpG0b2bem4W4rSVsPS1hJnZlSkp2-V0h4jPVA9Ej1nvj2Oq6zMAPhZ-086lRet1O9--gxF72Wgw-G_IEFgjBmywpaQCE0WTKfiCL6LQTVqHV0Yw7FlmQ0p6c8yKzzxdh3TlA:1ps1Hj:wDPIALPcha1Sr-lAtvWAgE45MwehJmbO2tuny8TSVJk','2023-05-11 13:03:43.562124'),('up2k1nat454dwt1hq3ch4lki0yukxsp1','.eJxVjMEOgjAQRP-lZ9N0KWxbj975hma3bAU1JaFwMv67kHDQOb55M28VaVvHuFVZ4jSoqwJ1-WVM6SnlKIYHlfus01zWZWJ9KPpsq-7nQV630_07GKmO-5rMHgsWMSA6Dx3ZxuUMJpuwU4_QeQL2gtKhC7kxJGyzA-aW2yTq8wWZyjbY:1pkQXT:OcecRCLM1gyMm180qaEpeLukm2aJHZX66flFZDPtFvk','2023-04-20 14:24:35.822676'),('up5wrwaenzs1p0t7n2shjhupyynmq8kd','.eJxVjMEOgjAQRP-lZ9N0KWxbj975hma3bAU1JaFwMv67kHDQOb55M28VaVvHuFVZ4jSoqwJ1-WVM6SnlKIYHlfus01zWZWJ9KPpsq-7nQV630_07GKmO-5rMHgsWMSA6Dx3ZxuUMJpuwU4_QeQL2gtKhC7kxJGyzA-aW2yTq8wWZyjbY:1pkQBe:ROnj8RNZgwPKI1Lypq5fQt828arvYAcia4RnPDxPk2Q','2023-04-20 14:02:02.646660'),('uq0vmmpai3rs64qyhuluu9do7qzbtc2a','.eJxVjDsOwyAQBe9CHSHzNaRM7zMgdheCkwgkY1dR7h5bcpG0b2bem4W4rSVsPS1hJnZlSkp2-V0h4jPVA9Ej1nvj2Oq6zMAPhZ-086lRet1O9--gxF72Wgw-G_IEFgjBmywpaQCE0WTKfiCL6LQTVqHV0Yw7FlmQ0p6c8yKzzxdh3TlA:1pnbuR:utHaij3tUNc3Hof7Y2HR7m5y75Ec8F0mwNFNxZEsxLk','2023-04-29 09:09:27.543732'),('uqpx2dcnu8qoi0iq3dzh7mobavtkl6lc','.eJxVjEsOgzAMRO-SdRURIwfTZfc9A7Jj09BWQeKzQr17QWLR7kbz3szmOl6X3K2zTd2g7uoCBnf5bYXTy8qB9MnlMfo0lmUaxB-KP-ns76Pa-3a6fweZ57yvG0altg5QkXHEBpPFSnuQiEi0BwCpIRGoCjJJACWIvTG2EtXEfb4jYjie:1pl2gJ:ZFJxguVSdaDFSL3fKqtJu4kylJGX2wprQHpXnrkeuIs','2023-04-22 07:08:15.448347'),('urmkvg2t6u9bprem1yvz942ghnszshi4','.eJxVjMEOgjAQRP-lZ9N0KWxbj975hma3bAU1JaFwMv67kHDQOb55M28VaVvHuFVZ4jSoqwJ1-WVM6SnlKIYHlfus01zWZWJ9KPpsq-7nQV630_07GKmO-5rMHgsWMSA6Dx3ZxuUMJpuwU4_QeQL2gtKhC7kxJGyzA-aW2yTq8wWZyjbY:1pk2uQ:nbSBAM0WTBB-NQz7gGWRRXPaFw6Z9NGyRNeb2q9JIZ4','2023-04-19 13:10:42.886563'),('urpdxlcdmv2ut9f7bqi23z7k1ttxaywl','.eJxVjEEOwiAQRe_C2hAKOIBL9z0DGYapVA0kpV0Z765NutDtf-_9l4i4rSVunZc4Z3ERRmtx-l0T0oPrjvId661JanVd5iR3RR60y7Flfl4P9--gYC_fOmXFOGVj0ZN2QUNwnsOgzAAe6WwCeKV0ADbBIdsMAGQnz6TAgVEk3h8gDTeR:1pnHZa:d9QzJRqcIbtHa5uHFF0nwzP7_hxgarbCN79dGjkSGM8','2023-04-28 11:26:34.099946'),('uwzxo3b0xhte40wtf0b6lexdh75hbp1h','.eJxVjDsOwjAQBe_iGlm2418o6XMGa9e74ACypTipEHeHSCmgfTPzXiLBtpa0dV7STOIsfBSn3xEhP7juhO5Qb03mVtdlRrkr8qBdTo34eTncv4MCvXxrJOVHh1cwRvmINjDyQIZD9I7BsKNgA-ocgMniiKBAa7Yaguc8oBPvDydlOO4:1pp4aj:-yrRTPzpo2Ls6f7CRY3kRGK4SAVynN2e201c-aIe-YU','2023-05-03 09:59:09.176367'),('ux59feewniocu6jwqkmqvsfosv5zueru','.eJxVjDsOwyAQBe9CHSHzNaRM7zMgdheCkwgkY1dR7h5bcpG0b2bem4W4rSVsPS1hJnZlSkp2-V0h4jPVA9Ej1nvj2Oq6zMAPhZ-086lRet1O9--gxF72Wgw-G_IEFgjBmywpaQCE0WTKfiCL6LQTVqHV0Yw7FlmQ0p6c8yKzzxdh3TlA:1pncMx:C6d2vDJs4UcS9GOL6JjD-ldaawr_vH78FlxjEq1W63M','2023-04-29 09:38:55.603428'),('uy3fkpss8i7vwbdywjpz3kfqtaqwmvg1','.eJxVjEEOwiAQRe_C2hAKOIBL9z0DGYapVA0kpV0Z765NutDtf-_9l4i4rSVunZc4Z3ERRmtx-l0T0oPrjvId661JanVd5iR3RR60y7Flfl4P9--gYC_fOmXFOGVj0ZN2QUNwnsOgzAAe6WwCeKV0ADbBIdsMAGQnz6TAgVEk3h8gDTeR:1pn2oF:51rKVW4COWSk5dnsPDOrVhqeqYgJjWNBENsZGHaHR6w','2023-04-27 19:40:43.836852'),('uyogmo90mit6d8q19oko74uem589szz4','.eJxVjMEOgjAQRP-lZ9N0KWxbj975hma3bAU1JaFwMv67kHDQOb55M28VaVvHuFVZ4jSoqwJ1-WVM6SnlKIYHlfus01zWZWJ9KPpsq-7nQV630_07GKmO-5rMHgsWMSA6Dx3ZxuUMJpuwU4_QeQL2gtKhC7kxJGyzA-aW2yTq8wWZyjbY:1pkRI0:00e5_Gv6enicAsM1jyf2Doi8hisC9H8dq3q9xGk4Cq4','2023-04-20 15:12:40.767570'),('v05uthf42czfk0lqagu1nv6hs66wixih','.eJxVjMEOgjAQRP-lZ9N0KWxbj975hma3bAU1JaFwMv67kHDQOb55M28VaVvHuFVZ4jSoqwJ1-WVM6SnlKIYHlfus01zWZWJ9KPpsq-7nQV630_07GKmO-5rMHgsWMSA6Dx3ZxuUMJpuwU4_QeQL2gtKhC7kxJGyzA-aW2yTq8wWZyjbY:1pqa31:hgV_08meCVXX6N6OBtkhtPfDCH1GVE3n0M2S9ulUaJs','2023-05-07 13:46:35.081213'),('v25frh2eeckq94t9fon0gp3h8ppaud74','.eJxVjMEOgjAQRP-lZ9N0KWxbj975hma3bAU1JaFwMv67kHDQOb55M28VaVvHuFVZ4jSoqwJ1-WVM6SnlKIYHlfus01zWZWJ9KPpsq-7nQV630_07GKmO-5rMHgsWMSA6Dx3ZxuUMJpuwU4_QeQL2gtKhC7kxJGyzA-aW2yTq8wWZyjbY:1pnMH2:M4gZW1iZcU8Ct3L_qEUuax-FUD_0o8BcgfKSCTtdOpI','2023-04-28 16:27:44.109393'),('v2vaxx25mjc4f2uznucjhdfzwkumd26m','.eJxVjDEOwjAMAP-SGUWEOo7DyN43RI7j0AJqpaadEH9HlTrAene6t0m8rUPami5pLOZqHKA5_dLM8tRpV-XB0322Mk_rMma7J_awzfZz0dftaP8GA7dhH_uiDrhKLflMFy2efQDlUIkoVkGuCNgJOkQgJBTWEBEiKQTpnPl8AUzxOGg:1pfeom:wWIyyg5IS46qoAxWMzMszLuWr354yRl3hPRQtCmY1tA','2023-04-07 10:38:44.608376'),('v5pslxp288bb74rmllw7myyml81yxtl7','.eJxVjDsOwyAQBe9CHSHzNaRM7zMgdheCkwgkY1dR7h5bcpG0b2bem4W4rSVsPS1hJnZlSkp2-V0h4jPVA9Ej1nvj2Oq6zMAPhZ-086lRet1O9--gxF72Wgw-G_IEFgjBmywpaQCE0WTKfiCL6LQTVqHV0Yw7FlmQ0p6c8yKzzxdh3TlA:1pncC9:Nz0fbb-3ycUciDG7GtPrUHnc84xBqBP5aAKtSe3XUXg','2023-04-29 09:27:45.856698'),('vbkobvtcmkhsvgfj8hhsl74vge03ruax','.eJxVjEEOwiAQRe_C2hAKOIBL9z0DGYapVA0kpV0Z765NutDtf-_9l4i4rSVunZc4Z3ERRmtx-l0T0oPrjvId661JanVd5iR3RR60y7Flfl4P9--gYC_fOmXFOGVj0ZN2QUNwnsOgzAAe6WwCeKV0ADbBIdsMAGQnz6TAgVEk3h8gDTeR:1pmzeZ:jD79W2blDEhPcCnTFxsyZx7z0iriTHtNBOO9-KR_1F4','2023-04-27 16:18:31.338331'),('vcvysddf5hzz6k10a2y8pn5l3cher6ci','.eJxVjMEOgjAQRP-lZ9N0KWxbj975hma3bAU1JaFwMv67kHDQOb55M28VaVvHuFVZ4jSoqwJ1-WVM6SnlKIYHlfus01zWZWJ9KPpsq-7nQV630_07GKmO-5rMHgsWMSA6Dx3ZxuUMJpuwU4_QeQL2gtKhC7kxJGyzA-aW2yTq8wWZyjbY:1pkowP:1RdNZR_GSU4egSpDOzkY8Xkmv3GrvgK8H2pqufXT7XM','2023-04-21 16:27:57.077190'),('vheel8986t7i9tbq14bstrfzri367uuv','.eJxVjMEOgjAQRP-lZ9N0KWxbj975hma3bAU1JaFwMv67kHDQOb55M28VaVvHuFVZ4jSoqwJ1-WVM6SnlKIYHlfus01zWZWJ9KPpsq-7nQV630_07GKmO-5rMHgsWMSA6Dx3ZxuUMJpuwU4_QeQL2gtKhC7kxJGyzA-aW2yTq8wWZyjbY:1pkO6c:gFuQjKNcVhgEXRz-axkSGKy0_g6WXzUvwcJGObIXTVA','2023-04-20 11:48:42.355888'),('vht7yq6mttcgqcefdyvxjpb1okv71dgq','.eJxVjMEOgjAQRP-lZ9N0KWxbj975hma3bAU1JaFwMv67kHDQOb55M28VaVvHuFVZ4jSoqwJ1-WVM6SnlKIYHlfus01zWZWJ9KPpsq-7nQV630_07GKmO-5rMHgsWMSA6Dx3ZxuUMJpuwU4_QeQL2gtKhC7kxJGyzA-aW2yTq8wWZyjbY:1pk5ur:qyeBa5IJbZy-T5OS28vELXFsbstESTumoysqMOSCJUQ','2023-04-19 16:23:21.443973'),('vjiuvwonocwp6fwx0u1lwsw68x7ypy3i','.eJxVjEEOwiAQRe_C2hAKOIBL9z0DGYapVA0kpV0Z765NutDtf-_9l4i4rSVunZc4Z3ERRmtx-l0T0oPrjvId661JanVd5iR3RR60y7Flfl4P9--gYC_fOmXFOGVj0ZN2QUNwnsOgzAAe6WwCeKV0ADbBIdsMAGQnz6TAgVEk3h8gDTeR:1pnF2h:TsBxMrVUAnU6Jy5Q0mwAx37Qdpo1pOd426q84kGnCbY','2023-04-28 08:44:27.623533'),('vkszvdv8v2rvufd3haultfb9ixc1oorj','.eJxVjDsOwjAQBe_iGlm2418o6XMGa9e74ACypTipEHeHSCmgfTPzXiLBtpa0dV7STOIsfBSn3xEhP7juhO5Qb03mVtdlRrkr8qBdTo34eTncv4MCvXxrJOVHh1cwRvmINjDyQIZD9I7BsKNgA-ocgMniiKBAa7Yaguc8oBPvDydlOO4:1pohOJ:mc88OyeNx8gRzmgZlSjp1mO5CEwfW158zKQ00DdLoac','2023-05-02 09:12:47.368212'),('vlbkx6ivmqwsn42atw44tifs2qf149p0','.eJxVjDsOwyAQBe9CHSHzNaRM7zMgdheCkwgkY1dR7h5bcpG0b2bem4W4rSVsPS1hJnZlSkp2-V0h4jPVA9Ej1nvj2Oq6zMAPhZ-086lRet1O9--gxF72Wgw-G_IEFgjBmywpaQCE0WTKfiCL6LQTVqHV0Yw7FlmQ0p6c8yKzzxdh3TlA:1pqwQr:4KCFdwTuIoxuM6nwwnDGfXIWBjXqCDeUwFfZcL_q_Bc','2023-05-08 13:40:41.182970'),('vmt55d03nlgrx4lys28yxxwrvj9xq3zj','.eJxVjDsOwyAQBe9CHSHzNaRM7zMgdheCkwgkY1dR7h5bcpG0b2bem4W4rSVsPS1hJnZlSkp2-V0h4jPVA9Ej1nvj2Oq6zMAPhZ-086lRet1O9--gxF72Wgw-G_IEFgjBmywpaQCE0WTKfiCL6LQTVqHV0Yw7FlmQ0p6c8yKzzxdh3TlA:1pnLRB:1AO9qTD0GOH1TKx0UiUeZ0QRmOResc_hiop6PgtopAE','2023-04-28 15:34:09.000595'),('vnpzysf0ghxhdwtv2n5yar0p7v4idp3w','.eJxVjEEOwiAQRe_C2hAKOIBL9z0DGYapVA0kpV0Z765NutDtf-_9l4i4rSVunZc4Z3ERRmtx-l0T0oPrjvId661JanVd5iR3RR60y7Flfl4P9--gYC_fOmXFOGVj0ZN2QUNwnsOgzAAe6WwCeKV0ADbBIdsMAGQnz6TAgVEk3h8gDTeR:1pnF25:QleeIy31Q4_EvoTTCbK__Z6CtGYtwdg8wN_H6QjeQ74','2023-04-28 08:43:49.383354'),('vq8xstbl6jn8rp1wf17juo8qjki4hhe2','.eJxVjDsOwjAQBe_iGlnrT3YtSnrOYK1_OIBsKU4qxN0hUgpo38y8l_C8rdVvIy9-TuIsFII4_a6B4yO3HaU7t1uXsbd1mYPcFXnQIa895eflcP8OKo_6rS2q4ChB1E5TLAW0ck4RRrLWTtmQ4aKzSQ40hgyEE5pATBCVQgNJvD8EgDcQ:1prFAO:T1oZ-jaUDJD-KrkI6soVPPwhpwQBHA1oPTMy0pR5Uxk','2023-05-09 09:40:56.759433'),('vr2drt1vfc1i8tdc7rpksumi5qvhk89u','.eJxVjMEOgjAQRP-lZ9N0KWxbj975hma3bAU1JaFwMv67kHDQOb55M28VaVvHuFVZ4jSoqwJ1-WVM6SnlKIYHlfus01zWZWJ9KPpsq-7nQV630_07GKmO-5rMHgsWMSA6Dx3ZxuUMJpuwU4_QeQL2gtKhC7kxJGyzA-aW2yTq8wWZyjbY:1pqtQf:afH8aEvxXTr15Ld_mRnm1LY0CYpP4K_2mI8W8ZPtHEM','2023-05-08 10:28:17.350021'),('vrdyg18nnxzmv3gc781n3tl55m9phiog','.eJxVjEEOwiAQRe_C2hAKOIBL9z0DGYapVA0kpV0Z765NutDtf-_9l4i4rSVunZc4Z3ERRmtx-l0T0oPrjvId661JanVd5iR3RR60y7Flfl4P9--gYC_fOmXFOGVj0ZN2QUNwnsOgzAAe6WwCeKV0ADbBIdsMAGQnz6TAgVEk3h8gDTeR:1pmdR9:TcZKGEeZS_QsC2T9TRx6K5nnEViCe_6b6Ho6W1_Nlkc','2023-04-26 16:35:11.257738'),('vuimxz5cevmv49sl5e8b0b68vbx617av','.eJxVjMEOgjAQRP-lZ9N0KWxbj975hma3bAU1JaFwMv67kHDQOb55M28VaVvHuFVZ4jSoqwJ1-WVM6SnlKIYHlfus01zWZWJ9KPpsq-7nQV630_07GKmO-5rMHgsWMSA6Dx3ZxuUMJpuwU4_QeQL2gtKhC7kxJGyzA-aW2yTq8wWZyjbY:1pr01T:uQBJRosgC482V9_PEHuOpG9nPGevGDFpjHr3EiOqOgw','2023-05-08 17:30:43.494963'),('vusu8gk8s8nlouoend39c9mckdzu1adi','.eJxVjMEOgjAQRP-lZ9N0KWxbj975hma3bAU1JaFwMv67kHDQOb55M28VaVvHuFVZ4jSoqwJ1-WVM6SnlKIYHlfus01zWZWJ9KPpsq-7nQV630_07GKmO-5rMHgsWMSA6Dx3ZxuUMJpuwU4_QeQL2gtKhC7kxJGyzA-aW2yTq8wWZyjbY:1ps0tc:NwghDWJpzdwt1nWnY1ZbwKgIHMVhiF93ZIdsfFumWfM','2023-05-11 12:38:48.329378'),('vxqqqbl5qpvzsuaulr72hsgghqtxupno','.eJxVjMEOgjAQRP-lZ9N0KWxbj975hma3bAU1JaFwMv67kHDQOb55M28VaVvHuFVZ4jSoqwJ1-WVM6SnlKIYHlfus01zWZWJ9KPpsq-7nQV630_07GKmO-5rMHgsWMSA6Dx3ZxuUMJpuwU4_QeQL2gtKhC7kxJGyzA-aW2yTq8wWZyjbY:1pkpZj:uEGUjrbBzZqYVbxRQ_g5v2I-nvdE3Ak1pbyMipH5rkc','2023-04-21 17:08:35.490717'),('vxs3exb4d67cmhxv3whyzdb40ot30vr9','.eJxVjMEOgjAQRP-lZ9N0KWxbj975hma3bAU1JaFwMv67kHDQOb55M28VaVvHuFVZ4jSoqwJ1-WVM6SnlKIYHlfus01zWZWJ9KPpsq-7nQV630_07GKmO-5rMHgsWMSA6Dx3ZxuUMJpuwU4_QeQL2gtKhC7kxJGyzA-aW2yTq8wWZyjbY:1pkNrC:4pvH5Z35M2dvM0nSdzin1_RIR8yDqgHrTUdDVeTWZR0','2023-04-20 11:32:46.799650'),('vy87mlkhwyjq7atmnldrtp9z1fl57vxm','.eJxVjMEOgjAQRP-lZ9N0KWxbj975hma3bAU1JaFwMv67kHDQOb55M28VaVvHuFVZ4jSoqwJ1-WVM6SnlKIYHlfus01zWZWJ9KPpsq-7nQV630_07GKmO-5rMHgsWMSA6Dx3ZxuUMJpuwU4_QeQL2gtKhC7kxJGyzA-aW2yTq8wWZyjbY:1pkjTw:Ty5mox-yQlUE-By6GNt1FwK2UN2sijxtrls7JhcdvTk','2023-04-21 10:38:12.756220'),('vzznecgpf2o1bzdd35w8zhesnt3l7f4p','.eJxVjDsOwjAQBe_iGlkYf1hT0nMGa3ftxQHkSHFSIe5OIqWAdmbee6uEy1zT0suUhqwuKoA6_EJCfpa2mfzAdh81j22eBtJbonfb9W3M5XXd27-Dir2uawDPINEgRiM-ROtNLs5aZ1YQgekE4i3iWZgloFBG55COEUJxHkl9vgwTOKw:1pl1Qr:vWS2dBEUDjbGrNQbaYxBvkb-HXYcpGhE-mvJTa7yIm0','2023-04-22 05:48:13.290422'),('w0aokph3ps1mpfxjesj91lxkl2ctvmag','.eJxVjDsOwyAQBe9CHSHzNaRM7zMgdheCkwgkY1dR7h5bcpG0b2bem4W4rSVsPS1hJnZlSkp2-V0h4jPVA9Ej1nvj2Oq6zMAPhZ-086lRet1O9--gxF72Wgw-G_IEFgjBmywpaQCE0WTKfiCL6LQTVqHV0Yw7FlmQ0p6c8yKzzxdh3TlA:1pnYEo:IsGRODpobwl5wvtLX8VUGt6_y6M9MI_kpwXMehcsrE8','2023-04-29 05:14:14.134869'),('w0q2jjmdwovbvr7v7h07dlzq4uz6kf3l','.eJxVjEEOwiAQRe_C2hAKOIBL9z0DGYapVA0kpV0Z765NutDtf-_9l4i4rSVunZc4Z3ERRmtx-l0T0oPrjvId661JanVd5iR3RR60y7Flfl4P9--gYC_fOmXFOGVj0ZN2QUNwnsOgzAAe6WwCeKV0ADbBIdsMAGQnz6TAgVEk3h8gDTeR:1pmzdv:3y-CEiO4LGUVUpC9UGt1V2RvtcU6F9wlJTjpEFE3flk','2023-04-27 16:17:51.061710'),('w1llhrkn15jm6ketve3y8s3r7d9vkfdb','.eJxVjEEOwiAQRe_C2hAKOIBL9z0DGYapVA0kpV0Z765NutDtf-_9l4i4rSVunZc4Z3ERRmtx-l0T0oPrjvId661JanVd5iR3RR60y7Flfl4P9--gYC_fOmXFOGVj0ZN2QUNwnsOgzAAe6WwCeKV0ADbBIdsMAGQnz6TAgVEk3h8gDTeR:1pmd8X:ZssTSEzObI3CQ04oXBVIAKIJ0xbfUzWLlw3uxW72McI','2023-04-26 16:15:57.113472'),('w2gjeeiq9ahblum8h5s6y7kioc1qkmc8','.eJxVjEEOwiAQRe_C2hAKOIBL9z0DGYapVA0kpV0Z765NutDtf-_9l4i4rSVunZc4Z3ERRmtx-l0T0oPrjvId661JanVd5iR3RR60y7Flfl4P9--gYC_fOmXFOGVj0ZN2QUNwnsOgzAAe6WwCeKV0ADbBIdsMAGQnz6TAgVEk3h8gDTeR:1pmzAN:N7ZmQ7loQQURh73ZLrXWOZu-ER_jZvLZ7kWz06aDzP8','2023-04-27 15:47:19.052899'),('w2meoowanbvdcd1n7l6w87srqe8s7j1w','.eJxVjMEOgjAQRP-lZ9N0KWxbj975hma3bAU1JaFwMv67kHDQOb55M28VaVvHuFVZ4jSoqwJ1-WVM6SnlKIYHlfus01zWZWJ9KPpsq-7nQV630_07GKmO-5rMHgsWMSA6Dx3ZxuUMJpuwU4_QeQL2gtKhC7kxJGyzA-aW2yTq8wWZyjbY:1pkQWS:_RcJgF1cPsUYGh67PDNgM9i0m4P1Micm0ahAr5BIlhA','2023-04-20 14:23:32.079384'),('w3ffm4oztn33t8v8coj08yy2p67mm05m','.eJxVjEEOgjAQRe_StWk6pTNQl-49A5l2poIaSCisjHdXEha6_e-9_zI9b-vQb1WXfhRzNtA5c_pdE-eHTjuSO0-32eZ5Wpcx2V2xB632Oos-L4f7dzBwHb61i149CgmgSizghR2JcyEAdiUyEGTXFkJiJdTYaIFUGqQmtaFkNu8PH4U4Nw:1pnhr0:Z1BIa3vVNItcWJM8WB3AI_IdpToq3JWXTHH52hkx6Ng','2023-04-29 15:30:18.129358'),('w6ip9rb73pme38xh936012na04xs5gg6','.eJxVjEsOgzAMRO-SdRURIwfTZfc9A7Jj09BWQeKzQr17QWLR7kbz3szmOl6X3K2zTd2g7uoCBnf5bYXTy8qB9MnlMfo0lmUaxB-KP-ns76Pa-3a6fweZ57yvG0altg5QkXHEBpPFSnuQiEi0BwCpIRGoCjJJACWIvTG2EtXEfb4jYjie:1pl3wZ:n9GrByesQxxY3FAInhfiJKGN3399vb6G2kyl_AlJrz4','2023-04-22 08:29:07.670689'),('w91o7mw3w5rbtmlc4nn2jpa91ks5i25a','.eJxVjMEOgjAQRP-lZ9N0KWxbj975hma3bAU1JaFwMv67kHDQOb55M28VaVvHuFVZ4jSoqwJ1-WVM6SnlKIYHlfus01zWZWJ9KPpsq-7nQV630_07GKmO-5rMHgsWMSA6Dx3ZxuUMJpuwU4_QeQL2gtKhC7kxJGyzA-aW2yTq8wWZyjbY:1pkPz2:8_-Slp_BHDpH0_Ukeec6KRwV5mJwP3hE5R6ISu63am8','2023-04-20 13:49:00.798027'),('wg0watkxiha31g924qkc8wmc3jw1util','.eJxVjEEOgjAQRe_StWk6pTNQl-49A5l2poIaSCisjHdXEha6_e-9_zI9b-vQb1WXfhRzNtA5c_pdE-eHTjuSO0-32eZ5Wpcx2V2xB632Oos-L4f7dzBwHb61i149CgmgSizghR2JcyEAdiUyEGTXFkJiJdTYaIFUGqQmtaFkNu8PH4U4Nw:1pnNeu:t3yDDcGSHh0OBQPjLeNsyfAHvT3_5Ykk0RcQFkh0nLs','2023-04-28 17:56:28.100073'),('wiu8agvguumff6281z0nea3jr917hc79','.eJxVjEEOwiAQRe_C2hAKOIBL9z0DGYapVA0kpV0Z765NutDtf-_9l4i4rSVunZc4Z3ERRmtx-l0T0oPrjvId661JanVd5iR3RR60y7Flfl4P9--gYC_fOmXFOGVj0ZN2QUNwnsOgzAAe6WwCeKV0ADbBIdsMAGQnz6TAgVEk3h8gDTeR:1pnF4Y:o8Mt59j89EK3zMqh0iPQSpSaxZShfN_jtC-DEnaP0VU','2023-04-28 08:46:22.536117'),('wj41xvjc25qu9bk91n8191gxept4k1j3','.eJxVjMEOgjAQRP-lZ9N0KWxbj975hma3bAU1JaFwMv67kHDQOb55M28VaVvHuFVZ4jSoqwJ1-WVM6SnlKIYHlfus01zWZWJ9KPpsq-7nQV630_07GKmO-5rMHgsWMSA6Dx3ZxuUMJpuwU4_QeQL2gtKhC7kxJGyzA-aW2yTq8wWZyjbY:1pkPkR:b4Z8thW8PTykzqh3X3HSpqiD67EoOcJ6Pksl5YDI39U','2023-04-20 13:33:55.918636'),('wjqga05lflqhvjddxkrtdrjqip6f1mar','.eJxVjDsOwjAQBe_iGlm2418o6XMGa9e74ACypTipEHeHSCmgfTPzXiLBtpa0dV7STOIsfBSn3xEhP7juhO5Qb03mVtdlRrkr8qBdTo34eTncv4MCvXxrJOVHh1cwRvmINjDyQIZD9I7BsKNgA-ocgMniiKBAa7Yaguc8oBPvDydlOO4:1pquGt:uT592ED-jxE861N7uHVmxTNpVu8UbX3rr_CYRlKe0Cs','2023-05-08 11:22:15.907810'),('wk6i44vjhxbunwduj6xyw4yrk485gwuu','.eJxVjMEOgjAQRP-lZ9N0KWxbj975hma3bAU1JaFwMv67kHDQOb55M28VaVvHuFVZ4jSoqwJ1-WVM6SnlKIYHlfus01zWZWJ9KPpsq-7nQV630_07GKmO-5rMHgsWMSA6Dx3ZxuUMJpuwU4_QeQL2gtKhC7kxJGyzA-aW2yTq8wWZyjbY:1psQeH:GF7ULpSt3_gRRJlsIQtz692AkkVeThnNIZSxIc9XCfA','2023-05-12 16:08:41.436888'),('wlcc1tvo5oq99145v1df8i6zbv1wzjpm','.eJxVjDsOwyAQBe9CHSHzNaRM7zMgdheCkwgkY1dR7h5bcpG0b2bem4W4rSVsPS1hJnZlSkp2-V0h4jPVA9Ej1nvj2Oq6zMAPhZ-086lRet1O9--gxF72Wgw-G_IEFgjBmywpaQCE0WTKfiCL6LQTVqHV0Yw7FlmQ0p6c8yKzzxdh3TlA:1pnLYM:-_R_PKYGtAz3qXnnos5_g0JTK1OTeAkgT9tHWbv2PI0','2023-04-28 15:41:34.781012'),('wm141vyipaw5ncexsqosd199gjd9ksyg','e30:1pg22B:2atIr74PZ28l3nbCIVVh1Xz7ykVnvxb49hrelTeSwHE','2023-04-08 11:26:07.233114'),('wr0n6l6rxdb7f0b5q7yge57wpr3bgoul','.eJxVjMEOgjAQRP-lZ9N0KWxbj975hma3bAU1JaFwMv67kHDQOb55M28VaVvHuFVZ4jSoqwJ1-WVM6SnlKIYHlfus01zWZWJ9KPpsq-7nQV630_07GKmO-5rMHgsWMSA6Dx3ZxuUMJpuwU4_QeQL2gtKhC7kxJGyzA-aW2yTq8wWZyjbY:1pkjVY:Jy-L4tsb5zdTkWwxromUoHnVQoEBxFnLIgeTnD_KNzo','2023-04-21 10:39:52.723851'),('wyb1adn0phhxv11uirfm4ua6jztl1gkn','.eJxVjMEOgjAQRP-lZ9N0KWxbj975hma3bAU1JaFwMv67kHDQOb55M28VaVvHuFVZ4jSoqwJ1-WVM6SnlKIYHlfus01zWZWJ9KPpsq-7nQV630_07GKmO-5rMHgsWMSA6Dx3ZxuUMJpuwU4_QeQL2gtKhC7kxJGyzA-aW2yTq8wWZyjbY:1plBVz:qP904K8vQ60rzVwbiV2ML67dGfMrNjNG7r184-K5Yk8','2023-04-22 16:34:11.165129'),('wylh04qsp0kbwn71xy9rn8riv5r79mzj','.eJxVjDsOwjAQBe_iGlm2418o6XMGa9e74ACypTipEHeHSCmgfTPzXiLBtpa0dV7STOIsfBSn3xEhP7juhO5Qb03mVtdlRrkr8qBdTo34eTncv4MCvXxrJOVHh1cwRvmINjDyQIZD9I7BsKNgA-ocgMniiKBAa7Yaguc8oBPvDydlOO4:1ppqYn:gEeW5A71xT3r3nl_S-k4I-PHdR_b2DCvV2hjNTuGFPw','2023-05-05 13:12:21.133598'),('wysedaloa9p79bp36doa5t4repp08dyg','.eJxVjEEOwiAQRe_C2hAKOIBL9z0DGYapVA0kpV0Z765NutDtf-_9l4i4rSVunZc4Z3ERRmtx-l0T0oPrjvId661JanVd5iR3RR60y7Flfl4P9--gYC_fOmXFOGVj0ZN2QUNwnsOgzAAe6WwCeKV0ADbBIdsMAGQnz6TAgVEk3h8gDTeR:1pmzjX:ix3GmGyFl8qrh5-nv3OA93aflopw4NU7SPOlZkcA8Aw','2023-04-27 16:23:39.930407'),('wzyqesv00htvyx28h6ifxoi6j813jny0','.eJxVjMEOgjAQRP-lZ9N0KWxbj975hma3bAU1JaFwMv67kHDQOb55M28VaVvHuFVZ4jSoqwJ1-WVM6SnlKIYHlfus01zWZWJ9KPpsq-7nQV630_07GKmO-5rMHgsWMSA6Dx3ZxuUMJpuwU4_QeQL2gtKhC7kxJGyzA-aW2yTq8wWZyjbY:1pqHda:_gsnrjUx_jO8fHa7aHfOuGQJ3OejoldXl14Ih7ArD1E','2023-05-06 18:07:06.052431'),('x0lnzl9m4bxrs8s99jy7xtyvwqr8nr6d','.eJxVjMEOgjAQRP-lZ9N0KWxbj975hma3bAU1JaFwMv67kHDQOb55M28VaVvHuFVZ4jSoqwJ1-WVM6SnlKIYHlfus01zWZWJ9KPpsq-7nQV630_07GKmO-5rMHgsWMSA6Dx3ZxuUMJpuwU4_QeQL2gtKhC7kxJGyzA-aW2yTq8wWZyjbY:1pqAlj:_Hw1kA8dmQO5psFTyRQinHjdR105HbgKxnAWeTUlgSE','2023-05-06 10:47:03.240593'),('x7d1f9uczu64ocguxmcc265kwryc4y44','.eJxVjDsOwjAQBe_iGlm2418o6XMGa9e74ACypTipEHeHSCmgfTPzXiLBtpa0dV7STOIsfBSn3xEhP7juhO5Qb03mVtdlRrkr8qBdTo34eTncv4MCvXxrJOVHh1cwRvmINjDyQIZD9I7BsKNgA-ocgMniiKBAa7Yaguc8oBPvDydlOO4:1pqwsX:KYWI5t15ZQ7i8694X9srGRPlWjuDZ4lQ1FMWimEAAvc','2023-05-08 14:09:17.405180'),('x8usbv42ry73m36rwntkld72uyok8opd','.eJxVjDsOwjAQBe_iGlm2418o6XMGa9e74ACypTipEHeHSCmgfTPzXiLBtpa0dV7STOIsfBSn3xEhP7juhO5Qb03mVtdlRrkr8qBdTo34eTncv4MCvXxrJOVHh1cwRvmINjDyQIZD9I7BsKNgA-ocgMniiKBAa7Yaguc8oBPvDydlOO4:1pp5ZH:A35IcCq2mJhoRN7IAYB7PRiQvo8YZ01gTIvHV98tR48','2023-05-03 11:01:43.653473'),('x8znegjeanrbw8vz5pr3f1frsk8n6uu1','.eJxVjMEOgjAQRP-lZ9N0KWxbj975hma3bAU1JaFwMv67kHDQOb55M28VaVvHuFVZ4jSoqwJ1-WVM6SnlKIYHlfus01zWZWJ9KPpsq-7nQV630_07GKmO-5rMHgsWMSA6Dx3ZxuUMJpuwU4_QeQL2gtKhC7kxJGyzA-aW2yTq8wWZyjbY:1pkpVF:cwjZEBKeC9ieafnJ1QplTXSdxlp4gltmEuDTmqRhNCQ','2023-04-21 17:03:57.279779'),('xaud9x1u4fz3iyma9vqluj3yb1weeto7','.eJxVjEEOwiAQRe_C2hAKOIBL9z0DGYapVA0kpV0Z765NutDtf-_9l4i4rSVunZc4Z3ERRmtx-l0T0oPrjvId661JanVd5iR3RR60y7Flfl4P9--gYC_fOmXFOGVj0ZN2QUNwnsOgzAAe6WwCeKV0ADbBIdsMAGQnz6TAgVEk3h8gDTeR:1pmcs3:vGzVMRsqWYjGlYf4XSXtS4bhkPVx7XyEPWs6MfPJDOI','2023-04-26 15:58:55.697450'),('xbusu79zztiu8mwa5mjyrgn3z1enanv1','.eJxVjMEOgjAQRP-lZ9N0KWxbj975hma3bAU1JaFwMv67kHDQOb55M28VaVvHuFVZ4jSoqwJ1-WVM6SnlKIYHlfus01zWZWJ9KPpsq-7nQV630_07GKmO-5rMHgsWMSA6Dx3ZxuUMJpuwU4_QeQL2gtKhC7kxJGyzA-aW2yTq8wWZyjbY:1pknax:7ttg44lzeSIExYHpMBH2niLHH3nPheVVZZ85XHPtBKY','2023-04-21 15:01:43.221301'),('xe07wg3hhu5sa933luod1bl0mbo9sl4o','.eJxVjEEOwiAQRe_C2hAKOIBL9z0DGYapVA0kpV0Z765NutDtf-_9l4i4rSVunZc4Z3ERRmtx-l0T0oPrjvId661JanVd5iR3RR60y7Flfl4P9--gYC_fOmXFOGVj0ZN2QUNwnsOgzAAe6WwCeKV0ADbBIdsMAGQnz6TAgVEk3h8gDTeR:1pnFtc:TJhbDilH0P2kfz4cDOnVZqTz5ZyNa7Y7osxuRTsbz9o','2023-04-28 09:39:08.852488'),('xewtr7h2qy78ftntf7pmg90i668wx11g','.eJxVjDsOwyAQBe9CHSHzNaRM7zMgdheCkwgkY1dR7h5bcpG0b2bem4W4rSVsPS1hJnZlSkp2-V0h4jPVA9Ej1nvj2Oq6zMAPhZ-086lRet1O9--gxF72Wgw-G_IEFgjBmywpaQCE0WTKfiCL6LQTVqHV0Yw7FlmQ0p6c8yKzzxdh3TlA:1po5YX:FHn0SMdodDOFsvcfi8jhCtios8J_OmK1Z4EwY83dzYQ','2023-04-30 16:48:49.355566'),('xg0c4ustzjhssoffczfudwf5l0sasj3r','.eJxVjDsOwjAQBe_iGlkYf1hT0nMGa3ftxQHkSHFSIe5OIqWAdmbee6uEy1zT0suUhqwuKoA6_EJCfpa2mfzAdh81j22eBtJbonfb9W3M5XXd27-Dir2uawDPINEgRiM-ROtNLs5aZ1YQgekE4i3iWZgloFBG55COEUJxHkl9vgwTOKw:1pl1hw:-cvNPI5vXi9SJabJOxlIyzFRGkbAp-_fmlbIFYhhvVw','2023-04-22 06:05:52.381163'),('xkre972k1e2roc2gbb8e91wrmlsbx74x','.eJxVjDsOwjAQBe_iGlm2418o6XMGa9e74ACypTipEHeHSCmgfTPzXiLBtpa0dV7STOIsfBSn3xEhP7juhO5Qb03mVtdlRrkr8qBdTo34eTncv4MCvXxrJOVHh1cwRvmINjDyQIZD9I7BsKNgA-ocgMniiKBAa7Yaguc8oBPvDydlOO4:1ppZlB:aJpxWdNPoEOIcA8WIU1GzDt-acDv_iq9P54XUKjJFps','2023-05-04 19:16:01.248892'),('xly1cw6odpyan9i310zvfh4aawllqaqh','.eJxVjDsOwjAQBe_iGlm2418o6XMGa9e74ACypTipEHeHSCmgfTPzXiLBtpa0dV7STOIsfBSn3xEhP7juhO5Qb03mVtdlRrkr8qBdTo34eTncv4MCvXxrJOVHh1cwRvmINjDyQIZD9I7BsKNgA-ocgMniiKBAa7Yaguc8oBPvDydlOO4:1pp0oA:h_46lLllzBPgcAcr_azRQByAw72sDOjtETDyQsFggeA','2023-05-03 05:56:46.645577'),('xn1gxevnyy40fsm34xmjjm09fbp3fz0y','.eJxVjDsOwyAQBe9CHSHzNaRM7zMgdheCkwgkY1dR7h5bcpG0b2bem4W4rSVsPS1hJnZlSkp2-V0h4jPVA9Ej1nvj2Oq6zMAPhZ-086lRet1O9--gxF72Wgw-G_IEFgjBmywpaQCE0WTKfiCL6LQTVqHV0Yw7FlmQ0p6c8yKzzxdh3TlA:1pnhVw:amfAg4VRj8TrglUfiWuXGURPqGDP4ap_Zc69k2Boovo','2023-04-29 15:08:32.993716'),('xql8meah6s5wpvro1gg10bgkewcrdv60','.eJxVjMEOgjAQRP-lZ9N0KWxbj975hma3bAU1JaFwMv67kHDQOb55M28VaVvHuFVZ4jSoqwJ1-WVM6SnlKIYHlfus01zWZWJ9KPpsq-7nQV630_07GKmO-5rMHgsWMSA6Dx3ZxuUMJpuwU4_QeQL2gtKhC7kxJGyzA-aW2yTq8wWZyjbY:1ps1Dd:awhQJWVvOAFIe_CgC2U_P0JZlLKSkfxXkaCM-nr0D-Y','2023-05-11 12:59:29.020552'),('xs75q90ctz3r98zkm8ihxtv5d4a0qhlq','.eJxVjEEOwiAQRe_C2hAKOIBL9z0DGYapVA0kpV0Z765NutDtf-_9l4i4rSVunZc4Z3ERRmtx-l0T0oPrjvId661JanVd5iR3RR60y7Flfl4P9--gYC_fOmXFOGVj0ZN2QUNwnsOgzAAe6WwCeKV0ADbBIdsMAGQnz6TAgVEk3h8gDTeR:1pmzcN:tedVOqMppDgHoBUrUz4rfLfhw_fWVgwpGY3u1iaQ4zM','2023-04-27 16:16:15.043221'),('xteq9ipzngu6zi4di0wsnr28y8cpm4yz','.eJxVjEEOwiAQRe_C2hAKOIBL9z0DGYapVA0kpV0Z765NutDtf-_9l4i4rSVunZc4Z3ERRmtx-l0T0oPrjvId661JanVd5iR3RR60y7Flfl4P9--gYC_fOmXFOGVj0ZN2QUNwnsOgzAAe6WwCeKV0ADbBIdsMAGQnz6TAgVEk3h8gDTeR:1pnEsN:2zBi3JnmiO-Qsq6nINteZ5t0JXOw6yM13ISWeyKbiA0','2023-04-28 08:33:47.148295'),('xtn3qviti72grmqzl1cbeby7i5z3u7r1','.eJxVjDsOwyAQBe9CHSHzNaRM7zMgdheCkwgkY1dR7h5bcpG0b2bem4W4rSVsPS1hJnZlSkp2-V0h4jPVA9Ej1nvj2Oq6zMAPhZ-086lRet1O9--gxF72Wgw-G_IEFgjBmywpaQCE0WTKfiCL6LQTVqHV0Yw7FlmQ0p6c8yKzzxdh3TlA:1pnLaQ:99l0W6lR8mPHT0s4BsOiKuFrD39podD0lohtxx9t2Tw','2023-04-28 15:43:42.178772'),('xu1ydstsd11iwjczhm8gzwmjspb5vjhn','.eJxVjDsOwyAQBe9CHSHzNaRM7zMgdheCkwgkY1dR7h5bcpG0b2bem4W4rSVsPS1hJnZlSkp2-V0h4jPVA9Ej1nvj2Oq6zMAPhZ-086lRet1O9--gxF72Wgw-G_IEFgjBmywpaQCE0WTKfiCL6LQTVqHV0Yw7FlmQ0p6c8yKzzxdh3TlA:1poMoS:7tyC6DryrhLfKwiRJKky7cuv8Jx9u0Z2v61W_g2xgLc','2023-05-01 11:14:24.317213'),('xugwx2gzluwuo6b1cgbz12c242hn08dt','.eJxVjMEOgjAQRP-lZ9N0KWxbj975hma3bAU1JaFwMv67kHDQOb55M28VaVvHuFVZ4jSoqwJ1-WVM6SnlKIYHlfus01zWZWJ9KPpsq-7nQV630_07GKmO-5rMHgsWMSA6Dx3ZxuUMJpuwU4_QeQL2gtKhC7kxJGyzA-aW2yTq8wWZyjbY:1pksMS:ho-hUbTisXeIO2cJ_EZukEWAa_a9Xhuy7jTW0jGH4GA','2023-04-21 20:07:04.208757'),('xv9c39xy1xwga0mbhv8nd3g533mhq50f','.eJxVjEEOgjAQRe_StWk6pTNQl-49A5l2poIaSCisjHdXEha6_e-9_zI9b-vQb1WXfhRzNtA5c_pdE-eHTjuSO0-32eZ5Wpcx2V2xB632Oos-L4f7dzBwHb61i149CgmgSizghR2JcyEAdiUyEGTXFkJiJdTYaIFUGqQmtaFkNu8PH4U4Nw:1polbP:Jy0px9O7DMcTZacdWKLYQp0JJOQcaXHMy-rn-3Ype1g','2023-05-02 13:42:35.136062'),('xyuankx8f7rklcqsvsyvyk0xc2nvequv','.eJxVjEEOwiAQRe_C2hAKOIBL9z0DGYapVA0kpV0Z765NutDtf-_9l4i4rSVunZc4Z3ERRmtx-l0T0oPrjvId661JanVd5iR3RR60y7Flfl4P9--gYC_fOmXFOGVj0ZN2QUNwnsOgzAAe6WwCeKV0ADbBIdsMAGQnz6TAgVEk3h8gDTeR:1pnHmP:y5zZuPyKd4FWm3op1dy0qrwzXnWNPEToAhYki6Y4BoA','2023-04-28 11:39:49.020608'),('xz3wfb5abdab56coihnkci5fub1xio2z','.eJxVjDsOwjAQBe_iGlkYf1hT0nMGa3ftxQHkSHFSIe5OIqWAdmbee6uEy1zT0suUhqwuKoA6_EJCfpa2mfzAdh81j22eBtJbonfb9W3M5XXd27-Dir2uawDPINEgRiM-ROtNLs5aZ1YQgekE4i3iWZgloFBG55COEUJxHkl9vgwTOKw:1pkkK3:0aMyJtq50FIYnyRPH-IYQmrrrxF0rg9bwv10mZqglnY','2023-04-21 11:32:03.512504'),('xzp8ouk6wadrsygldeo4hyf8hxjvph0k','.eJxVjDsOwyAQBe9CHSHzNaRM7zMgdheCkwgkY1dR7h5bcpG0b2bem4W4rSVsPS1hJnZlSkp2-V0h4jPVA9Ej1nvj2Oq6zMAPhZ-086lRet1O9--gxF72Wgw-G_IEFgjBmywpaQCE0WTKfiCL6LQTVqHV0Yw7FlmQ0p6c8yKzzxdh3TlA:1pncBF:lheAHLTAxICmaYNeIkQ4pJ7Pdzuc3I7fGD6NtS3Voq8','2023-04-29 09:26:49.887109'),('y16l815if7h2bzdehh11ogrvj54dngau','.eJxVjEEOwiAQRe_C2hAKOIBL9z0DGYapVA0kpV0Z765NutDtf-_9l4i4rSVunZc4Z3ERRmtx-l0T0oPrjvId661JanVd5iR3RR60y7Flfl4P9--gYC_fOmXFOGVj0ZN2QUNwnsOgzAAe6WwCeKV0ADbBIdsMAGQnz6TAgVEk3h8gDTeR:1pnFAO:pVqPyilM8Sz1BdnUy68tX91_oBuUwXcuOjm_lNYZ5sE','2023-04-28 08:52:24.568505'),('y4j3s9ysn9tkp9wz1jnlklc02oafqsyd','.eJxVjDsOwyAQBe9CHSHzNaRM7zMgdheCkwgkY1dR7h5bcpG0b2bem4W4rSVsPS1hJnZlSkp2-V0h4jPVA9Ej1nvj2Oq6zMAPhZ-086lRet1O9--gxF72Wgw-G_IEFgjBmywpaQCE0WTKfiCL6LQTVqHV0Yw7FlmQ0p6c8yKzzxdh3TlA:1pngGf:B4EW03w-IEucYLffjvBTuFQ5R9uWGKAhWn2a12LCipY','2023-04-29 13:48:41.707464'),('y4oha0a6w5abs20rc4smm65bwuinzl7j','.eJxVjEEOwiAQRe_C2hAKOIBL9z0DGYapVA0kpV0Z765NutDtf-_9l4i4rSVunZc4Z3ERRmtx-l0T0oPrjvId661JanVd5iR3RR60y7Flfl4P9--gYC_fOmXFOGVj0ZN2QUNwnsOgzAAe6WwCeKV0ADbBIdsMAGQnz6TAgVEk3h8gDTeR:1pnF4z:_oG34sAURlawPD-XafWVVObxasH7ec-N80kI8k56A24','2023-04-28 08:46:49.389619'),('y55hz2iog6m1labs9mwxrh9bf9oh4y5u','.eJxVjDsOwyAQBe9CHSHzNaRM7zMgdheCkwgkY1dR7h5bcpG0b2bem4W4rSVsPS1hJnZlSkp2-V0h4jPVA9Ej1nvj2Oq6zMAPhZ-086lRet1O9--gxF72Wgw-G_IEFgjBmywpaQCE0WTKfiCL6LQTVqHV0Yw7FlmQ0p6c8yKzzxdh3TlA:1po2bv:AJLUuKYH3UjjDYO3S_u_6leB92JJCFUtx4jFwCE_RJI','2023-04-30 13:40:07.882134'),('y9s0togd30qmnpkdasp4hm8cqx4wrq3i','.eJxVjEEOwiAQRe_C2hAKOIBL9z0DGYapVA0kpV0Z765NutDtf-_9l4i4rSVunZc4Z3ERRmtx-l0T0oPrjvId661JanVd5iR3RR60y7Flfl4P9--gYC_fOmXFOGVj0ZN2QUNwnsOgzAAe6WwCeKV0ADbBIdsMAGQnz6TAgVEk3h8gDTeR:1pnHXK:DZNUiH-Ut9s9hgjKiLOTqjD1wYNGyy7wwhXlN3CewAg','2023-04-28 11:24:14.455928'),('yaekllv284f4tq51zd7qgvoqhwrossau','.eJxVjMEOgjAQRP-lZ9N0KWxbj975hma3bAU1JaFwMv67kHDQOb55M28VaVvHuFVZ4jSoqwJ1-WVM6SnlKIYHlfus01zWZWJ9KPpsq-7nQV630_07GKmO-5rMHgsWMSA6Dx3ZxuUMJpuwU4_QeQL2gtKhC7kxJGyzA-aW2yTq8wWZyjbY:1pq5cf:0GVXfflN5xoRRfMB3TNHjYKfO4ZGx4s-hM5hExoMUb8','2023-05-06 05:17:21.182029'),('yc31attj20x3ei1r1paymdu6a0tyzgzi','.eJxVjDsOwyAQBe9CHSHzNaRM7zMgdheCkwgkY1dR7h5bcpG0b2bem4W4rSVsPS1hJnZlSkp2-V0h4jPVA9Ej1nvj2Oq6zMAPhZ-086lRet1O9--gxF72Wgw-G_IEFgjBmywpaQCE0WTKfiCL6LQTVqHV0Yw7FlmQ0p6c8yKzzxdh3TlA:1pnXI4:jdQL8cjnoaCgfvF5e3Pvm-gzLLQulGg-QMp8DcmAnIY','2023-04-29 04:13:32.129810'),('yd1tn8fusmgdu3pwarcqks86urrhsiu4','.eJxVjDsOwjAQBe_iGlm2418o6XMGa9e74ACypTipEHeHSCmgfTPzXiLBtpa0dV7STOIsfBSn3xEhP7juhO5Qb03mVtdlRrkr8qBdTo34eTncv4MCvXxrJOVHh1cwRvmINjDyQIZD9I7BsKNgA-ocgMniiKBAa7Yaguc8oBPvDydlOO4:1ppnuc:OtrTz1U5LBERcTIvnaN21ZbKmddOdCwfI053KZbF0cI','2023-05-05 10:22:42.387199'),('yhr39o492wodzgl849zwzi58jqcz5szl','.eJxVjEEOwiAQRe_C2hAKOIBL9z0DGYapVA0kpV0Z765NutDtf-_9l4i4rSVunZc4Z3ERRmtx-l0T0oPrjvId661JanVd5iR3RR60y7Flfl4P9--gYC_fOmXFOGVj0ZN2QUNwnsOgzAAe6WwCeKV0ADbBIdsMAGQnz6TAgVEk3h8gDTeR:1pmcb2:4FPoHJuaMWHfRWWEeDz7Dct4IorH98S4ZzrIjBwtAqc','2023-04-26 15:41:20.687599'),('yily75wywq2oe1aq1a8v88obif1i7tdw','.eJxVjDsOwyAQBe9CHSHzNaRM7zMgdheCkwgkY1dR7h5bcpG0b2bem4W4rSVsPS1hJnZlSkp2-V0h4jPVA9Ej1nvj2Oq6zMAPhZ-086lRet1O9--gxF72Wgw-G_IEFgjBmywpaQCE0WTKfiCL6LQTVqHV0Yw7FlmQ0p6c8yKzzxdh3TlA:1pnffJ:lWlI2byS9RJ063uyESZh0kT85urt4xXtEAcSPm6T-Uo','2023-04-29 13:10:05.113573'),('yit09ys2mpaipnn68cryglf5ewkb439d','.eJxVjEEOwiAQRe_C2hAKOIBL9z0DGYapVA0kpV0Z765NutDtf-_9l4i4rSVunZc4Z3ERRmtx-l0T0oPrjvId661JanVd5iR3RR60y7Flfl4P9--gYC_fOmXFOGVj0ZN2QUNwnsOgzAAe6WwCeKV0ADbBIdsMAGQnz6TAgVEk3h8gDTeR:1pnFLJ:uKlWAghweurvenj1cnhLBJrJbvyFHK1oeOgy4codxms','2023-04-28 09:03:41.124436'),('yiymaym8njnn9g5cup2f5i4ywwmvkim3','.eJxVjEEOwiAQRe_C2hAKOIBL9z0DGYapVA0kpV0Z765NutDtf-_9l4i4rSVunZc4Z3ERRmtx-l0T0oPrjvId661JanVd5iR3RR60y7Flfl4P9--gYC_fOmXFOGVj0ZN2QUNwnsOgzAAe6WwCeKV0ADbBIdsMAGQnz6TAgVEk3h8gDTeR:1pnF4p:ZmDh7ctWUS2Eiq6ZtwgyxRAiHqaTfoCrcjA8eWCHGn4','2023-04-28 08:46:39.637202'),('yjmf7wbvy6gw4m7thetfa1yblk8pcyjs','.eJxVjDsOwyAQBe9CHSFjWAMp0_sMaBeW4CQCyZ8qyt0jJBdJ-2bmvUXAYy_h2HgNSxJXoc0oLr8rYXxy7Sg9sN6bjK3u60KyK_Kkm5xb4tftdP8OCm6l1wNNnJUaDINjHZVmw9a7yNmOOcFABgjBJszAniABOkU2a57IZ6fE5wtL4jk4:1prEHt:IElq95UQZ-_2D-SV3-SN-6pDdD0YO14REfDUFH56DO4','2023-05-09 08:44:37.077186'),('yka1pttl7izhhsadx1hkxafrk849c2sy','.eJxVjMEOgjAQRP-lZ9N0KWxbj975hma3bAU1JaFwMv67kHDQOb55M28VaVvHuFVZ4jSoqwJ1-WVM6SnlKIYHlfus01zWZWJ9KPpsq-7nQV630_07GKmO-5rMHgsWMSA6Dx3ZxuUMJpuwU4_QeQL2gtKhC7kxJGyzA-aW2yTq8wWZyjbY:1pkjkk:L9fZMhtNBS0-i0glYvU8EPKy804OjB6sypu36XcXEHA','2023-04-21 10:55:34.868451'),('ykp4ettdh0srws9mk2xo6h4kt0u3937x','.eJxVjEEOgjAQRe_StWk6pTNQl-49A5l2poIaSCisjHdXEha6_e-9_zI9b-vQb1WXfhRzNtA5c_pdE-eHTjuSO0-32eZ5Wpcx2V2xB632Oos-L4f7dzBwHb61i149CgmgSizghR2JcyEAdiUyEGTXFkJiJdTYaIFUGqQmtaFkNu8PH4U4Nw:1pnMIY:G2uKfpnDXrixCkfl0-dQ6c7YcwQJx1IOIYMfm3_15Oo','2023-04-28 16:29:18.878943'),('ykv5hcskml3khbv0idgpk3e96x6am5im','.eJxVjDsOwjAQBe_iGlm2418o6XMGa9e74ACypTipEHeHSCmgfTPzXiLBtpa0dV7STOIsfBSn3xEhP7juhO5Qb03mVtdlRrkr8qBdTo34eTncv4MCvXxrJOVHh1cwRvmINjDyQIZD9I7BsKNgA-ocgMniiKBAa7Yaguc8oBPvDydlOO4:1poiFt:1vnJbRJT6EYO91Av24yCk2DzAQxYFVHQvmWBJD2f_7I','2023-05-02 10:08:09.961303'),('yml1698anodljt2cm2pg1jigdiu8pf4o','.eJxVjEEOwiAQRe_C2hAKOIBL9z0DGYapVA0kpV0Z765NutDtf-_9l4i4rSVunZc4Z3ERRmtx-l0T0oPrjvId661JanVd5iR3RR60y7Flfl4P9--gYC_fOmXFOGVj0ZN2QUNwnsOgzAAe6WwCeKV0ADbBIdsMAGQnz6TAgVEk3h8gDTeR:1pmZIc:jsVT8tEuEtqN1kHSf_91g51kL4E_PC_2UlsE74QyiiI','2023-04-26 12:10:06.416881'),('yoi55uhhb08vkyzw2fzdq90h6uzehq2e','.eJxVjMEOgjAQRP-lZ9N0KWxbj975hma3bAU1JaFwMv67kHDQOb55M28VaVvHuFVZ4jSoqwJ1-WVM6SnlKIYHlfus01zWZWJ9KPpsq-7nQV630_07GKmO-5rMHgsWMSA6Dx3ZxuUMJpuwU4_QeQL2gtKhC7kxJGyzA-aW2yTq8wWZyjbY:1pqCem:V_9R6Kl0ybPlzMYbhlWSc4lAawPT6nq1BG_Gto2NXlM','2023-05-06 12:48:00.142553'),('yowtmt10m2rej7264frvm4mw4rc1n6b4','.eJxVjMEOgjAQRP-lZ9N0KWxbj975hma3bAU1JaFwMv67kHDQOb55M28VaVvHuFVZ4jSoqwJ1-WVM6SnlKIYHlfus01zWZWJ9KPpsq-7nQV630_07GKmO-5rMHgsWMSA6Dx3ZxuUMJpuwU4_QeQL2gtKhC7kxJGyzA-aW2yTq8wWZyjbY:1pkRGH:dagdYLCtFpusnKttdm1dh45vPEWuVighl3oCR3QS48s','2023-04-20 15:10:53.536945'),('ypzecpx37pftx13ucute990s0z31a9rc','.eJxVjDsOwjAQBe_iGlnrT3YtSnrOYK1_OIBsKU4qxN0hUgpo38y8l_C8rdVvIy9-TuIsFII4_a6B4yO3HaU7t1uXsbd1mYPcFXnQIa895eflcP8OKo_6rS2q4ChB1E5TLAW0ck4RRrLWTtmQ4aKzSQ40hgyEE5pATBCVQgNJvD8EgDcQ:1pon1L:13dP1DenUHjVbbhquzsB4Y6INLYAE2B9uEPuLxK2Zt8','2023-05-02 15:13:27.723428'),('yqb1ywehgmwot9myvmx5apdjhmdtb9co','.eJxVjMEOgjAQRP-lZ9N0KWxbj975hma3bAU1JaFwMv67kHDQOb55M28VaVvHuFVZ4jSoqwJ1-WVM6SnlKIYHlfus01zWZWJ9KPpsq-7nQV630_07GKmO-5rMHgsWMSA6Dx3ZxuUMJpuwU4_QeQL2gtKhC7kxJGyzA-aW2yTq8wWZyjbY:1pk4ys:jPhc0DdCDr1wM9N77gWuJXKnZjnAUB6cqaY6mZNrNr8','2023-04-19 15:23:26.909726'),('yqyo96e5zt5r5zfiklv4lrapnh24ook8','.eJxVjDsOwjAQBe_iGlm2418o6XMGa9e74ACypTipEHeHSCmgfTPzXiLBtpa0dV7STOIsfBSn3xEhP7juhO5Qb03mVtdlRrkr8qBdTo34eTncv4MCvXxrJOVHh1cwRvmINjDyQIZD9I7BsKNgA-ocgMniiKBAa7Yaguc8oBPvDydlOO4:1ppQdS:CsaYKdsS2hVtci7kOI9ygkjztVc4i0GVQBBToNe2H4M','2023-05-04 09:31:26.753901'),('ys0dvry2uwrd4kyizxlfh5jwttkhy01s','.eJxVjMEOgjAQRP-lZ9N0KWxbj975hma3bAU1JaFwMv67kHDQOb55M28VaVvHuFVZ4jSoqwJ1-WVM6SnlKIYHlfus01zWZWJ9KPpsq-7nQV630_07GKmO-5rMHgsWMSA6Dx3ZxuUMJpuwU4_QeQL2gtKhC7kxJGyzA-aW2yTq8wWZyjbY:1pkp9J:y3UEXVVusEEJwA65SlYpOPpSOje3BMlxMrdS5cFvMZg','2023-04-21 16:41:17.341242'),('ytefz7323avhq7j0pc0dtcnark715850','.eJxVjEEOwiAQRe_C2hAKOIBL9z0DGYapVA0kpV0Z765NutDtf-_9l4i4rSVunZc4Z3ERRmtx-l0T0oPrjvId661JanVd5iR3RR60y7Flfl4P9--gYC_fOmXFOGVj0ZN2QUNwnsOgzAAe6WwCeKV0ADbBIdsMAGQnz6TAgVEk3h8gDTeR:1pn0Qb:PaTqv5qrh4oad_Fm5R5BUEbV2agkcQBjWF5xRYB4t_w','2023-04-27 17:08:09.872759'),('ytkuwcz6c00y31yw85sdciw5urqyu7va','e30:1pg23K:5KjPiwv3O6-FVk2gcgA18aE23P-ex9Ziid45SriYT3U','2023-04-08 11:27:18.155843'),('ytu84cc7qvajk85fhevr32tvb0q1tz6g','.eJxVjDsOwjAQBe_iGlm2418o6XMGa9e74ACypTipEHeHSCmgfTPzXiLBtpa0dV7STOIsfBSn3xEhP7juhO5Qb03mVtdlRrkr8qBdTo34eTncv4MCvXxrJOVHh1cwRvmINjDyQIZD9I7BsKNgA-ocgMniiKBAa7Yaguc8oBPvDydlOO4:1ppuTE:ZlkpqfS2zdcYiEtlKY4YJDbQ9p9Ll3mGYikkBtqF2eI','2023-05-05 17:22:52.533842'),('yvbublebmsi3j35g3hyx27qzitf2bn2m','.eJxVjDsOwjAQBe_iGlkYf1hT0nMGa3ftxQHkSHFSIe5OIqWAdmbee6uEy1zT0suUhqwuKoA6_EJCfpa2mfzAdh81j22eBtJbonfb9W3M5XXd27-Dir2uawDPINEgRiM-ROtNLs5aZ1YQgekE4i3iWZgloFBG55COEUJxHkl9vgwTOKw:1pklBr:gAHDXPrQY3hal2UCaEa-SSUI1zHEgegL3AP8E8UR8AY','2023-04-21 12:27:39.469886'),('yxclz9kyi730sjbdxze6bsr9hl7ysolt','.eJxVjDsOwjAQBe_iGlm2418o6XMGa9e74ACypTipEHeHSCmgfTPzXiLBtpa0dV7STOIsfBSn3xEhP7juhO5Qb03mVtdlRrkr8qBdTo34eTncv4MCvXxrJOVHh1cwRvmINjDyQIZD9I7BsKNgA-ocgMniiKBAa7Yaguc8oBPvDydlOO4:1pppyb:mb40SiNWZ_NE9NuHqXZBI6Thpde86EIN_nHWnQzVlHM','2023-05-05 12:34:57.943953'),('yz064wae7hqgdlsw90bw1qa7hb78lja7','.eJxVjEEOwiAQRe_C2hAKOIBL9z0DGYapVA0kpV0Z765NutDtf-_9l4i4rSVunZc4Z3ERRmtx-l0T0oPrjvId661JanVd5iR3RR60y7Flfl4P9--gYC_fOmXFOGVj0ZN2QUNwnsOgzAAe6WwCeKV0ADbBIdsMAGQnz6TAgVEk3h8gDTeR:1pmcdD:gLj8SFZxEgIhr3HFYS1TlPaDmBqwdYWhclkNc7K-hmM','2023-04-26 15:43:35.665616'),('yzm6ioay8u9z1xvmtcvgazazc1l52gla','.eJxVjEEOwiAQRe_C2hAKOIBL9z0DGYapVA0kpV0Z765NutDtf-_9l4i4rSVunZc4Z3ERRmtx-l0T0oPrjvId661JanVd5iR3RR60y7Flfl4P9--gYC_fOmXFOGVj0ZN2QUNwnsOgzAAe6WwCeKV0ADbBIdsMAGQnz6TAgVEk3h8gDTeR:1pnF3h:S_S1-hFhE91LRzszgQbdFuOYtiLWLDWNhEf7O2kowrU','2023-04-28 08:45:29.282555'),('z5435dxebeaqlpgyfxb6ubqud6mnxi6r','.eJxVjDsOwyAQBe9CHSHzNaRM7zMgdheCkwgkY1dR7h5bcpG0b2bem4W4rSVsPS1hJnZlSkp2-V0h4jPVA9Ej1nvj2Oq6zMAPhZ-086lRet1O9--gxF72Wgw-G_IEFgjBmywpaQCE0WTKfiCL6LQTVqHV0Yw7FlmQ0p6c8yKzzxdh3TlA:1pnf9Z:0CJy8I9GNigq-9GRF1LHzRvpeiLzd7_USBwVLjnZGbc','2023-04-29 12:37:17.452709'),('z5y3dnpt0phgsib45q8htiyqutocgnq2','.eJxVjMEOgjAQRP-lZ9N0KWxbj975hma3bAU1JaFwMv67kHDQOb55M28VaVvHuFVZ4jSoqwJ1-WVM6SnlKIYHlfus01zWZWJ9KPpsq-7nQV630_07GKmO-5rMHgsWMSA6Dx3ZxuUMJpuwU4_QeQL2gtKhC7kxJGyzA-aW2yTq8wWZyjbY:1ps0By:NVeETD5lNZ-XKmck_0Z1DE2YjExfqP7mYpVVXRWy1LM','2023-05-11 11:53:42.011520'),('z84n6k1jra7w5wxu1m5wlv94v3if5c8h','.eJxVjEEOwiAQRe_C2hAKOIBL9z0DGYapVA0kpV0Z765NutDtf-_9l4i4rSVunZc4Z3ERRmtx-l0T0oPrjvId661JanVd5iR3RR60y7Flfl4P9--gYC_fOmXFOGVj0ZN2QUNwnsOgzAAe6WwCeKV0ADbBIdsMAGQnz6TAgVEk3h8gDTeR:1pmcF7:bRWifpN8vUjnXhwhu9_kEZCnkhhRisDnwm9ZveSg5n4','2023-04-26 15:18:41.182246'),('z85mr4dwbprjqvdros1hbsxyojwbw5pt','.eJxVjDsOwyAQBe9CHSHzNaRM7zMgdheCkwgkY1dR7h5bcpG0b2bem4W4rSVsPS1hJnZlSkp2-V0h4jPVA9Ej1nvj2Oq6zMAPhZ-086lRet1O9--gxF72Wgw-G_IEFgjBmywpaQCE0WTKfiCL6LQTVqHV0Yw7FlmQ0p6c8yKzzxdh3TlA:1pnfeP:0jIaM-1YTUvP5ME_oGARbQmQs3ZEUAjeS9MdmTUkq8I','2023-04-29 13:09:09.309623'),('z9a7fh96yeg3erivwf75hbvx1q51dxgg','.eJxVjDsOwyAQBe9CHSHzNaRM7zMgdheCkwgkY1dR7h5bcpG0b2bem4W4rSVsPS1hJnZlSkp2-V0h4jPVA9Ej1nvj2Oq6zMAPhZ-086lRet1O9--gxF72Wgw-G_IEFgjBmywpaQCE0WTKfiCL6LQTVqHV0Yw7FlmQ0p6c8yKzzxdh3TlA:1pr0F8:G_Z16mJPGdkfn1k_YB-f947V0HJm5zyJ7yycsw5BRBA','2023-05-08 17:44:50.741702'),('zd2kgn29ub810b4q2so0vtqkbi7h6gty','.eJxVjEEOgjAQRe_StWk6pTNQl-49A5l2poIaSCisjHdXEha6_e-9_zI9b-vQb1WXfhRzNtA5c_pdE-eHTjuSO0-32eZ5Wpcx2V2xB632Oos-L4f7dzBwHb61i149CgmgSizghR2JcyEAdiUyEGTXFkJiJdTYaIFUGqQmtaFkNu8PH4U4Nw:1pnNnO:JdQLJrSx-qcwx0XVteDKOgEzgy0DLxDjJWlC2wbWmtQ','2023-04-28 18:05:14.976980'),('zewkud76x7mmj22l4wo9mdctb16k8hiy','.eJxVjDsOwyAQBe9CHSHzNaRM7zMgdheCkwgkY1dR7h5bcpG0b2bem4W4rSVsPS1hJnZlSkp2-V0h4jPVA9Ej1nvj2Oq6zMAPhZ-086lRet1O9--gxF72Wgw-G_IEFgjBmywpaQCE0WTKfiCL6LQTVqHV0Yw7FlmQ0p6c8yKzzxdh3TlA:1pqwlU:TNtKLnmlJ6jpxM1sTp6Ia35-M76you8zlzY4aEB5Ot0','2023-05-08 14:02:00.151884'),('zfojsa1664tuwz9dqn8bfj9ekjgk7r5b','.eJxVjMEOgjAQRP-lZ9N0KWxbj975hma3bAU1JaFwMv67kHDQOb55M28VaVvHuFVZ4jSoqwJ1-WVM6SnlKIYHlfus01zWZWJ9KPpsq-7nQV630_07GKmO-5rMHgsWMSA6Dx3ZxuUMJpuwU4_QeQL2gtKhC7kxJGyzA-aW2yTq8wWZyjbY:1pkPkR:b4Z8thW8PTykzqh3X3HSpqiD67EoOcJ6Pksl5YDI39U','2023-04-20 13:33:55.519959'),('zgh8p2w5ol5jbzuzj84dxpm20vuzjo7q','.eJxVjMEOgjAQRP-lZ9N0KWxbj975hma3bAU1JaFwMv67kHDQOb55M28VaVvHuFVZ4jSoqwJ1-WVM6SnlKIYHlfus01zWZWJ9KPpsq-7nQV630_07GKmO-5rMHgsWMSA6Dx3ZxuUMJpuwU4_QeQL2gtKhC7kxJGyzA-aW2yTq8wWZyjbY:1ps0yT:_ad05o6jpVKpvAJkuWB8tZe_1EiiXjDFoYV8FzzpoyI','2023-05-11 12:43:49.008767'),('zgt1snk0h1psq8wag91ffqg6bdireuhm','.eJxVjEEOwiAQRe_C2hAKOIBL9z0DGYapVA0kpV0Z765NutDtf-_9l4i4rSVunZc4Z3ERRmtx-l0T0oPrjvId661JanVd5iR3RR60y7Flfl4P9--gYC_fOmXFOGVj0ZN2QUNwnsOgzAAe6WwCeKV0ADbBIdsMAGQnz6TAgVEk3h8gDTeR:1pn22e:sRVKrY1KHpG3-6BDZUPjiRbkTHyVCo7eVnc9HOM-p5Q','2023-04-27 18:51:32.580361'),('zgw8c9yyz7rywneg9x6o2xbs8hc1ppob','.eJxVjDsOwjAQBe_iGlm2418o6XMGa9e74ACypTipEHeHSCmgfTPzXiLBtpa0dV7STOIsfBSn3xEhP7juhO5Qb03mVtdlRrkr8qBdTo34eTncv4MCvXxrJOVHh1cwRvmINjDyQIZD9I7BsKNgA-ocgMniiKBAa7Yaguc8oBPvDydlOO4:1pomub:CLjhgnfPqZB8HFNOl7NVFIJ0B5jnBMH520cG51chqZw','2023-05-02 15:06:29.623020'),('zj8ppcj05w7d85zodytddsg097esow1h','.eJxVjMEOgjAQRP-lZ9N0KWxbj975hma3bAU1JaFwMv67kHDQOb55M28VaVvHuFVZ4jSoqwJ1-WVM6SnlKIYHlfus01zWZWJ9KPpsq-7nQV630_07GKmO-5rMHgsWMSA6Dx3ZxuUMJpuwU4_QeQL2gtKhC7kxJGyzA-aW2yTq8wWZyjbY:1pk4wG:KMWUJcI4f79Z3XPpESgrCh6AyT08W-Xz2Q3ksVnjEIM','2023-04-19 15:20:44.432452'),('zn7lbt5opt0nllvt9lqac4ketv4cgzou','.eJxVjMEOgjAQRP-lZ9N0KWxbj975hma3bAU1JaFwMv67kHDQOb55M28VaVvHuFVZ4jSoqwJ1-WVM6SnlKIYHlfus01zWZWJ9KPpsq-7nQV630_07GKmO-5rMHgsWMSA6Dx3ZxuUMJpuwU4_QeQL2gtKhC7kxJGyzA-aW2yTq8wWZyjbY:1pqVii:r4_giGUWtSdENQNAnJUPLd_A-x-EHsERD-49u5xGcuU','2023-05-07 09:09:20.329912'),('zo3bzczfywqlhknvyhoxnltg89924q1q','.eJxVjMEOgjAQRP-lZ9N0KWxbj975hma3bAU1JaFwMv67kHDQOb55M28VaVvHuFVZ4jSoqwJ1-WVM6SnlKIYHlfus01zWZWJ9KPpsq-7nQV630_07GKmO-5rMHgsWMSA6Dx3ZxuUMJpuwU4_QeQL2gtKhC7kxJGyzA-aW2yTq8wWZyjbY:1pkjcd:z76iQZ3xjuj-V6KS3W3HQbXkPIu2W0gVV3oqm_MlCtc','2023-04-21 10:47:11.055967'),('zolnk50fjm7p80hckumk3719dc5x5ta7','.eJxVjDsOwjAQBe_iGlkYf1hT0nMGa3ftxQHkSHFSIe5OIqWAdmbee6uEy1zT0suUhqwuKoA6_EJCfpa2mfzAdh81j22eBtJbonfb9W3M5XXd27-Dir2uawDPINEgRiM-ROtNLs5aZ1YQgekE4i3iWZgloFBG55COEUJxHkl9vgwTOKw:1poPze:OIKrhTYI89gvE8F_3omleS6YRqSUkbDjQLN6ULyL4Wc','2023-05-01 14:38:10.960190'),('zqpxfl6ael610nrvkzpf586cyn54my5t','.eJxVjDsOwjAQBe_iGlm2418o6XMGa9e74ACypTipEHeHSCmgfTPzXiLBtpa0dV7STOIsfBSn3xEhP7juhO5Qb03mVtdlRrkr8qBdTo34eTncv4MCvXxrJOVHh1cwRvmINjDyQIZD9I7BsKNgA-ocgMniiKBAa7Yaguc8oBPvDydlOO4:1ppWJC:jw41mf4CkSMU47xUc9V0nyBD5LIEpgJvJsIJBuzw4yM','2023-05-04 15:34:54.594573'),('zrie7x41033a6zelxoxh0b1pk9shncdm','.eJxVjDsOwyAQBe9CHSHzNaRM7zMgdheCkwgkY1dR7h5bcpG0b2bem4W4rSVsPS1hJnZlSkp2-V0h4jPVA9Ej1nvj2Oq6zMAPhZ-086lRet1O9--gxF72Wgw-G_IEFgjBmywpaQCE0WTKfiCL6LQTVqHV0Yw7FlmQ0p6c8yKzzxdh3TlA:1po1GI:pcrmJD7RkPuLiYdkJL9mYIC99qeI_LtL9aoh_IYkH8M','2023-04-30 12:13:42.709603'),('zsnrq8nqfaukgso7swl4d3axi66c6vyy','.eJxVjEEOgjAQRe_StWlombHFpXvOQKYzg6CmTSisjHdXEha6_e-9_zIDbes0bFWXYRZzMa335vS7JuKH5h3JnfKtWC55XeZkd8UetNq-iD6vh_t3MFGdvjVDTKoBx6ZpvbToBBBdxE7PEIA4BM-AHMVB5yjoOEYVpiTMERvP5v0BJB04nw:1pnJC7:zbhmlQWkNnTIkcVcL58mNb2H08Ko99Qb1vdsrzHUBUc','2023-04-28 13:10:27.006464'),('ztvyvlhbntnavc24doxc3n0nvenp77ag','.eJxVjEEOwiAQRe_C2hAKOIBL9z0DGYapVA0kpV0Z765NutDtf-_9l4i4rSVunZc4Z3ERRmtx-l0T0oPrjvId661JanVd5iR3RR60y7Flfl4P9--gYC_fOmXFOGVj0ZN2QUNwnsOgzAAe6WwCeKV0ADbBIdsMAGQnz6TAgVEk3h8gDTeR:1pnFAp:9Mbnn3CKvrBpDVFi3-1kvx-3r6nzd1sIQ7aXRnUNP-U','2023-04-28 08:52:51.309367'),('zu9lfby9vzcoi08w2i3pu3lipg8ck91n','.eJxVjMEOgjAQRP-lZ9N0KWxbj975hma3bAU1JaFwMv67kHDQOb55M28VaVvHuFVZ4jSoqwJ1-WVM6SnlKIYHlfus01zWZWJ9KPpsq-7nQV630_07GKmO-5rMHgsWMSA6Dx3ZxuUMJpuwU4_QeQL2gtKhC7kxJGyzA-aW2yTq8wWZyjbY:1picZm:9YdWG7mXNJBqrTZ30JMhKXh4QKdYBAp-XWBNwSf4piE','2023-04-15 14:51:30.745054'),('zufjv2duiww4ttsuhzksb0lg9u0ihah3','.eJxVjDsOwyAQBe9CHSHzNaRM7zMgdheCkwgkY1dR7h5bcpG0b2bem4W4rSVsPS1hJnZlSkp2-V0h4jPVA9Ej1nvj2Oq6zMAPhZ-086lRet1O9--gxF72Wgw-G_IEFgjBmywpaQCE0WTKfiCL6LQTVqHV0Yw7FlmQ0p6c8yKzzxdh3TlA:1pneE8:ug4paA0Z4LzF91oe_aaSnB1jlDRtJJKGmiyq7BJHHDE','2023-04-29 11:37:56.411917'),('zunldeamf3f2useaz7qcc94tynl67s76','.eJxVjMEOgjAQRP-lZ9N0KWxbj975hma3bAU1JaFwMv67kHDQOb55M28VaVvHuFVZ4jSoqwJ1-WVM6SnlKIYHlfus01zWZWJ9KPpsq-7nQV630_07GKmO-5rMHgsWMSA6Dx3ZxuUMJpuwU4_QeQL2gtKhC7kxJGyzA-aW2yTq8wWZyjbY:1pqshm:p8HPaB7egfQhK8VJaKTlNSSQk1sT6Hkjy0uhAmQkV98','2023-05-08 09:41:54.733824'),('zwtrgr635eduj66tqad4tgrha7juzt21','.eJxVjMEOgjAQRP-lZ9N0KWxbj975hma3bAU1JaFwMv67kHDQOb55M28VaVvHuFVZ4jSoqwJ1-WVM6SnlKIYHlfus01zWZWJ9KPpsq-7nQV630_07GKmO-5rMHgsWMSA6Dx3ZxuUMJpuwU4_QeQL2gtKhC7kxJGyzA-aW2yTq8wWZyjbY:1pklGf:iaA1tC5wMEZ1vdCONpC0Yngo-eyRnGZmnqgBVEAzWoQ','2023-04-21 12:32:37.126935'),('zydlp3hjcq952zmlnmni8qxwe7ngzrxn','.eJxVjMEOgjAQRP-lZ9N0KWxbj975hma3bAU1JaFwMv67kHDQOb55M28VaVvHuFVZ4jSoqwJ1-WVM6SnlKIYHlfus01zWZWJ9KPpsq-7nQV630_07GKmO-5rMHgsWMSA6Dx3ZxuUMJpuwU4_QeQL2gtKhC7kxJGyzA-aW2yTq8wWZyjbY:1ps10y:rJDVpb-8vHOE6zPfMvYTRgqsXjiPeJnz1FM8i88eBP4','2023-05-11 12:46:24.021995');
/*!40000 ALTER TABLE `django_session` ENABLE KEYS */;
UNLOCK TABLES;

--
-- Table structure for table `peregrine_app_administrator`
--

DROP TABLE IF EXISTS `peregrine_app_administrator`;
/*!40101 SET @saved_cs_client     = @@character_set_client */;
/*!40101 SET character_set_client = utf8 */;
CREATE TABLE `peregrine_app_administrator` (
  `id` bigint(20) NOT NULL AUTO_INCREMENT,
  `first_name` varchar(255) NOT NULL,
  `last_name` varchar(255) NOT NULL,
  `user_id_id` int(11) NOT NULL,
  PRIMARY KEY (`id`),
  UNIQUE KEY `user_id_id` (`user_id_id`),
  CONSTRAINT `peregrine_app_administrator_user_id_id_77bb4f72_fk_auth_user_id` FOREIGN KEY (`user_id_id`) REFERENCES `auth_user` (`id`)
) ENGINE=InnoDB AUTO_INCREMENT=12 DEFAULT CHARSET=latin1;
/*!40101 SET character_set_client = @saved_cs_client */;

--
-- Dumping data for table `peregrine_app_administrator`
--

LOCK TABLES `peregrine_app_administrator` WRITE;
/*!40000 ALTER TABLE `peregrine_app_administrator` DISABLE KEYS */;
INSERT INTO `peregrine_app_administrator` VALUES (1,'Rawi','Mousa',1),(3,'Sally','Dawahri',77),(8,'Rawi','Admin second',348),(9,'Yousef','Dawahry',349),(11,'Danny','Teacher',352);
/*!40000 ALTER TABLE `peregrine_app_administrator` ENABLE KEYS */;
UNLOCK TABLES;

--
-- Table structure for table `peregrine_app_airlinecompany`
--

DROP TABLE IF EXISTS `peregrine_app_airlinecompany`;
/*!40101 SET @saved_cs_client     = @@character_set_client */;
/*!40101 SET character_set_client = utf8 */;
CREATE TABLE `peregrine_app_airlinecompany` (
  `id` bigint(20) NOT NULL AUTO_INCREMENT,
  `name` varchar(255) NOT NULL,
  `country_id_id` bigint(20) NOT NULL,
  `user_id_id` int(11) NOT NULL,
  PRIMARY KEY (`id`),
  UNIQUE KEY `name` (`name`),
  UNIQUE KEY `user_id_id` (`user_id_id`),
  KEY `peregrine_app_airlin_country_id_id_4ece0af6_fk_peregrine` (`country_id_id`),
  CONSTRAINT `peregrine_app_airlin_country_id_id_4ece0af6_fk_peregrine` FOREIGN KEY (`country_id_id`) REFERENCES `peregrine_app_country` (`id`),
  CONSTRAINT `peregrine_app_airlinecompany_user_id_id_b9621f0b_fk_auth_user_id` FOREIGN KEY (`user_id_id`) REFERENCES `auth_user` (`id`)
) ENGINE=InnoDB AUTO_INCREMENT=35 DEFAULT CHARSET=latin1;
/*!40101 SET character_set_client = @saved_cs_client */;

--
-- Dumping data for table `peregrine_app_airlinecompany`
--

LOCK TABLES `peregrine_app_airlinecompany` WRITE;
/*!40000 ALTER TABLE `peregrine_app_airlinecompany` DISABLE KEYS */;
INSERT INTO `peregrine_app_airlinecompany` VALUES (1,'WizzAir',98,68),(3,'British Airways',74,74),(5,'Lufthansa',54,78),(6,'AirFrance',72,142),(7,'QatarAirways',184,143),(8,'JapanAirlines',112,144),(10,'Emirates',2,153),(12,'Turkish Airlines',220,160),(13,'All Nippon Airways',107,161),(18,'SwissAirlines',41,167),(21,'SingaporeAirlines',195,331),(27,'BangkokAirways',213,338),(28,'AustrianAirlines',13,339),(29,'ThaiAirways',213,340),(30,'JetBlue',228,341),(31,'AirCanada',36,342),(32,'AeganAirlines',86,343),(33,'EthiopianAirlines',66,344),(34,'VietnamAirlines',236,345);
/*!40000 ALTER TABLE `peregrine_app_airlinecompany` ENABLE KEYS */;
UNLOCK TABLES;

--
-- Table structure for table `peregrine_app_country`
--

DROP TABLE IF EXISTS `peregrine_app_country`;
/*!40101 SET @saved_cs_client     = @@character_set_client */;
/*!40101 SET character_set_client = utf8 */;
CREATE TABLE `peregrine_app_country` (
  `id` bigint(20) NOT NULL AUTO_INCREMENT,
  `name` varchar(100) NOT NULL,
  PRIMARY KEY (`id`),
  UNIQUE KEY `name` (`name`)
) ENGINE=InnoDB AUTO_INCREMENT=246 DEFAULT CHARSET=latin1;
/*!40101 SET character_set_client = @saved_cs_client */;

--
-- Dumping data for table `peregrine_app_country`
--

LOCK TABLES `peregrine_app_country` WRITE;
/*!40000 ALTER TABLE `peregrine_app_country` DISABLE KEYS */;
INSERT INTO `peregrine_app_country` VALUES (3,'Afghanistan'),(6,'Albania'),(59,'Algeria'),(12,'American Samoa'),(1,'Andorra'),(9,'Angola'),(5,'Anguilla'),(10,'Antarctica'),(4,'Antigua and Barbuda'),(11,'Argentina'),(7,'Armenia'),(15,'Aruba'),(14,'Australia'),(13,'Austria'),(16,'Azerbaijan'),(30,'Bahamas'),(23,'Bahrain'),(19,'Bangladesh'),(18,'Barbados'),(34,'Belarus'),(20,'Belgium'),(35,'Belize'),(25,'Benin'),(26,'Bermuda'),(31,'Bhutan'),(28,'Bolivia'),(17,'Bosnia and Herzegovina'),(33,'Botswana'),(32,'Bouvet Island'),(29,'Brazil'),(104,'British Indian Ocean Territory'),(234,'British Virgin Islands'),(27,'Brunei'),(22,'Bulgaria'),(21,'Burkina Faso'),(24,'Burundi'),(115,'Cambodia'),(45,'Cameroon'),(36,'Canada'),(50,'Cape Verde'),(122,'Cayman Islands'),(39,'Central African Republic'),(210,'Chad'),(44,'Chile'),(46,'China'),(51,'Christmas Island'),(37,'Cocos [Keeling] Islands'),(47,'Colombia'),(117,'Comoros'),(38,'Congo [DRC]'),(40,'Congo [Republic]'),(43,'Cook Islands'),(48,'Costa Rica'),(42,'Cte d\'Ivoire'),(96,'Croatia'),(49,'Cuba'),(52,'Cyprus'),(53,'Czech Republic'),(56,'Denmark'),(55,'Djibouti'),(57,'Dominica'),(58,'Dominican Republic'),(60,'Ecuador'),(62,'Egypt'),(206,'El Salvador'),(85,'Equatorial Guinea'),(64,'Eritrea'),(61,'Estonia'),(66,'Ethiopia'),(69,'Falkland Islands [Islas Malvinas]'),(71,'Faroe Islands'),(68,'Fiji'),(67,'Finland'),(72,'France'),(77,'French Guiana'),(172,'French Polynesia'),(211,'French Southern Territories'),(73,'Gabon'),(82,'Gambia'),(92,'Gaza Strip'),(76,'Georgia'),(54,'Germany'),(79,'Ghana'),(80,'Gibraltar'),(86,'Greece'),(81,'Greenland'),(75,'Grenada'),(84,'Guadeloupe'),(89,'Guam'),(88,'Guatemala'),(78,'Guernsey'),(83,'Guinea'),(90,'Guinea-Bissau'),(91,'Guyana'),(97,'Haiti'),(94,'Heard Island and McDonald Islands'),(95,'Honduras'),(93,'Hong Kong'),(98,'Hungary'),(107,'Iceland'),(103,'India'),(99,'Indonesia'),(106,'Iran'),(105,'Iraq'),(100,'Ireland'),(102,'Isle of Man'),(101,'Israel'),(108,'Italy'),(110,'Jamaica'),(112,'Japan'),(109,'Jersey'),(111,'Jordan'),(123,'Kazakhstan'),(113,'Kenya'),(116,'Kiribati'),(240,'Kosovo'),(121,'Kuwait'),(114,'Kyrgyzstan'),(124,'Laos'),(133,'Latvia'),(125,'Lebanon'),(130,'Lesotho'),(129,'Liberia'),(134,'Libya'),(127,'Liechtenstein'),(131,'Lithuania'),(132,'Luxembourg'),(145,'Macau'),(141,'Macedonia [FYROM]'),(139,'Madagascar'),(153,'Malawi'),(155,'Malaysia'),(152,'Maldives'),(142,'Mali'),(150,'Malta'),(140,'Marshall Islands'),(147,'Martinique'),(148,'Mauritania'),(151,'Mauritius'),(242,'Mayotte'),(154,'Mexico'),(70,'Micronesia'),(137,'Moldova'),(136,'Monaco'),(144,'Mongolia'),(138,'Montenegro'),(149,'Montserrat'),(135,'Morocco'),(156,'Mozambique'),(143,'Myanmar [Burma]'),(157,'Namibia'),(166,'Nauru'),(165,'Nepal'),(163,'Netherlands'),(8,'Netherlands Antilles'),(158,'New Caledonia'),(168,'New Zealand'),(162,'Nicaragua'),(159,'Niger'),(161,'Nigeria'),(167,'Niue'),(160,'Norfolk Island'),(119,'North Korea'),(146,'Northern Mariana Islands'),(164,'Norway'),(169,'Oman'),(175,'Pakistan'),(182,'Palau'),(180,'Palestinian Territories'),(170,'Panama'),(173,'Papua New Guinea'),(183,'Paraguay'),(171,'Peru'),(174,'Philippines'),(178,'Pitcairn Islands'),(176,'Poland'),(181,'Portugal'),(179,'Puerto Rico'),(184,'Qatar'),(185,'Runion'),(186,'Romania'),(188,'Russia'),(189,'Rwanda'),(196,'Saint Helena'),(118,'Saint Kitts and Nevis'),(126,'Saint Lucia'),(177,'Saint Pierre and Miquelon'),(232,'Saint Vincent and the Grenadines'),(239,'Samoa'),(201,'San Marino'),(205,'So Tom and Prncipe'),(190,'Saudi Arabia'),(202,'Senegal'),(187,'Serbia'),(192,'Seychelles'),(200,'Sierra Leone'),(195,'Singapore'),(199,'Slovakia'),(197,'Slovenia'),(191,'Solomon Islands'),(203,'Somalia'),(243,'South Africa'),(87,'South Georgia and the South Sandwich Islands'),(120,'South Korea'),(65,'Spain'),(128,'Sri Lanka'),(193,'Sudan'),(204,'Suriname'),(198,'Svalbard and Jan Mayen'),(208,'Swaziland'),(194,'Sweden'),(41,'Switzerland'),(207,'Syria'),(223,'Taiwan'),(214,'Tajikistan'),(224,'Tanzania'),(213,'Thailand'),(216,'Timor-Leste'),(212,'Togo'),(215,'Tokelau'),(219,'Tonga'),(221,'Trinidad and Tobago'),(218,'Tunisia'),(220,'Turkey'),(217,'Turkmenistan'),(209,'Turks and Caicos Islands'),(222,'Tuvalu'),(227,'U.S. Minor Outlying Islands'),(235,'U.S. Virgin Islands'),(226,'Uganda'),(225,'Ukraine'),(2,'United Arab Emirates'),(74,'United Kingdom'),(228,'United States'),(229,'Uruguay'),(230,'Uzbekistan'),(237,'Vanuatu'),(231,'Vatican City'),(233,'Venezuela'),(236,'Vietnam'),(238,'Wallis and Futuna'),(63,'Western Sahara'),(241,'Yemen'),(244,'Zambia'),(245,'Zimbabwe');
/*!40000 ALTER TABLE `peregrine_app_country` ENABLE KEYS */;
UNLOCK TABLES;

--
-- Table structure for table `peregrine_app_customer`
--

DROP TABLE IF EXISTS `peregrine_app_customer`;
/*!40101 SET @saved_cs_client     = @@character_set_client */;
/*!40101 SET character_set_client = utf8 */;
CREATE TABLE `peregrine_app_customer` (
  `id` bigint(20) NOT NULL AUTO_INCREMENT,
  `first_name` varchar(255) NOT NULL,
  `last_name` varchar(255) NOT NULL,
  `address` varchar(255) NOT NULL,
  `phone_no` varchar(255) NOT NULL,
  `credit_card_no` varchar(255) NOT NULL,
  `user_id_id` int(11) NOT NULL,
  PRIMARY KEY (`id`),
  UNIQUE KEY `phone_no` (`phone_no`),
  UNIQUE KEY `credit_card_no` (`credit_card_no`),
  UNIQUE KEY `user_id_id` (`user_id_id`),
  CONSTRAINT `peregrine_app_customer_user_id_id_0e5fcd6a_fk_auth_user_id` FOREIGN KEY (`user_id_id`) REFERENCES `auth_user` (`id`)
) ENGINE=InnoDB AUTO_INCREMENT=216 DEFAULT CHARSET=latin1;
/*!40101 SET character_set_client = @saved_cs_client */;

--
-- Dumping data for table `peregrine_app_customer`
--

LOCK TABLES `peregrine_app_customer` WRITE;
/*!40000 ALTER TABLE `peregrine_app_customer` DISABLE KEYS */;
INSERT INTO `peregrine_app_customer` VALUES (30,'John','Baker','456 Oak Ave','555-560934','5678-9012-3456-7890',99),(32,'Emily','Baker','123 Main St','555-98452','1223-5678-9012-3346',101),(33,'Michael','Simpson','789 Elm St','5235-56734','9876-5432-1098-7654',102),(56,'Jonah','Hills','123 Maple St','777-123234','1234-56-902342-3456',125),(68,'Julie','Roger','183 Main St','247-222973','1254-9090-9023-3456',175),(69,'Yasir','Alqasim','163 Main St','5665-1634','1004-5698-1012-3456',176),(70,'Roger','Morris','alparque 234','4398-2344','3452-2525-6753-3451',178),(71,'Kenny','Rogers','palm st 234','32948-23449','5644-2662-6098-4682',179),(72,'Lorenzo','Muati','123 ellem st','092834233','2345-7684-2345-7895',180),(73,'Marwan','Mousa','123 alexandria st','32908423','3455-7657-8976-4536',181),(74,'Venny','Jones','123 pablo st','234987425','9877-5675-9076-3453',182),(75,'Bonnie','Clyde','145 richarlson st','2430598346','3453-2352-8567-3466',183),(76,'Lucas','Mora','blaze avenue 129 st','234987523','2345-2342-6644-8447',184),(77,'Rodney','Juan','blaze avenue 129 st','34568933','2345-2345-6224-8427',185),(78,'Layla','Najjar','blaze avenue 129 st','345689253','2344-2115-6124-8427',186),(80,'Junior','Lucas','675 Baker st','345747468','3456-4567-2355-3456',188),(81,'Warren','Gerard','675 Baker st','345747423','3456-3367-2355-3456',189),(82,'Leslie','ryan','675 Baker st','34574222','3456-3367-2355-3422',190),(83,'Bobby','Joe','195 marylin st','3405983334','3456-2345-2356-5654',191),(84,'William','Jones','192 martin lk st','32459852','3456-3632-8564-4578',192),(85,'Maggie','Dawson','192 martin lk st','23242356','3456-3342-6664-4578',193),(87,'Morin','Rogers','192 martin lk st','23123535','1111-3342-6664-999',195),(88,'Joe','Frazer','238 thomas avenue','239586234','2348-3456-8453-6784',196),(89,'Billy','Joel','238 thomas avenue','345346435','2348-3456-8153-6004',197),(90,'Jamie','Fox','124 wergos st','23563573','2345-8563-4577-2355',198),(91,'Johnny','Nash','124 wergos st','23523573','2345-8563-3337-2355',199),(92,'Draymond','Green','12 rockfella st','230988745','9856-3457-9867-3457',200),(93,'Megan','Johns','120 peckerwood st','349876542','9584-3948-8475-9823',201),(94,'Lewis','Jeffrson','176 Malcom st','98475632','6474-8743-8274-9879',202),(96,'Elias','Mousa','1256 Rama st','0945856334','0934-9833-9384-3467',204),(97,'Morris','Mousa','1256 Rama st','09422234','0934-2222-9384-3467',205),(98,'Reneh','Ayoub','29 popo st','90483532','0298-2348-8988-2345',206),(99,'Brighton','Malik','172 queen elisabeth st','934857232','9837-9856-8342-9875',207),(100,'Zain','Malik','823 jeremie st','983475225','0982-2897-0987-3678',208),(101,'Marie','Clair','127 jenvieve st','983475222','4357-2342-7454-8674',209),(103,'Rizik','Endrawes','124 Rama avenue','439857928','3456-8644-3468-4573',211),(104,'Harry','Potter','874 hogwarts st','09847352223','0984-2345-9845-3498',212),(105,'Muhammed','Ali','873 giza st','9847525249','9345-9832-0984-3409',213),(107,'Romeo','Juarez','23 el pasito st','987435366','9833-4563-3462-6734',215),(108,'Romero','Johnson','23 el pasito st','987435345','9833-4777-3462-6734',216),(109,'Barbara','Streisend','873 lincoln st','987745366','0983-3467-5235-6984',217),(110,'Salama','Hadi','287 Kfr Sways st','982734792','9873-4387-2398-9023',218),(111,'Saeed','Saleh','348 cairo st','9834753232','4352-5235-6343-2355',219),(112,'Rojeh','Ayoub','8734 hatzinor st','983745322','8745-2352-6435-3452',220),(113,'Younes','Shalabi','872 rafael st','987534532','0984-3485-9807-2684',221),(114,'Rowan','Atkinson','873 philip st','98723425','9873-9498-0988-3482',222),(116,'Ahmad','AbdelQader','487 achaf st','3242567345','3456-2342-2345-5454',224),(117,'Porter','Robinson','783 geneva st','98739402','9870-9802-9874-6573',225),(119,'Melinda','James','873 buffalo st','982374252','9834-9834-8781-9892',227),(120,'Rawad','Nelson','872 jefferson st','982374928','9023-3425-8545-9854',228),(121,'Bill','Burr','1298 maryland st','0928345023','0938-2345-7474-3637',229),(122,'Randy','Marsh','83 colorado st','998374254','9873-0982-7876-0983',230),(123,'Eric','Cartman','328 colodrado st','98973459','9834-0984-2873-2498',231),(124,'Butters','Stotch','983 ireland st','98273425','9893-7974-0983-3482',232),(125,'Wendy','Testeburger','398 maryland st','984753422','2345-5666-5454-0973',233),(126,'Leonardo','Angelo','324 bellingham st','234987925','9834-5324-5267-8563',234),(128,'Benny','Blanco','834 ericson st','23887462','8763-0984-6764-2314',236),(129,'Alexis','Sanchez','387 al puerto st','984375932','9873-2345-7564-2469',237),(130,'Franco','James','874 saint george st','938274924','9843-2864-0904-4536',238),(131,'Johnson','Magic','34 cremson blv','987234252','0984-3434-6456-2345',239),(132,'Michael','Jefferson','234 ellem st','0982345242','0934-2334-7658-2546',240),(133,'Marion','Layto','923 kenzy st','987234234','2345-2425-6454-3636',241),(134,'Luka','Cage','487 56th avenue','98345360','0934-4562-7686-3463',242),(136,'Brian','Joseph','83 5th street','9384753645','3453-7474-2948-0345',244),(137,'Bjorson','Jimey','23 stikrost st','298749225','0982-5254-4577-6346',245),(138,'Jospeh','Magdi','123 cairo st','9872352352','9873-3532-2536-2453',246),(139,'Mario','Magdi','123 cairo st','987233352','9873-2222-2536-2453',247),(140,'Marion','Magdi','123 cairo st','987000352','9873-2002-2536-2453',248),(141,'Bradley','Martyn','234 lechtinstein st','98473523452','9834-9545-2378-0023',249),(142,'Geoffrey','Blake','234 lechtinstein st','9845675452','9834-9567-2568-0023',250),(144,'Ferran','Torres','873 barca st','982734234','9872-2525-7457-3466',252),(146,'Renato','Sanchez','234 illinoi st','23987424234','9823-6474-4764-8568',254),(147,'Renato','Parpor','234 illinoi st','9872424234','9823-6422-4764-8228',255),(149,'Wallace','Junior','234 lincoln st','897492425','9873-4567-2784-3467',257),(150,'Alina','Stoyksvi','323 lexicon st','293847523','9879-3245-2354-6357',258),(152,'Nisreen','Iskander','233 nazareth st','234987254','3425-6363-6457-8543',260),(153,'Raymond','Jeff','387 braxton st','98374539','3467-3474-7877-4390',261),(155,'Polina','Isakov','234 valdimir st','439337349','9874-2333-3634-4645',263),(159,'Silvia','Joe','324 park avenue','83345435','5467-5134-7448-2452',267),(163,'Jeff','Bezous','234 kane avenue','29874234','4783-3452-3536-3536',271),(169,'Falafel','Awad','23 kfr yasif st','9438573948','0934-2525-2534-5657',277),(174,'Jerome','Klinger','23 pouvair st','9834753459','9854-3456-2776-3467',282),(181,'William','Butcher','234 darren park','89237429','9874-2356-7453-3737',289),(183,'Jane','Johnson','88 maryl st','987293473','9873-3553-3534-2598',291),(209,'Martin','Richie','982 sunset blv','982734235','9345-2502-3548-9783',317),(210,'Martin','Richie','982 sunset blv','982567435','9345-1111-3548-9783',318),(213,'Rashid','Smith','293 sunset blv','9872342545','9345-0923-4378-3478',321),(214,'Maxim','Lipsky','324 stanislav','893745256','9845-3459-5959-4598',322),(215,'Luciel','Jefferson','48 Starling st','903846563','0984-4747-3879-3468',353);
/*!40000 ALTER TABLE `peregrine_app_customer` ENABLE KEYS */;
UNLOCK TABLES;

--
-- Table structure for table `peregrine_app_flight`
--

DROP TABLE IF EXISTS `peregrine_app_flight`;
/*!40101 SET @saved_cs_client     = @@character_set_client */;
/*!40101 SET character_set_client = utf8 */;
CREATE TABLE `peregrine_app_flight` (
  `id` bigint(20) NOT NULL AUTO_INCREMENT,
  `departure_time` datetime(6) NOT NULL,
  `landing_time` datetime(6) NOT NULL,
  `remaining_tickets` int(11) NOT NULL,
  `airline_company_id_id` bigint(20) NOT NULL,
  `destination_country_id_id` bigint(20) NOT NULL,
  `origin_country_id_id` bigint(20) NOT NULL,
  PRIMARY KEY (`id`),
  KEY `peregrine_app_flight_airline_company_id_i_c59b39d4_fk_peregrine` (`airline_company_id_id`),
  KEY `peregrine_app_flight_destination_country__125f60c4_fk_peregrine` (`destination_country_id_id`),
  KEY `peregrine_app_flight_origin_country_id_id_0ea8a293_fk_peregrine` (`origin_country_id_id`),
  CONSTRAINT `peregrine_app_flight_airline_company_id_i_c59b39d4_fk_peregrine` FOREIGN KEY (`airline_company_id_id`) REFERENCES `peregrine_app_airlinecompany` (`id`),
  CONSTRAINT `peregrine_app_flight_destination_country__125f60c4_fk_peregrine` FOREIGN KEY (`destination_country_id_id`) REFERENCES `peregrine_app_country` (`id`),
  CONSTRAINT `peregrine_app_flight_origin_country_id_id_0ea8a293_fk_peregrine` FOREIGN KEY (`origin_country_id_id`) REFERENCES `peregrine_app_country` (`id`)
) ENGINE=InnoDB AUTO_INCREMENT=237 DEFAULT CHARSET=latin1;
/*!40101 SET character_set_client = @saved_cs_client */;

--
-- Dumping data for table `peregrine_app_flight`
--

LOCK TABLES `peregrine_app_flight` WRITE;
/*!40000 ALTER TABLE `peregrine_app_flight` DISABLE KEYS */;
INSERT INTO `peregrine_app_flight` VALUES (122,'2023-04-25 21:48:00.000000','2023-04-26 02:42:00.000000',800,1,30,10),(123,'2023-04-25 13:53:00.000000','2023-04-25 21:53:00.000000',567,1,34,11),(125,'2023-04-22 21:48:00.000000','2023-04-23 03:48:00.000000',789,1,5,59),(126,'2023-04-24 18:15:00.000000','2023-04-25 02:16:00.000000',500,1,152,101),(129,'2023-04-25 16:31:00.000000','2023-04-25 20:31:00.000000',786,1,16,1),(130,'2023-04-25 16:31:00.000000','2023-04-25 20:31:00.000000',786,1,103,26),(131,'2023-04-25 16:31:00.000000','2023-04-25 20:31:00.000000',787,1,138,139),(132,'2023-05-04 20:49:00.000000','2023-05-05 04:49:00.000000',598,5,56,57),(133,'2023-06-07 20:49:00.000000','2023-06-08 04:49:00.000000',598,5,66,206),(134,'2023-06-07 20:49:00.000000','2023-06-08 04:49:00.000000',598,5,137,83),(135,'2023-06-07 20:49:00.000000','2023-06-08 06:49:00.000000',800,5,137,83),(136,'2023-06-07 20:49:00.000000','2023-06-08 00:49:00.000000',800,5,135,108),(137,'2023-06-07 20:49:00.000000','2023-06-08 00:49:00.000000',800,5,150,108),(138,'2023-06-07 20:49:00.000000','2023-06-08 02:49:00.000000',800,5,164,108),(139,'2023-06-14 14:45:00.000000','2023-06-14 19:45:00.000000',600,31,96,74),(140,'2023-06-14 11:45:00.000000','2023-06-14 14:45:00.000000',400,31,52,220),(141,'2023-06-14 11:45:00.000000','2023-06-14 17:45:00.000000',600,31,46,213),(142,'2023-06-14 11:45:00.000000','2023-06-14 17:45:00.000000',600,31,13,121),(143,'2023-06-14 11:45:00.000000','2023-06-14 15:45:00.000000',600,31,13,54),(144,'2023-06-16 11:45:00.000000','2023-06-16 15:45:00.000000',600,31,59,86),(145,'2023-06-16 11:45:00.000000','2023-06-16 15:45:00.000000',540,31,34,108),(146,'2023-06-16 11:45:00.000000','2023-06-16 15:45:00.000000',450,31,13,98),(147,'2023-06-21 11:54:00.000000','2023-06-21 19:54:00.000000',800,21,22,195),(148,'2023-06-21 11:54:00.000000','2023-06-21 15:54:00.000000',550,21,96,199),(149,'2023-06-21 11:54:00.000000','2023-06-21 15:54:00.000000',600,21,96,220),(150,'2023-06-21 11:54:00.000000','2023-06-21 15:54:00.000000',600,21,72,195),(151,'2023-06-21 11:54:00.000000','2023-06-21 15:54:00.000000',600,21,195,190),(152,'2023-06-21 11:54:00.000000','2023-06-21 15:54:00.000000',800,21,195,188),(153,'2023-06-18 11:57:00.000000','2023-06-18 14:57:00.000000',450,30,22,7),(154,'2023-06-18 11:57:00.000000','2023-06-18 23:57:00.000000',800,30,36,7),(155,'2023-06-18 11:57:00.000000','2023-06-18 16:57:00.000000',800,30,46,115),(156,'2023-06-18 11:57:00.000000','2023-06-18 14:57:00.000000',450,30,62,64),(157,'2023-06-18 11:57:00.000000','2023-06-18 14:57:00.000000',450,30,72,136),(158,'2023-06-18 11:57:00.000000','2023-06-18 18:57:00.000000',800,30,79,163),(159,'2023-06-18 11:57:00.000000','2023-06-18 16:57:00.000000',600,30,79,161),(160,'2023-06-24 12:01:00.000000','2023-06-24 16:01:00.000000',550,32,34,20),(161,'2023-06-24 12:01:00.000000','2023-06-24 15:01:00.000000',500,32,22,20),(162,'2023-06-24 12:01:00.000000','2023-06-24 16:01:00.000000',500,32,60,29),(163,'2023-06-24 12:01:00.000000','2023-06-24 18:01:00.000000',500,32,60,48),(164,'2023-06-24 12:01:00.000000','2023-06-24 18:01:00.000000',700,32,62,40),(165,'2023-06-24 12:01:00.000000','2023-06-24 18:01:00.000000',700,32,66,79),(166,'2023-06-06 12:04:00.000000','2023-06-07 00:04:00.000000',799,28,14,13),(167,'2023-06-06 12:04:00.000000','2023-06-06 16:04:00.000000',599,28,34,13),(168,'2023-06-06 12:04:00.000000','2023-06-06 16:04:00.000000',600,28,22,13),(169,'2023-06-06 12:04:00.000000','2023-06-06 15:04:00.000000',500,28,13,53),(170,'2023-06-06 12:04:00.000000','2023-06-06 17:04:00.000000',699,28,13,111),(171,'2023-06-06 15:04:00.000000','2023-06-06 22:04:00.000000',700,28,13,101),(172,'2023-06-06 15:04:00.000000','2023-06-06 18:04:00.000000',500,28,13,54),(173,'2023-06-16 12:13:00.000000','2023-06-16 17:13:00.000000',700,33,59,66),(174,'2023-06-16 12:13:00.000000','2023-06-16 18:13:00.000000',700,33,13,66),(175,'2023-06-16 12:13:00.000000','2023-06-16 18:13:00.000000',600,33,39,66),(176,'2023-06-16 12:13:00.000000','2023-06-16 19:13:00.000000',700,33,106,66),(177,'2023-06-16 12:13:00.000000','2023-06-16 17:13:00.000000',450,33,153,66),(178,'2023-06-16 12:13:00.000000','2023-06-16 17:13:00.000000',550,33,66,79),(179,'2023-06-23 12:17:00.000000','2023-06-23 18:17:00.000000',700,27,103,115),(180,'2023-06-23 12:17:00.000000','2023-06-23 18:17:00.000000',700,27,223,115),(181,'2023-06-23 12:17:00.000000','2023-06-23 18:17:00.000000',600,27,223,214),(182,'2023-06-23 12:17:00.000000','2023-06-23 17:17:00.000000',500,27,223,236),(183,'2023-06-23 12:17:00.000000','2023-06-23 20:17:00.000000',800,27,46,99),(184,'2023-06-23 12:17:00.000000','2023-06-23 18:17:00.000000',600,27,46,195),(185,'2023-06-26 12:23:00.000000','2023-06-26 16:23:00.000000',450,29,223,213),(186,'2023-06-26 12:23:00.000000','2023-06-26 23:23:00.000000',800,29,218,213),(187,'2023-06-26 06:23:00.000000','2023-06-26 19:23:00.000000',800,29,213,220),(188,'2023-06-26 06:23:00.000000','2023-06-26 19:23:00.000000',800,29,213,74),(189,'2023-06-26 06:23:00.000000','2023-06-26 14:23:00.000000',700,29,213,230),(190,'2023-06-26 06:23:00.000000','2023-06-26 14:23:00.000000',550,29,220,230),(191,'2023-06-26 06:23:00.000000','2023-06-26 13:23:00.000000',500,29,213,174),(192,'2023-06-26 06:23:00.000000','2023-06-26 13:23:00.000000',650,29,128,174),(193,'2023-06-18 12:26:00.000000','2023-06-18 17:26:00.000000',650,10,62,59),(194,'2023-06-18 12:26:00.000000','2023-06-18 17:26:00.000000',650,10,72,59),(195,'2023-06-18 12:26:00.000000','2023-06-18 15:26:00.000000',650,10,2,125),(196,'2023-06-18 12:26:00.000000','2023-06-18 17:26:00.000000',700,10,74,2),(197,'2023-06-18 12:26:00.000000','2023-06-18 16:26:00.000000',550,10,241,2),(198,'2023-06-18 12:26:00.000000','2023-06-18 15:26:00.000000',550,10,241,190),(199,'2023-06-18 12:26:00.000000','2023-06-18 16:26:00.000000',550,10,2,190),(200,'2023-06-29 15:30:00.000000','2023-06-29 19:30:00.000000',550,8,120,112),(201,'2023-06-29 15:30:00.000000','2023-06-29 22:30:00.000000',750,8,213,112),(202,'2023-06-29 15:30:00.000000','2023-06-29 20:30:00.000000',650,8,46,112),(203,'2023-06-29 15:30:00.000000','2023-06-29 23:30:00.000000',800,8,53,112),(204,'2023-06-29 15:30:00.000000','2023-06-29 19:30:00.000000',500,8,93,112),(205,'2023-06-29 15:30:00.000000','2023-06-29 21:30:00.000000',700,8,112,155),(206,'2023-06-27 12:33:00.000000','2023-06-27 15:33:00.000000',650,7,190,184),(207,'2023-06-27 12:33:00.000000','2023-06-27 18:33:00.000000',800,7,194,184),(208,'2023-06-27 12:33:00.000000','2023-06-27 18:33:00.000000',800,7,184,194),(209,'2023-06-27 12:33:00.000000','2023-06-27 17:33:00.000000',650,7,184,41),(210,'2023-06-27 12:33:00.000000','2023-06-27 16:33:00.000000',650,7,184,62),(211,'2023-06-27 12:33:00.000000','2023-06-27 17:33:00.000000',700,7,184,54),(212,'2023-06-27 12:33:00.000000','2023-06-27 17:33:00.000000',650,7,190,108),(215,'2023-06-16 07:36:00.000000','2023-06-16 11:36:00.000000',450,18,53,41),(216,'2023-06-16 07:36:00.000000','2023-06-16 12:36:00.000000',549,18,96,41),(217,'2023-06-16 07:36:00.000000','2023-06-16 10:36:00.000000',549,18,13,41),(218,'2023-06-16 07:36:00.000000','2023-06-16 16:36:00.000000',750,18,36,41),(219,'2023-06-16 07:36:00.000000','2023-06-16 16:36:00.000000',750,18,41,199),(220,'2023-06-16 07:36:00.000000','2023-06-16 11:36:00.000000',500,18,41,163),(221,'2023-06-16 07:36:00.000000','2023-06-16 11:36:00.000000',500,18,164,163),(222,'2023-06-16 07:36:00.000000','2023-06-16 13:36:00.000000',700,18,135,163),(223,'2023-06-16 07:36:00.000000','2023-06-16 13:36:00.000000',600,18,135,186),(224,'2023-06-20 12:41:00.000000','2023-06-20 17:41:00.000000',650,12,41,220),(225,'2023-06-20 12:41:00.000000','2023-06-20 17:41:00.000000',600,12,218,220),(226,'2023-06-20 12:41:00.000000','2023-06-20 17:41:00.000000',699,12,74,220),(227,'2023-06-20 12:41:00.000000','2023-06-20 15:41:00.000000',549,12,190,220),(228,'2023-06-20 12:41:00.000000','2023-06-21 01:41:00.000000',849,12,220,228),(229,'2023-06-20 12:41:00.000000','2023-06-20 17:41:00.000000',599,12,220,241),(230,'2023-06-20 12:41:00.000000','2023-06-20 19:41:00.000000',749,12,220,168),(231,'2023-06-06 12:44:00.000000','2023-06-07 01:44:00.000000',850,13,13,11),(232,'2023-06-06 12:44:00.000000','2023-06-07 01:44:00.000000',850,13,20,11),(233,'2023-06-06 12:44:00.000000','2023-06-06 16:44:00.000000',650,13,44,29),(234,'2023-06-06 12:44:00.000000','2023-06-07 03:44:00.000000',850,13,54,29),(235,'2023-06-06 12:44:00.000000','2023-06-06 17:44:00.000000',650,13,101,20),(236,'2023-06-06 12:44:00.000000','2023-06-06 20:44:00.000000',850,13,154,20);
/*!40000 ALTER TABLE `peregrine_app_flight` ENABLE KEYS */;
UNLOCK TABLES;

--
-- Table structure for table `peregrine_app_ticket`
--

DROP TABLE IF EXISTS `peregrine_app_ticket`;
/*!40101 SET @saved_cs_client     = @@character_set_client */;
/*!40101 SET character_set_client = utf8 */;
CREATE TABLE `peregrine_app_ticket` (
  `id` bigint(20) NOT NULL AUTO_INCREMENT,
  `customer_id_id` bigint(20) NOT NULL,
  `flight_id_id` bigint(20) NOT NULL,
  PRIMARY KEY (`id`),
  KEY `peregrine__idx` (`customer_id_id`),
  KEY `peregrine_1_idx` (`flight_id_id`),
  CONSTRAINT `peregrine_` FOREIGN KEY (`customer_id_id`) REFERENCES `peregrine_app_customer` (`id`) ON DELETE NO ACTION ON UPDATE NO ACTION,
  CONSTRAINT `peregrine_1` FOREIGN KEY (`flight_id_id`) REFERENCES `peregrine_app_flight` (`id`) ON DELETE NO ACTION ON UPDATE NO ACTION
) ENGINE=InnoDB AUTO_INCREMENT=114 DEFAULT CHARSET=latin1;
/*!40101 SET character_set_client = @saved_cs_client */;

--
-- Dumping data for table `peregrine_app_ticket`
--

LOCK TABLES `peregrine_app_ticket` WRITE;
/*!40000 ALTER TABLE `peregrine_app_ticket` DISABLE KEYS */;
INSERT INTO `peregrine_app_ticket` VALUES (92,214,130),(93,214,129),(97,72,132),(98,72,133),(99,72,134),(100,72,230),(101,72,229),(102,72,228),(103,214,132),(104,214,133),(105,214,134),(106,214,217),(107,214,216),(108,163,166),(109,163,167),(110,163,170),(111,163,227),(112,163,226);
/*!40000 ALTER TABLE `peregrine_app_ticket` ENABLE KEYS */;
UNLOCK TABLES;

--
-- Table structure for table `token_blacklist_blacklistedtoken`
--

DROP TABLE IF EXISTS `token_blacklist_blacklistedtoken`;
/*!40101 SET @saved_cs_client     = @@character_set_client */;
/*!40101 SET character_set_client = utf8 */;
CREATE TABLE `token_blacklist_blacklistedtoken` (
  `id` bigint(20) NOT NULL AUTO_INCREMENT,
  `blacklisted_at` datetime(6) NOT NULL,
  `token_id` bigint(20) NOT NULL,
  PRIMARY KEY (`id`),
  UNIQUE KEY `token_id` (`token_id`),
  CONSTRAINT `token_blacklist_blacklistedtoken_token_id_3cc7fe56_fk` FOREIGN KEY (`token_id`) REFERENCES `token_blacklist_outstandingtoken` (`id`)
) ENGINE=InnoDB DEFAULT CHARSET=latin1;
/*!40101 SET character_set_client = @saved_cs_client */;

--
-- Dumping data for table `token_blacklist_blacklistedtoken`
--

LOCK TABLES `token_blacklist_blacklistedtoken` WRITE;
/*!40000 ALTER TABLE `token_blacklist_blacklistedtoken` DISABLE KEYS */;
/*!40000 ALTER TABLE `token_blacklist_blacklistedtoken` ENABLE KEYS */;
UNLOCK TABLES;

--
-- Table structure for table `token_blacklist_outstandingtoken`
--

DROP TABLE IF EXISTS `token_blacklist_outstandingtoken`;
/*!40101 SET @saved_cs_client     = @@character_set_client */;
/*!40101 SET character_set_client = utf8 */;
CREATE TABLE `token_blacklist_outstandingtoken` (
  `id` bigint(20) NOT NULL AUTO_INCREMENT,
  `token` longtext NOT NULL,
  `created_at` datetime(6) DEFAULT NULL,
  `expires_at` datetime(6) NOT NULL,
  `user_id` int(11) DEFAULT NULL,
  `jti` varchar(255) NOT NULL,
  PRIMARY KEY (`id`),
  UNIQUE KEY `token_blacklist_outstandingtoken_jti_hex_d9bdf6f7_uniq` (`jti`),
  KEY `token_blacklist_outs_user_id_83bc629a_fk_auth_user` (`user_id`),
  CONSTRAINT `token_blacklist_outs_user_id_83bc629a_fk_auth_user` FOREIGN KEY (`user_id`) REFERENCES `auth_user` (`id`)
) ENGINE=InnoDB DEFAULT CHARSET=latin1;
/*!40101 SET character_set_client = @saved_cs_client */;

--
-- Dumping data for table `token_blacklist_outstandingtoken`
--

LOCK TABLES `token_blacklist_outstandingtoken` WRITE;
/*!40000 ALTER TABLE `token_blacklist_outstandingtoken` DISABLE KEYS */;
/*!40000 ALTER TABLE `token_blacklist_outstandingtoken` ENABLE KEYS */;
UNLOCK TABLES;
/*!40103 SET TIME_ZONE=@OLD_TIME_ZONE */;

/*!40101 SET SQL_MODE=@OLD_SQL_MODE */;
/*!40014 SET FOREIGN_KEY_CHECKS=@OLD_FOREIGN_KEY_CHECKS */;
/*!40014 SET UNIQUE_CHECKS=@OLD_UNIQUE_CHECKS */;
/*!40101 SET CHARACTER_SET_CLIENT=@OLD_CHARACTER_SET_CLIENT */;
/*!40101 SET CHARACTER_SET_RESULTS=@OLD_CHARACTER_SET_RESULTS */;
/*!40101 SET COLLATION_CONNECTION=@OLD_COLLATION_CONNECTION */;
/*!40111 SET SQL_NOTES=@OLD_SQL_NOTES */;

-- Dump completed on 2023-04-29 13:41:23
